target	v1	v2	disposition	note
advisory flag code	RESPONSE_BEARING_CATEGORY_DROPPED_BY_PRODUCER	RESPONSE_ASSESSMENT_CATEGORY_TITLE_DROPPED_BY_PRODUCER	RENAMED_SEMANTICS_CORRECTED	101 rows carried the v1 code; 101 rows carry the v2 code. Membership identical, count identical. The v1 name asserted RESPONDERS; the flag is computed from the verbatim title alone.
advisory flag description	The old extraction dropped a category that reports responders under its own criteria set.	The old (job-1) extraction dropped a category whose VERBATIM TITLE matches a response-assessment vocabulary (sCR, VGPR, CRh, CRi, CRu, CRmrd, nCR, MR, Non-CR/Non-PD, molecular response, MRD, ...). The flag is computed from the title string alone. It records only that a response-assessment category was dropped by the old extraction, so the loss is visible instead of silent. It does NOT state that those participants met any objective response definition, it does NOT classify them as responders, it does NOT fold any title into CR or PR, it is NOT an eligibility warrant, and it is NOT a numerator warrant. No cross-criteria numerator has been adjudicated.	REWORDED_CLAIM_WITHDRAWN	The responder claim is withdrawn. No objective-response assertion is made about any participant.
row column name	dropped_response_bearing_categories_with_values	dropped_response_assessment_category_titles_with_values	RENAMED_VALUES_UNCHANGED	Column position and every cell value byte-identical to v1.
inventory column name	response_bearing_title_flag	response_assessment_category_title_flag	RENAMED_VALUES_UNCHANGED	12 of 123 titles flagged `yes` in v1; the same 12 in v2.
row data values	(all 51 columns)	(all 51 columns)	UNCHANGED_BYTE_FOR_BYTE	Proven by check D8: reversing the identifier rename on the v2 rows file reproduces the v1 rows file's sha256 exactly.
column 26	job1_column26_original_label / job1_column26_value_carried_unchanged / evaluable_n_minus_reported_denominator	(same)	UNTOUCHED	The v1 column-26 treatment is correct and is carried without any change.
denominator + provenance	reported_denominator_participants / denominator_provenance	(same)	UNTOUCHED_POSITIVITY_NOW_CHECKED	Values and provenance carried verbatim. v2 adds an explicit positive-denominator check (D7) rather than relying on denominator_state == READ_FROM_SOURCE.
categories table	corrected-a-categories.tsv	corrected-a-v2-categories.tsv	COPIED_BYTE_IDENTICAL	3,123 records, 123 verbatim titles, no folding, no rename applies.
v1 directory	CORRECTED-A-denominator-category/	(untouched)	PRESERVED	Every v1 byte, and every original job-1 / leaf byte, left as delivered. v1's historical claims stand as the record of what was delivered; v2 does not rewrite them.
