v1_contradiction_code	v1_rows	v2_verdict	v2_register	why
A_NOT_REFUTED_WHILE_B_SET_UNRESOLVED	270	NOT_A_CONTRADICTION__CROSS_COMPONENT_STATUS	CROSS-COMPONENT-STATUS.tsv	Set-level semantic correspondence and row-level denominator/category structure are different axes; neither refutes the other.
A_NOT_REFUTED_WHILE_C_ARM_CANDIDATE	10	NOT_A_CONTRADICTION__CROSS_COMPONENT_STATUS	CROSS-COMPONENT-STATUS.tsv	Compatible statements on different axes; CANDIDATE is superseded by C2 states.
A_NOT_REFUTED_WHILE_C_ARM_CONFIRMED_TYPE_ONLY	25	NOT_A_CONTRADICTION__CROSS_COMPONENT_STATUS	CROSS-COMPONENT-STATUS.tsv	An absence of a found A defect and a weak C arm-evidence state are compatible; and CONFIRMED_TYPE_ONLY no longer exists as a C2 state.
A_NOT_REFUTED_WHILE_C_ARM_UNKNOWN_IN_THIS_CACHE	8	NOT_A_CONTRADICTION__CROSS_COMPONENT_STATUS	CROSS-COMPONENT-STATUS.tsv	An unknown is not a claim, so it cannot contradict one.
A_NOT_REFUTED_WHILE_C_ARM_UNRESOLVED	5	NOT_A_CONTRADICTION__CROSS_COMPONENT_STATUS	CROSS-COMPONENT-STATUS.tsv	An unresolved state is not a claim, so it cannot contradict one.
A_UNSUITABLE_WHILE_C_ARM_CONFIRMED	60	NOT_A_CONTRADICTION__CROSS_COMPONENT_CONSTRAINT	CROSS-COMPONENT-STATUS.tsv	v1 named it a contradiction and then conceded in the same paragraph that both statements are true about different axes. A confirmed arm on an uncomputable denominator is a CONSTRAINT, not an incompatibility. Under C2 the confirmed side is also narrower: only SOURCE_CONFIRMED counts, so the population of this combination changes.
C_CONTESTED_FLAG_PRESENT	7	GENUINE_CONTRADICTION__RETAINED	CONTRADICTIONS-genuine.tsv	Two source fields of the same record state incompatible things about the same object. C2 re-derives the flags, so the row population and count change; the flags are itemised rather than collapsed into one code.
C_SOLE_ARM_BUT_MULTIPLE_RESULTS_GROUPS	83	GENUINE_CONTRADICTION__RETAINED	CONTRADICTIONS-genuine.tsv	One registered arm and several results groups in one measure cannot both hold under any one-arm reading of that record.
ROW_NOT_ASSESSED_BY_B	94	NOT_A_CONTRADICTION__COVERAGE_GAP	CROSS-COMPONENT-STATUS.tsv (kind COVERAGE_GAP)	Silence from a component whose corpus never covered the row is a coverage gap. It is neither agreement nor disagreement.
