nct	selected_cohorts	sum_selected_denominators	registered_enrollment	enrollment_type	excess
NCT01572038	6	3587	1436	ACTUAL	2151
NCT00069095	4	3304	2035	ACTUAL	1269
NCT02599402	9	1640	533	ACTUAL	1107
NCT04680052	6	1202	654	ACTUAL	548
NCT02031458	4	1179	667	ACTUAL	512
NCT01621490	22	680	170	ACTUAL	510
NCT03096847	4	974	502	ACTUAL	472
NCT02872714	8	700	263	ACTUAL	437
NCT00806156	6	609	178	ACTUAL	431
NCT04282109	16	564	141	ACTUAL	423
NCT03195491	3	800	400	ACTUAL	400
NCT02404441	14	696	319	ACTUAL	377
NCT01928394	25	1533	1163	ACTUAL	370
NCT02872116	4	2394	2031	ACTUAL	363
NCT03248492	5	613	253	ACTUAL	360
NCT02848651	7	509	153	ACTUAL	356
NCT01024231	11	434	127	ACTUAL	307
NCT03001882	10	531	230	ACTUAL	301
NCT01078662	6	596	298	ACTUAL	298
NCT02910583	7	608	323	ACTUAL	285
NCT01909453	6	1201	921	ACTUAL	280
NCT03778229	6	642	367	ACTUAL	275
NCT00502307	2	544	272	ACTUAL	272
NCT01655693	4	660	397	ACTUAL	263
NCT01698918	3	454	202	ACTUAL	252
NCT02319044	4	514	267	ACTUAL	247
NCT03176238	3	470	235	ACTUAL	235
NCT00290771	3	462	231	ACTUAL	231
NCT01602315	10	408	179	ACTUAL	229
NCT03468426	9	476	252	ACTUAL	224
NCT01915498	15	558	345	ACTUAL	213
NCT01085136	3	1360	1154	ACTUAL	206
NCT02027428	3	622	427	ACTUAL	195
NCT02625623	3	556	371	ACTUAL	185
NCT02674568	2	525	342	ACTUAL	183
NCT02963493	3	331	157	ACTUAL	174
NCT00804856	18	350	180	ACTUAL	170
NCT02202746	3	346	178	ACTUAL	168
NCT02414139	12	533	373	ACTUAL	160
NCT04436107	14	226	66	ACTUAL	160
NCT00191152	4	633	475	ACTUAL	158
NCT01089413	4	356	201	ACTUAL	155
NCT02983799	9	423	272	ACTUAL	151
NCT01084863	4	286	143	ACTUAL	143
NCT01324830	22	207	69	ACTUAL	138
NCT01491672	4	268	134	ACTUAL	134
NCT02391116	8	201	67	ACTUAL	134
NCT02735980	6	266	133	ACTUAL	133
NCT04280081	9	207	77	ACTUAL	130
NCT02570308	3	273	146	ACTUAL	127
NCT03773302	6	174	48	ACTUAL	126
NCT00146172	6	198	73	ACTUAL	125
NCT03410693	4	300	175	ACTUAL	125
NCT04363801	9	368	247	ACTUAL	121
NCT01494506	4	536	417	ACTUAL	119
NCT00790400	3	230	118	ACTUAL	112
NCT00668148	6	222	113	ACTUAL	109
NCT01251536	4	216	108	ACTUAL	108
NCT01677858	6	220	116	ACTUAL	104
NCT01677741	10	184	85	ACTUAL	99
NCT01704287	5	638	540	ACTUAL	98
NCT00152477	4	262	165	ACTUAL	97
NCT03006926	2	200	104	ACTUAL	96
NCT01063907	6	190	95	ACTUAL	95
NCT03480646	12	268	175	ACTUAL	93
NCT00451555	4	246	156	ACTUAL	90
NCT02924376	5	236	147	ACTUAL	89
NCT03284957	18	225	136	ACTUAL	89
NCT01217957	3	153	65	ACTUAL	88
NCT02606461	6	429	342	ACTUAL	87
NCT04194944	3	344	261	ACTUAL	83
NCT00171834	8	170	89	ACTUAL	81
NCT02399085	2	160	81	ACTUAL	79
NCT00462761	13	152	76	ACTUAL	76
NCT02513472	3	334	258	ACTUAL	76
NCT02150967	2	216	143	ACTUAL	73
NCT02708680	4	162	89	ACTUAL	73
NCT03269136	21	174	101	ACTUAL	73
NCT04287868	4	124	51	ACTUAL	73
NCT01289041	3	140	70	ACTUAL	70
NCT01708161	7	115	47	ACTUAL	68
NCT02411591	4	132	66	ACTUAL	66
NCT02711956	4	140	75	ACTUAL	65
NCT02335983	8	171	107	ACTUAL	64
NCT03200717	3	124	62	ACTUAL	62
NCT02451930	3	132	71	ACTUAL	61
NCT00137449	3	120	60	ACTUAL	60
NCT03329690	6	293	233	ACTUAL	60
NCT04033991	2	743	684	ACTUAL	59
NCT00371345	9	150	92	ACTUAL	58
NCT02020577	3	116	58	ACTUAL	58
NCT02159066	6	216	158	ACTUAL	58
NCT03074318	9	91	35	ACTUAL	56
NCT03481556	8	112	56	ACTUAL	56
NCT02754141	24	290	235	ACTUAL	55
NCT02347917	6	82	28	ACTUAL	54
NCT01900652	4	163	111	ACTUAL	52
NCT02432846	6	140	88	ACTUAL	52
NCT04750824	4	162	110	ACTUAL	52
NCT01816594	6	100	50	ACTUAL	50
NCT03410108	2	151	104	ACTUAL	47
NCT02337829	6	94	48	ACTUAL	46
NCT03774082	4	90	46	ACTUAL	44
NCT01088984	3	86	43	ACTUAL	43
NCT03729596	11	184	143	ACTUAL	41
NCT00243074	2	94	54	ACTUAL	40
NCT02592707	5	80	40	ACTUAL	40
NCT00633594	4	78	39	ACTUAL	39
NCT01271725	2	113	74	ACTUAL	39
NCT03400176	9	78	39	ACTUAL	39
NCT01693562	9	1060	1022	ACTUAL	38
NCT03363893	22	161	124	ACTUAL	37
NCT05228470	3	76	39	ACTUAL	37
NCT01227889	3	287	251	ACTUAL	36
NCT02759835	4	73	37	ACTUAL	36
NCT02844439	3	75	40	ACTUAL	35
NCT04677595	6	70	36	ACTUAL	34
NCT00400803	4	70	38	ACTUAL	32
NCT02551991	6	88	56	ACTUAL	32
NCT00606008	3	60	30	ACTUAL	30
NCT01077518	3	376	346	ACTUAL	30
NCT02996110	5	212	182	ACTUAL	30
NCT02228096	3	104	75	ACTUAL	29
NCT02370238	4	222	194	ACTUAL	28
NCT02494570	2	62	34	ACTUAL	28
NCT01696032	5	147	120	ACTUAL	27
NCT01981850	11	151	125	ACTUAL	26
NCT02048371	9	157	131	ACTUAL	26
NCT00623766	3	123	99	ACTUAL	24
NCT01420081	5	91	67	ACTUAL	24
NCT01199055	5	39	16	ACTUAL	23
NCT01055067	2	48	27	ACTUAL	21
NCT02047344	5	52	31	ACTUAL	21
NCT02527434	8	85	64	ACTUAL	21
NCT03776812	4	199	178	ACTUAL	21
NCT02762981	4	105	85	ACTUAL	20
NCT03176277	5	62	42	ACTUAL	20
NCT01199068	5	34	15	ACTUAL	19
NCT04895735	5	64	45	ACTUAL	19
NCT00598975	3	36	18	ACTUAL	18
NCT02296125	4	692	674	ACTUAL	18
NCT03274804	2	38	20	ACTUAL	18
NCT02984995	3	54	37	ACTUAL	17
NCT00792467	2	40	24	ACTUAL	16
NCT02616393	4	52	36	ACTUAL	16
NCT02895360	5	59	43	ACTUAL	16
NCT01595009	4	261	246	ACTUAL	15
NCT01336634	4	191	177	ACTUAL	14
NCT02750514	5	309	295	ACTUAL	14
NCT01615029	6	58	45	ACTUAL	13
NCT01519414	3	90	78	ACTUAL	12
NCT02564900	15	304	292	ACTUAL	12
NCT00918203	3	148	137	ACTUAL	11
NCT02185690	4	24	13	ACTUAL	11
NCT01325428	2	36	26	ACTUAL	10
NCT01465659	2	39	29	ACTUAL	10
NCT01661270	2	342	332	ACTUAL	10
NCT02748564	4	20	10	ACTUAL	10
NCT04216316	3	22	12	ACTUAL	10
NCT00700258	5	1528	1520	ACTUAL	8
NCT03773107	5	20	12	ACTUAL	8
NCT00756509	1	41	34	ACTUAL	7
NCT00885755	2	39	33	ACTUAL	6
NCT00928642	2	14	8	ACTUAL	6
NCT01223027	2	570	564	ACTUAL	6
NCT03126110	18	151	145	ACTUAL	6
NCT04577963	5	58	52	ACTUAL	6
NCT02935634	12	195	190	ACTUAL	5
NCT03512353	3	12	7	ACTUAL	5
NCT01993719	4	37	33	ACTUAL	4
NCT02500121	3	112	108	ACTUAL	4
NCT03523572	6	90	86	ACTUAL	4
NCT01232296	2	165	162	ACTUAL	3
NCT03446040	3	95	92	ACTUAL	3
NCT04033432	2	17	14	ACTUAL	3
NCT00229723	7	226	224	ACTUAL	2
NCT01023308	2	768	767	ACTUAL	1
NCT01577758	2	42	41	ACTUAL	1
NCT01597388	9	100	99	ACTUAL	1
NCT01852292	2	158	157	ACTUAL	1
NCT00004888	2	84	84	ACTUAL	0
NCT00054353	2	16	16	ACTUAL	0
NCT00069108	2	627	627	ACTUAL	0
NCT00073957	1	25	25	ACTUAL	0
NCT00075218	2	361	361	ACTUAL	0
NCT00075504	2	33	33	ACTUAL	0
NCT00077857	2	470	470	ACTUAL	0
NCT00080301	2	752	752	ACTUAL	0
NCT00085410	1	20	20	ACTUAL	0
NCT00088530	2	140	140	ACTUAL	0
NCT00089999	2	138	138	ACTUAL	0
NCT00093041	6	28	28	ACTUAL	0
NCT00094497	2	304	304	ACTUAL	0
NCT00096941	1	3	3	ACTUAL	0
NCT00102804	2	663	663	ACTUAL	0
NCT00113607	2	672	672	ACTUAL	0
NCT00115765	4	1053	1053	ACTUAL	0
NCT00121251	1	17	17	ACTUAL	0
NCT00121719	12	82	82	ACTUAL	0
NCT00122460	2	442	442	ACTUAL	0
NCT00126594	2	80	80	ACTUAL	0
NCT00129376	1	63	63	ACTUAL	0
NCT00184093	1	35	35	ACTUAL	0
NCT00191854	3	147	147	ACTUAL	0
NCT00226811	1	78	78	ACTUAL	0
NCT00227617	1	36	36	ACTUAL	0
NCT00244764	1	225	225	ACTUAL	0
NCT00247676	1	37	37	ACTUAL	0
NCT00250926	1	23	23	ACTUAL	0
NCT00254540	2	51	51	ACTUAL	0
NCT00256698	2	514	514	ACTUAL	0
NCT00268346	2	58	58	ACTUAL	0
NCT00272987	3	63	63	ACTUAL	0
NCT00274469	2	205	205	ACTUAL	0
NCT00281528	3	208	208	ACTUAL	0
NCT00281658	2	444	444	ACTUAL	0
NCT00284154	1	51	51	ACTUAL	0
NCT00289016	1	50	50	ACTUAL	0
NCT00301067	1	20	20	ACTUAL	0
NCT00305448	3	143	143	ACTUAL	0
NCT00305942	1	61	61	ACTUAL	0
NCT00309140	1	23	23	ACTUAL	0
NCT00324259	2	66	66	ACTUAL	0
NCT00328198	1	86	86	ACTUAL	0
NCT00332163	2	95	95	ACTUAL	0
NCT00334282	2	435	435	ACTUAL	0
NCT00343291	2	121	121	ACTUAL	0
NCT00356811	1	57	57	ACTUAL	0
NCT00363051	2	160	160	ACTUAL	0
NCT00380718	1	33	33	ACTUAL	0
NCT00382733	5	26	26	ACTUAL	0
NCT00383292	3	130	130	ACTUAL	0
NCT00387127	2	67	67	ACTUAL	0
NCT00387348	3	24	24	ACTUAL	0
NCT00387764	1	80	80	ACTUAL	0
NCT00398320	1	40	40	ACTUAL	0
NCT00403403	2	102	102	ACTUAL	0
NCT00407563	1	48	48	ACTUAL	0
NCT00408499	1	64	64	ACTUAL	0
NCT00410124	2	416	416	ACTUAL	0
NCT00410904	2	60	60	ACTUAL	0
NCT00412061	2	429	429	ACTUAL	0
NCT00415194	2	795	795	ACTUAL	0
NCT00419159	2	199	199	ACTUAL	0
NCT00421889	9	80	80	ACTUAL	0
NCT00424047	2	351	351	ACTUAL	0
NCT00428922	1	26	26	ACTUAL	0
NCT00435409	2	442	442	ACTUAL	0
NCT00439517	2	302	302	ACTUAL	0
NCT00441337	4	39	39	ACTUAL	0
NCT00444535	1	52	52	ACTUAL	0
NCT00444678	1	36	36	ACTUAL	0
NCT00447005	1	12	12	ACTUAL	0
NCT00447330	1	60	60	ACTUAL	0
NCT00448279	2	58	58	ACTUAL	0
NCT00457691	2	768	768	ACTUAL	0
NCT00459862	1	34	34	ACTUAL	0
NCT00461045	1	15	15	ACTUAL	0
NCT00461708	2	153	153	ACTUAL	0
NCT00471328	2	248	248	ACTUAL	0
NCT00471497	3	846	846	ACTUAL	0
NCT00473590	2	102	102	ACTUAL	0
NCT00477464	1	51	51	ACTUAL	0
NCT00484939	2	280	280	ACTUAL	0
NCT00490646	2	50	50	ACTUAL	0
NCT00492206	1	40	40	ACTUAL	0
NCT00493636	2	160	160	ACTUAL	0
NCT00494221	3	172	172	ACTUAL	0
NCT00500903	1	87	87	ACTUAL	0
NCT00508001	3	67	67	ACTUAL	0
NCT00508274	1	52	52	ACTUAL	0
NCT00510068	2	410	410	ACTUAL	0
NCT00515697	1	39	39	ACTUAL	0
NCT00527735	3	334	334	ACTUAL	0
NCT00531284	19	184	184	ACTUAL	0
NCT00531960	2	124	124	ACTUAL	0
NCT00532129	1	100	100	ACTUAL	0
NCT00533429	2	40	40	ACTUAL	0
NCT00534417	1	41	41	ACTUAL	0
NCT00553644	1	53	53	ACTUAL	0
NCT00556322	2	424	424	ACTUAL	0
NCT00567879	6	56	56	ACTUAL	0
NCT00570713	2	155	155	ACTUAL	0
NCT00576199	1	30	30	ACTUAL	0
NCT00577382	2	52	52	ACTUAL	0
NCT00586924	6	49	49	ACTUAL	0
NCT00600015	2	166	166	ACTUAL	0
NCT00600340	2	564	564	ACTUAL	0
NCT00605267	2	197	197	ACTUAL	0
NCT00605722	1	51	51	ACTUAL	0
NCT00606307	1	29	29	ACTUAL	0
NCT00610857	1	37	37	ACTUAL	0
NCT00611325	2	56	56	ACTUAL	0
NCT00617591	1	57	57	ACTUAL	0
NCT00631410	2	12	12	ACTUAL	0
NCT00633464	2	79	79	ACTUAL	0
NCT00656136	2	585	585	ACTUAL	0
NCT00659360	1	17	17	ACTUAL	0
NCT00659438	2	95	95	ACTUAL	0
NCT00667251	2	652	652	ACTUAL	0
NCT00668863	1	71	71	ACTUAL	0
NCT00674973	2	207	207	ACTUAL	0
NCT00676650	2	873	873	ACTUAL	0
NCT00676663	2	130	130	ACTUAL	0
NCT00678535	2	904	904	ACTUAL	0
NCT00686959	2	598	598	ACTUAL	0
NCT00687297	2	162	162	ACTUAL	0
NCT00688623	1	73	73	ACTUAL	0
NCT00688753	1	92	92	ACTUAL	0
NCT00689936	3	1623	1623	ACTUAL	0
NCT00693992	2	210	210	ACTUAL	0
NCT00698451	1	54	54	ACTUAL	0
NCT00703326	2	1144	1144	ACTUAL	0
NCT00703664	3	65	65	ACTUAL	0
NCT00705016	3	184	184	ACTUAL	0
NCT00706095	3	18	18	ACTUAL	0
NCT00707655	2	8	8	ACTUAL	0
NCT00709618	1	44	44	ACTUAL	0
NCT00715403	7	41	41	ACTUAL	0
NCT00719264	2	365	365	ACTUAL	0
NCT00721513	1	20	20	ACTUAL	0
NCT00725764	1	14	14	ACTUAL	0
NCT00726323	2	74	74	ACTUAL	0
NCT00726752	1	6	6	ACTUAL	0
NCT00728949	2	93	93	ACTUAL	0
NCT00737529	1	134	134	ACTUAL	0
NCT00738699	2	415	415	ACTUAL	0
NCT00748189	2	447	447	ACTUAL	0
NCT00751036	2	94	94	ACTUAL	0
NCT00753545	2	265	265	ACTUAL	0
NCT00753688	2	369	369	ACTUAL	0
NCT00753714	2	124	124	ACTUAL	0
NCT00754650	1	2	2	ACTUAL	0
NCT00760929	3	171	171	ACTUAL	0
NCT00761280	2	27	27	ACTUAL	0
NCT00768144	1	36	36	ACTUAL	0
NCT00769067	2	188	188	ACTUAL	0
NCT00770588	2	296	296	ACTUAL	0
NCT00777049	2	54	54	ACTUAL	0
NCT00777179	2	117	117	ACTUAL	0
NCT00777335	2	4	4	ACTUAL	0
NCT00778102	2	80	80	ACTUAL	0
NCT00778817	1	20	20	ACTUAL	0
NCT00784303	2	117	117	ACTUAL	0
NCT00785538	4	24	24	ACTUAL	0
NCT00798096	1	18	18	ACTUAL	0
NCT00800202	2	91	91	ACTUAL	0
NCT00804908	3	346	346	ACTUAL	0
NCT00811135	1	88	88	ACTUAL	0
NCT00818441	2	119	119	ACTUAL	0
NCT00824265	2	365	365	ACTUAL	0
NCT00836888	4	17	17	ACTUAL	0
NCT00844649	2	861	861	ACTUAL	0
NCT00848926	1	102	102	ACTUAL	0
NCT00849667	3	1100	1100	ACTUAL	0
NCT00853307	2	31	31	ACTUAL	0
NCT00854308	2	137	137	ACTUAL	0
NCT00856375	2	83	83	ACTUAL	0
NCT00860015	1	12	12	ACTUAL	0
NCT00863655	2	724	724	ACTUAL	0
NCT00865709	2	198	198	ACTUAL	0
NCT00866047	1	58	58	ACTUAL	0
NCT00866281	2	22	22	ACTUAL	0
NCT00875667	2	254	254	ACTUAL	0
NCT00876395	2	719	719	ACTUAL	0
NCT00878800	2	41	41	ACTUAL	0
NCT00879333	2	656	656	ACTUAL	0
NCT00879684	7	34	34	ACTUAL	0
NCT00880581	1	30	30	ACTUAL	0
NCT00883779	2	451	451	ACTUAL	0
NCT00886782	3	11	11	ACTUAL	0
NCT00903175	2	471	471	ACTUAL	0
NCT00906698	6	55	55	ACTUAL	0
NCT00910091	2	73	73	ACTUAL	0
NCT00910910	2	450	450	ACTUAL	0
NCT00915603	2	113	113	ACTUAL	0
NCT00917384	2	355	355	ACTUAL	0
NCT00932893	2	347	347	ACTUAL	0
NCT00945191	1	24	24	ACTUAL	0
NCT00946270	3	70	70	ACTUAL	0
NCT00949702	1	132	132	ACTUAL	0
NCT00949910	1	6586	6586	ACTUAL	0
NCT00950742	2	18	18	ACTUAL	0
NCT00952692	1	12	12	ACTUAL	0
NCT00958477	4	26	26	ACTUAL	0
NCT00958724	1	6	6	ACTUAL	0
NCT00960063	3	4	4	ACTUAL	0
NCT00967616	2	100	100	ACTUAL	0
NCT00968968	2	37	37	ACTUAL	0
NCT00969553	9	59	59	ACTUAL	0
NCT00969761	12	61	61	ACTUAL	0
NCT00971867	1	11	11	ACTUAL	0
NCT00971932	1	33	33	ACTUAL	0
NCT00988208	2	1059	1059	ACTUAL	0
NCT00988858	1	55	55	ACTUAL	0
NCT01000025	2	720	720	ACTUAL	0
NCT01000285	1	18	18	ACTUAL	0
NCT01001299	1	25	25	ACTUAL	0
NCT01004172	1	38	38	ACTUAL	0
NCT01006252	2	336	336	ACTUAL	0
NCT01007032	4	21	21	ACTUAL	0
NCT01007942	2	569	569	ACTUAL	0
NCT01014936	3	149	149	ACTUAL	0
NCT01015118	2	1366	1366	ACTUAL	0
NCT01018563	2	3	3	ACTUAL	0
NCT01022853	5	30	30	ACTUAL	0
NCT01022996	1	57	57	ACTUAL	0
NCT01023958	1	50	50	ACTUAL	0
NCT01024036	2	79	79	ACTUAL	0
NCT01025284	2	64	64	ACTUAL	0
NCT01028222	2	55	55	ACTUAL	0
NCT01032070	2	25	25	ACTUAL	0
NCT01035229	2	546	546	ACTUAL	0
NCT01039519	1	27	27	ACTUAL	0
NCT01047475	2	72	72	ACTUAL	0
NCT01051063	2	17	17	ACTUAL	0
NCT01059630	2	413	413	ACTUAL	0
NCT01080391	2	792	792	ACTUAL	0
NCT01084876	2	475	475	ACTUAL	0
NCT01089595	2	5	5	ACTUAL	0
NCT01098266	2	400	400	ACTUAL	0
NCT01102426	2	255	255	ACTUAL	0
NCT01104155	2	123	123	ACTUAL	0
NCT01107665	1	60	60	ACTUAL	0
NCT01111461	1	133	133	ACTUAL	0
NCT01121393	2	364	364	ACTUAL	0
NCT01121562	1	12	12	ACTUAL	0
NCT01122901	2	47	47	ACTUAL	0
NCT01125800	2	76	76	ACTUAL	0
NCT01127178	2	12	12	ACTUAL	0
NCT01128842	1	7	7	ACTUAL	0
NCT01136967	2	182	182	ACTUAL	0
NCT01137604	4	151	151	ACTUAL	0
NCT01140347	2	565	565	ACTUAL	0
NCT01147822	2	367	367	ACTUAL	0
NCT01151852	2	81	81	ACTUAL	0
NCT01154140	2	343	343	ACTUAL	0
NCT01158404	8	35	35	ACTUAL	0
NCT01158534	1	17	17	ACTUAL	0
NCT01160744	4	280	280	ACTUAL	0
NCT01164891	1	7	7	ACTUAL	0
NCT01165216	2	15	15	ACTUAL	0
NCT01168973	2	1253	1253	ACTUAL	0
NCT01170663	2	665	665	ACTUAL	0
NCT01175980	1	30	30	ACTUAL	0
NCT01177397	12	226	226	ACTUAL	0
NCT01183780	2	1072	1072	ACTUAL	0
NCT01188876	1	50	50	ACTUAL	0
NCT01198158	2	77	77	ACTUAL	0
NCT01202877	3	54	54	ACTUAL	0
NCT01206816	7	57	57	ACTUAL	0
NCT01213472	1	33	33	ACTUAL	0
NCT01218516	2	130	130	ACTUAL	0
NCT01232556	2	338	338	ACTUAL	0
NCT01234337	2	537	537	ACTUAL	0
NCT01239797	2	646	646	ACTUAL	0
NCT01247922	1	4	4	ACTUAL	0
NCT01253564	1	24	24	ACTUAL	0
NCT01256359	2	83	83	ACTUAL	0
NCT01260688	2	22	22	ACTUAL	0
NCT01268150	1	56	56	ACTUAL	0
NCT01269346	1	52	52	ACTUAL	0
NCT01271712	2	199	199	ACTUAL	0
NCT01275222	6	117	117	ACTUAL	0
NCT01288911	2	375	375	ACTUAL	0
NCT01288989	5	44	44	ACTUAL	0
NCT01289028	1	125	125	ACTUAL	0
NCT01289522	1	54	54	ACTUAL	0
NCT01296555	1	674	674	ACTUAL	0
NCT01296932	9	37	37	ACTUAL	0
NCT01297244	2	105	105	ACTUAL	0
NCT01297491	2	63	63	ACTUAL	0
NCT01302392	2	315	315	ACTUAL	0
NCT01311687	2	455	455	ACTUAL	0
NCT01313663	2	20	20	ACTUAL	0
NCT01316263	2	21	21	ACTUAL	0
NCT01316692	1	12	12	ACTUAL	0
NCT01317420	13	64	64	ACTUAL	0
NCT01317615	1	49	49	ACTUAL	0
NCT01320085	3	183	183	ACTUAL	0
NCT01321554	2	392	392	ACTUAL	0
NCT01324947	1	74	74	ACTUAL	0
NCT01325701	2	78	78	ACTUAL	0
NCT01327053	4	230	230	ACTUAL	0
NCT01327612	7	12	12	ACTUAL	0
NCT01327885	2	452	452	ACTUAL	0
NCT01328951	2	643	643	ACTUAL	0
NCT01338792	1	47	47	ACTUAL	0
NCT01341457	2	17	17	ACTUAL	0
NCT01342172	1	9	9	ACTUAL	0
NCT01345682	2	483	483	ACTUAL	0
NCT01349933	1	21	21	ACTUAL	0
NCT01354431	3	168	168	ACTUAL	0
NCT01360554	2	878	878	ACTUAL	0
NCT01368276	2	31	31	ACTUAL	0
NCT01374451	2	160	160	ACTUAL	0
NCT01378962	1	50	50	ACTUAL	0
NCT01378975	2	146	146	ACTUAL	0
NCT01379534	2	53	53	ACTUAL	0
NCT01387555	2	129	129	ACTUAL	0
NCT01388790	1	40	40	ACTUAL	0
NCT01393990	18	89	89	ACTUAL	0
NCT01403948	10	48	48	ACTUAL	0
NCT01406574	1	23	23	ACTUAL	0
NCT01416389	2	39	39	ACTUAL	0
NCT01421017	3	31	31	ACTUAL	0
NCT01427933	2	141	141	ACTUAL	0
NCT01453153	3	28	28	ACTUAL	0
NCT01453205	3	187	187	ACTUAL	0
NCT01454934	2	540	540	ACTUAL	0
NCT01466660	2	319	319	ACTUAL	0
NCT01474239	2	91	91	ACTUAL	0
NCT01478594	2	265	265	ACTUAL	0
NCT01496313	2	81	81	ACTUAL	0
NCT01505530	3	125	125	ACTUAL	0
NCT01512745	2	267	267	ACTUAL	0
NCT01512758	2	36	36	ACTUAL	0
NCT01519323	1	6	6	ACTUAL	0
NCT01519427	1	2	2	ACTUAL	0
NCT01523587	2	795	795	ACTUAL	0
NCT01524783	2	302	302	ACTUAL	0
NCT01524978	11	208	208	ACTUAL	0
NCT01524991	1	36	36	ACTUAL	0
NCT01528345	2	97	97	ACTUAL	0
NCT01529112	2	135	135	ACTUAL	0
NCT01539512	2	220	220	ACTUAL	0
NCT01539824	1	12	12	ACTUAL	0
NCT01543698	15	189	189	ACTUAL	0
NCT01544179	2	265	265	ACTUAL	0
NCT01551693	2	3	3	ACTUAL	0
NCT01558661	1	33	33	ACTUAL	0
NCT01562028	2	109	109	ACTUAL	0
NCT01563055	1	10	10	ACTUAL	0
NCT01563354	3	124	124	ACTUAL	0
NCT01564537	2	722	722	ACTUAL	0
NCT01568866	2	929	929	ACTUAL	0
NCT01569295	2	416	416	ACTUAL	0
NCT01586195	1	31	31	ACTUAL	0
NCT01596621	1	102	102	ACTUAL	0
NCT01602224	3	220	220	ACTUAL	0
NCT01605396	2	80	80	ACTUAL	0
NCT01609543	1	62	62	ACTUAL	0
NCT01610284	2	1147	1147	ACTUAL	0
NCT01611090	2	578	578	ACTUAL	0
NCT01611558	1	40	40	ACTUAL	0
NCT01612546	1	10	10	ACTUAL	0
NCT01625286	7	148	148	ACTUAL	0
NCT01633060	2	432	432	ACTUAL	0
NCT01639001	2	207	207	ACTUAL	0
NCT01639352	1	20	20	ACTUAL	0
NCT01642004	2	272	272	ACTUAL	0
NCT01646021	2	280	280	ACTUAL	0
NCT01646203	3	14	14	ACTUAL	0
NCT01648764	14	73	73	ACTUAL	0
NCT01649180	1	3	3	ACTUAL	0
NCT01649271	2	13	13	ACTUAL	0
NCT01657799	3	307	307	ACTUAL	0
NCT01658436	1	31	31	ACTUAL	0
NCT01658878	15	657	657	ACTUAL	0
NCT01659021	2	261	261	ACTUAL	0
NCT01659255	7	90	90	ACTUAL	0
NCT01668784	2	821	821	ACTUAL	0
NCT01673867	2	582	582	ACTUAL	0
NCT01674062	2	95	95	ACTUAL	0
NCT01682135	3	28	28	ACTUAL	0
NCT01685060	1	140	140	ACTUAL	0
NCT01685138	1	124	124	ACTUAL	0
NCT01693068	2	194	194	ACTUAL	0
NCT01693614	3	72	72	ACTUAL	0
NCT01693822	1	65	65	ACTUAL	0
NCT01695772	1	50	50	ACTUAL	0
NCT01708174	3	22	22	ACTUAL	0
NCT01714739	7	337	337	ACTUAL	0
NCT01718743	1	64	64	ACTUAL	0
NCT01719380	10	156	156	ACTUAL	0
NCT01721603	1	2	2	ACTUAL	0
NCT01721746	2	405	405	ACTUAL	0
NCT01721759	1	117	117	ACTUAL	0
NCT01721772	2	418	418	ACTUAL	0
NCT01721876	2	666	666	ACTUAL	0
NCT01722292	5	26	26	ACTUAL	0
NCT01728623	3	51	51	ACTUAL	0
NCT01733238	1	13	13	ACTUAL	0
NCT01739309	1	28	28	ACTUAL	0
NCT01740297	3	217	217	ACTUAL	0
NCT01740427	2	666	666	ACTUAL	0
NCT01744249	2	256	256	ACTUAL	0
NCT01744340	2	23	23	ACTUAL	0
NCT01750918	11	166	166	ACTUAL	0
NCT01755975	5	49	49	ACTUAL	0
NCT01761240	5	27	27	ACTUAL	0
NCT01761266	2	954	954	ACTUAL	0
NCT01763164	2	402	402	ACTUAL	0
NCT01774344	2	573	573	ACTUAL	0
NCT01774721	2	452	452	ACTUAL	0
NCT01776840	2	523	523	ACTUAL	0
NCT01783444	3	309	309	ACTUAL	0
NCT01794520	7	117	117	ACTUAL	0
NCT01797120	2	131	131	ACTUAL	0
NCT01801358	7	38	38	ACTUAL	0
NCT01805037	1	20	20	ACTUAL	0
NCT01808326	1	5	5	ACTUAL	0
NCT01809210	7	55	55	ACTUAL	0
NCT01812005	2	14	14	ACTUAL	0
NCT01818752	2	955	955	ACTUAL	0
NCT01829113	2	155	155	ACTUAL	0
NCT01829711	1	80	80	ACTUAL	0
NCT01830621	2	282	282	ACTUAL	0
NCT01832506	3	12	12	ACTUAL	0
NCT01833546	4	20	20	ACTUAL	0
NCT01836029	2	195	195	ACTUAL	0
NCT01838642	1	3	3	ACTUAL	0
NCT01843374	2	571	571	ACTUAL	0
NCT01844505	3	945	945	ACTUAL	0
NCT01844817	2	132	132	ACTUAL	0
NCT01850524	2	705	705	ACTUAL	0
NCT01856478	2	340	340	ACTUAL	0
NCT01865747	2	658	658	ACTUAL	0
NCT01866410	1	37	37	ACTUAL	0
NCT01870726	7	43	43	ACTUAL	0
NCT01873833	1	10	10	ACTUAL	0
NCT01874288	5	24	24	ACTUAL	0
NCT01877083	1	25	25	ACTUAL	0
NCT01890746	2	148	148	ACTUAL	0
NCT01891344	8	491	491	ACTUAL	0
NCT01891669	10	26	26	ACTUAL	0
NCT01896479	2	247	247	ACTUAL	0
NCT01896505	3	54	54	ACTUAL	0
NCT01896531	2	153	153	ACTUAL	0
NCT01908426	2	707	707	ACTUAL	0
NCT01910181	1	46	46	ACTUAL	0
NCT01911273	2	3	3	ACTUAL	0
NCT01912274	1	50	50	ACTUAL	0
NCT01924533	2	525	525	ACTUAL	0
NCT01927341	5	53	53	ACTUAL	0
NCT01938001	2	358	358	ACTUAL	0
NCT01941316	5	78	78	ACTUAL	0
NCT01942135	2	521	521	ACTUAL	0
NCT01943864	1	20	20	ACTUAL	0
NCT01946477	3	186	186	ACTUAL	0
NCT01955473	5	51	51	ACTUAL	0
NCT01958021	2	668	668	ACTUAL	0
NCT01966003	2	642	642	ACTUAL	0
NCT01966445	6	29	29	ACTUAL	0
NCT01974440	2	403	403	ACTUAL	0
NCT01980589	3	22	22	ACTUAL	0
NCT01981187	1	12	12	ACTUAL	0
NCT01982955	5	88	88	ACTUAL	0
NCT01983878	1	36	36	ACTUAL	0
NCT01985763	1	13	13	ACTUAL	0
NCT01990859	1	20	20	ACTUAL	0
NCT02001623	15	195	195	ACTUAL	0
NCT02004522	2	319	319	ACTUAL	0
NCT02005471	2	389	389	ACTUAL	0
NCT02005484	1	6	6	ACTUAL	0
NCT02011113	1	36	36	ACTUAL	0
NCT02013206	2	52	52	ACTUAL	0
NCT02017015	1	83	83	ACTUAL	0
NCT02023905	3	27	27	ACTUAL	0
NCT02032810	2	17	17	ACTUAL	0
NCT02038647	2	178	178	ACTUAL	0
NCT02038933	2	121	121	ACTUAL	0
NCT02040870	1	103	103	ACTUAL	0
NCT02049515	2	99	99	ACTUAL	0
NCT02060188	9	385	385	ACTUAL	0
NCT02064387	12	79	79	ACTUAL	0
NCT02069041	1	8	8	ACTUAL	0
NCT02069704	2	142	142	ACTUAL	0
NCT02075840	2	303	303	ACTUAL	0
NCT02078648	2	74	74	ACTUAL	0
NCT02079636	15	142	142	ACTUAL	0
NCT02080260	1	20	20	ACTUAL	0
NCT02083653	3	254	254	ACTUAL	0
NCT02085070	2	65	65	ACTUAL	0
NCT02094573	2	222	222	ACTUAL	0
NCT02098538	1	38	38	ACTUAL	0
NCT02101788	2	260	260	ACTUAL	0
NCT02102490	1	132	132	ACTUAL	0
NCT02105636	2	361	361	ACTUAL	0
NCT02107703	2	669	669	ACTUAL	0
NCT02113878	2	23	23	ACTUAL	0
NCT02115282	2	608	608	ACTUAL	0
NCT02118337	9	97	97	ACTUAL	0
NCT02119026	2	120	120	ACTUAL	0
NCT02119676	4	396	396	ACTUAL	0
NCT02124772	13	139	139	ACTUAL	0
NCT02128958	2	78	78	ACTUAL	0
NCT02129556	3	58	58	ACTUAL	0
NCT02137837	3	37	37	ACTUAL	0
NCT02146833	1	20	20	ACTUAL	0
NCT02151149	2	143	143	ACTUAL	0
NCT02151903	2	5	5	ACTUAL	0
NCT02152631	2	453	453	ACTUAL	0
NCT02152956	13	244	244	ACTUAL	0
NCT02155647	2	204	204	ACTUAL	0
NCT02162719	2	124	124	ACTUAL	0
NCT02165397	3	181	181	ACTUAL	0
NCT02178358	3	132	132	ACTUAL	0
NCT02184195	2	154	154	ACTUAL	0
NCT02186301	3	100	100	ACTUAL	0
NCT02193958	9	55	55	ACTUAL	0
NCT02195479	2	706	706	ACTUAL	0
NCT02196688	2	71	71	ACTUAL	0
NCT02201329	1	5	5	ACTUAL	0
NCT02203604	1	9	9	ACTUAL	0
NCT02205333	9	48	48	ACTUAL	0
NCT02212015	1	26	26	ACTUAL	0
NCT02220855	1	14	14	ACTUAL	0
NCT02227667	1	16	16	ACTUAL	0
NCT02246621	2	493	493	ACTUAL	0
NCT02247349	6	106	106	ACTUAL	0
NCT02250326	3	240	240	ACTUAL	0
NCT02252172	2	737	737	ACTUAL	0
NCT02259582	3	82	82	ACTUAL	0
NCT02260804	2	258	258	ACTUAL	0
NCT02263508	3	713	713	ACTUAL	0
NCT02264574	2	229	229	ACTUAL	0
NCT02271945	2	10	10	ACTUAL	0
NCT02273388	12	65	65	ACTUAL	0
NCT02273973	2	334	334	ACTUAL	0
NCT02276027	4	66	66	ACTUAL	0
NCT02277093	1	11	11	ACTUAL	0
NCT02278120	2	672	672	ACTUAL	0
NCT02289456	1	40	40	ACTUAL	0
NCT02290431	1	31	31	ACTUAL	0
NCT02292758	2	36	36	ACTUAL	0
NCT02300987	2	10	10	ACTUAL	0
NCT02301156	2	126	126	ACTUAL	0
NCT02305563	5	70	70	ACTUAL	0
NCT02305758	2	130	130	ACTUAL	0
NCT02314117	2	645	645	ACTUAL	0
NCT02314247	2	16	16	ACTUAL	0
NCT02315066	14	174	174	ACTUAL	0
NCT02320058	2	119	119	ACTUAL	0
NCT02323126	3	64	64	ACTUAL	0
NCT02325739	11	172	172	ACTUAL	0
NCT02326025	2	49	49	ACTUAL	0
NCT02327078	16	307	307	ACTUAL	0
NCT02328014	4	40	40	ACTUAL	0
NCT02335944	10	177	177	ACTUAL	0
NCT02336165	5	159	159	ACTUAL	0
NCT02336451	5	156	156	ACTUAL	0
NCT02341014	3	27	27	ACTUAL	0
NCT02347332	2	459	459	ACTUAL	0
NCT02350764	1	29	29	ACTUAL	0
NCT02367040	2	458	458	ACTUAL	0
NCT02372006	3	56	56	ACTUAL	0
NCT02383498	2	24	24	ACTUAL	0
NCT02383966	2	243	243	ACTUAL	0
NCT02395172	2	792	792	ACTUAL	0
NCT02399813	1	36	36	ACTUAL	0
NCT02402764	1	10	10	ACTUAL	0
NCT02403895	1	11	11	ACTUAL	0
NCT02407990	2	451	451	ACTUAL	0
NCT02412878	2	478	478	ACTUAL	0
NCT02419417	11	83	83	ACTUAL	0
NCT02421588	2	442	442	ACTUAL	0
NCT02422615	2	726	726	ACTUAL	0
NCT02423902	2	9	9	ACTUAL	0
NCT02426125	2	530	530	ACTUAL	0
NCT02435849	2	80	80	ACTUAL	0
NCT02437318	4	572	572	ACTUAL	0
NCT02441517	1	4	4	ACTUAL	0
NCT02441946	1	224	224	ACTUAL	0
NCT02444793	4	24	24	ACTUAL	0
NCT02445586	1	52	52	ACTUAL	0
NCT02448537	3	42	42	ACTUAL	0
NCT02450539	2	159	159	ACTUAL	0
NCT02450903	1	20	20	ACTUAL	0
NCT02451943	2	509	509	ACTUAL	0
NCT02454478	1	7	7	ACTUAL	0
NCT02460224	29	490	490	ACTUAL	0
NCT02465528	4	22	22	ACTUAL	0
NCT02475681	3	535	535	ACTUAL	0
NCT02477826	10	2747	2747	ACTUAL	0
NCT02481830	2	569	569	ACTUAL	0
NCT02490475	4	19	19	ACTUAL	0
NCT02491983	2	486	486	ACTUAL	0
NCT02494583	3	763	763	ACTUAL	0
NCT02499120	2	125	125	ACTUAL	0
NCT02504892	1	3	3	ACTUAL	0
NCT02509507	9	127	127	ACTUAL	0
NCT02516553	22	174	174	ACTUAL	0
NCT02517398	23	600	600	ACTUAL	0
NCT02517918	3	23	23	ACTUAL	0
NCT02518113	6	36	36	ACTUAL	0
NCT02519348	9	433	433	ACTUAL	0
NCT02525536	3	18	18	ACTUAL	0
NCT02528357	19	141	141	ACTUAL	0
NCT02545075	2	182	182	ACTUAL	0
NCT02545504	2	432	432	ACTUAL	0
NCT02546986	2	100	100	ACTUAL	0
NCT02548962	2	11	11	ACTUAL	0
NCT02552121	8	33	33	ACTUAL	0
NCT02562378	3	15	15	ACTUAL	0
NCT02564198	3	29	29	ACTUAL	0
NCT02566993	2	613	613	ACTUAL	0
NCT02574260	1	3	3	ACTUAL	0
NCT02576509	2	743	743	ACTUAL	0
NCT02578641	2	330	330	ACTUAL	0
NCT02580058	3	566	566	ACTUAL	0
NCT02582970	1	40	40	ACTUAL	0
NCT02587962	5	34	34	ACTUAL	0
NCT02588261	2	530	530	ACTUAL	0
NCT02593786	4	58	58	ACTUAL	0
NCT02603432	2	700	700	ACTUAL	0
NCT02605967	2	122	122	ACTUAL	0
NCT02608268	30	252	252	ACTUAL	0
NCT02612311	4	603	603	ACTUAL	0
NCT02612779	2	74	74	ACTUAL	0
NCT02614794	2	612	612	ACTUAL	0
NCT02625610	2	499	499	ACTUAL	0
NCT02626455	7	551	551	ACTUAL	0
NCT02631876	2	366	366	ACTUAL	0
NCT02639182	2	133	133	ACTUAL	0
NCT02640755	2	4	4	ACTUAL	0
NCT02641639	2	70	70	ACTUAL	0
NCT02644278	4	15	15	ACTUAL	0
NCT02644967	1	53	53	ACTUAL	0
NCT02651987	2	99	99	ACTUAL	0
NCT02654132	2	117	117	ACTUAL	0
NCT02654990	3	248	248	ACTUAL	0
NCT02660034	14	229	229	ACTUAL	0
NCT02664181	2	13	13	ACTUAL	0
NCT02675231	3	237	237	ACTUAL	0
NCT02681549	2	41	41	ACTUAL	0
NCT02684006	2	886	886	ACTUAL	0
NCT02684058	3	151	151	ACTUAL	0
NCT02694822	6	89	89	ACTUAL	0
NCT02698410	1	40	40	ACTUAL	0
NCT02699515	8	114	114	ACTUAL	0
NCT02702401	2	413	413	ACTUAL	0
NCT02703272	4	72	72	ACTUAL	0
NCT02709889	8	200	200	ACTUAL	0
NCT02711553	3	309	309	ACTUAL	0
NCT02715804	2	492	492	ACTUAL	0
NCT02717611	1	60	60	ACTUAL	0
NCT02718300	3	74	74	ACTUAL	0
NCT02718417	3	998	998	ACTUAL	0
NCT02718911	10	72	72	ACTUAL	0
NCT02737072	3	9	9	ACTUAL	0
NCT02741570	2	947	947	ACTUAL	0
NCT02749903	1	46	46	ACTUAL	0
NCT02755597	2	291	291	ACTUAL	0
NCT02759588	8	46	46	ACTUAL	0
NCT02763319	2	453	453	ACTUAL	0
NCT02763566	4	463	463	ACTUAL	0
NCT02783599	1	51	51	ACTUAL	0
NCT02789137	1	111	111	ACTUAL	0
NCT02795429	5	89	89	ACTUAL	0
NCT02807844	10	141	141	ACTUAL	0
NCT02810457	2	731	731	ACTUAL	0
NCT02823574	4	425	425	ACTUAL	0
NCT02832167	1	239	239	ACTUAL	0
NCT02834390	2	7	7	ACTUAL	0
NCT02842580	2	21	21	ACTUAL	0
NCT02848001	17	101	101	ACTUAL	0
NCT02857426	2	66	66	ACTUAL	0
NCT02859324	3	21	21	ACTUAL	0
NCT02860546	1	18	18	ACTUAL	0
NCT02864251	3	367	367	ACTUAL	0
NCT02865135	3	11	11	ACTUAL	0
NCT02874404	1	13	13	ACTUAL	0
NCT02875223	13	75	75	ACTUAL	0
NCT02898077	2	440	440	ACTUAL	0
NCT02899299	2	605	605	ACTUAL	0
NCT02905266	2	106	106	ACTUAL	0
NCT02913313	14	101	101	ACTUAL	0
NCT02913430	2	7	7	ACTUAL	0
NCT02915744	2	178	178	ACTUAL	0
NCT02920008	2	302	302	ACTUAL	0
NCT02920996	1	12	12	ACTUAL	0
NCT02923531	1	9	9	ACTUAL	0
NCT02923921	2	567	567	ACTUAL	0
NCT02927769	2	72	72	ACTUAL	0
NCT02928406	1	1004	1004	ACTUAL	0
NCT02941926	1	3246	3246	ACTUAL	0
NCT02947347	2	445	445	ACTUAL	0
NCT02951156	3	29	29	ACTUAL	0
NCT02952586	2	697	697	ACTUAL	0
NCT02955069	2	116	116	ACTUAL	0
NCT02959437	4	70	70	ACTUAL	0
NCT02967692	4	568	568	ACTUAL	0
NCT02975700	1	6	6	ACTUAL	0
NCT02981108	8	364	364	ACTUAL	0
NCT02981303	2	64	64	ACTUAL	0
NCT02984683	2	23	23	ACTUAL	0
NCT02988817	20	306	306	ACTUAL	0
NCT02990338	2	307	307	ACTUAL	0
NCT02994953	6	52	52	ACTUAL	0
NCT02999672	2	20	20	ACTUAL	0
NCT03000452	1	18	18	ACTUAL	0
NCT03006887	1	6	6	ACTUAL	0
NCT03009344	1	7	7	ACTUAL	0
NCT03018080	2	40	40	ACTUAL	0
NCT03029780	2	104	104	ACTUAL	0
NCT03038100	2	1301	1301	ACTUAL	0
NCT03042611	2	460	460	ACTUAL	0
NCT03048500	1	17	17	ACTUAL	0
NCT03053440	2	201	201	ACTUAL	0
NCT03056001	1	30	30	ACTUAL	0
NCT03062358	2	453	453	ACTUAL	0
NCT03063632	2	28	28	ACTUAL	0
NCT03075527	1	19	19	ACTUAL	0
NCT03084237	2	652	652	ACTUAL	0
NCT03086369	5	184	184	ACTUAL	0
NCT03088540	2	712	712	ACTUAL	0
NCT03088813	4	491	491	ACTUAL	0
NCT03090737	1	129	129	ACTUAL	0
NCT03093870	3	151	151	ACTUAL	0
NCT03098550	3	105	105	ACTUAL	0
NCT03099486	1	2	2	ACTUAL	0
NCT03110107	26	376	376	ACTUAL	0
NCT03112174	5	366	366	ACTUAL	0
NCT03115801	2	6	6	ACTUAL	0
NCT03116152	2	190	190	ACTUAL	0
NCT03117049	2	550	550	ACTUAL	0
NCT03125200	7	21	21	ACTUAL	0
NCT03126591	3	41	41	ACTUAL	0
NCT03132636	2	138	138	ACTUAL	0
NCT03138499	2	23	23	ACTUAL	0
NCT03138538	6	27	27	ACTUAL	0
NCT03141177	3	701	701	ACTUAL	0
NCT03143153	3	970	970	ACTUAL	0
NCT03145064	1	41	41	ACTUAL	0
NCT03147287	3	220	220	ACTUAL	0
NCT03157089	2	24	24	ACTUAL	0
NCT03157128	6	857	857	ACTUAL	0
NCT03158272	4	19	19	ACTUAL	0
NCT03159195	2	652	652	ACTUAL	0
NCT03160079	2	16	16	ACTUAL	0
NCT03166631	11	62	62	ACTUAL	0
NCT03168438	2	6	6	ACTUAL	0
NCT03172624	2	64	64	ACTUAL	0
NCT03180736	2	304	304	ACTUAL	0
NCT03182244	2	276	276	ACTUAL	0
NCT03189719	2	749	749	ACTUAL	0
NCT03190213	1	6	6	ACTUAL	0
NCT03190915	1	10	10	ACTUAL	0
NCT03191786	2	453	453	ACTUAL	0
NCT03206918	1	91	91	ACTUAL	0
NCT03206970	1	86	86	ACTUAL	0
NCT03210714	1	20	20	ACTUAL	0
NCT03212274	6	89	89	ACTUAL	0
NCT03213704	1	9	9	ACTUAL	0
NCT03215095	1	11	11	ACTUAL	0
NCT03215706	2	719	719	ACTUAL	0
NCT03222856	1	44	44	ACTUAL	0
NCT03224104	5	71	71	ACTUAL	0
NCT03224819	14	46	46	ACTUAL	0
NCT03225105	4	15	15	ACTUAL	0
NCT03233204	1	6	6	ACTUAL	0
NCT03241173	13	52	52	ACTUAL	0
NCT03245736	1	5	5	ACTUAL	0
NCT03254927	1	30	30	ACTUAL	0
NCT03255083	4	13	13	ACTUAL	0
NCT03256045	1	9	9	ACTUAL	0
NCT03267498	1	40	40	ACTUAL	0
NCT03269552	1	4	4	ACTUAL	0
NCT03271047	4	75	75	ACTUAL	0
NCT03272464	1	1	1	ACTUAL	0
NCT03275285	2	302	302	ACTUAL	0
NCT03279237	1	25	25	ACTUAL	0
NCT03283696	2	24	24	ACTUAL	0
NCT03284424	2	159	159	ACTUAL	0
NCT03289533	1	22	22	ACTUAL	0
NCT03290950	2	69	69	ACTUAL	0
NCT03294083	6	95	95	ACTUAL	0
NCT03306420	5	15	15	ACTUAL	0
NCT03312738	2	159	159	ACTUAL	0
NCT03314935	15	149	149	ACTUAL	0
NCT03332017	2	217	217	ACTUAL	0
NCT03343054	3	28	28	ACTUAL	0
NCT03344536	1	10	10	ACTUAL	0
NCT03349450	1	25	25	ACTUAL	0
NCT03353753	2	129	129	ACTUAL	0
NCT03361306	1	15	15	ACTUAL	0
NCT03367819	2	44	44	ACTUAL	0
NCT03370302	6	28	28	ACTUAL	0
NCT03375320	4	298	298	ACTUAL	0
NCT03376659	1	8	8	ACTUAL	0
NCT03379259	6	39	39	ACTUAL	0
NCT03382600	2	100	100	ACTUAL	0
NCT03382912	2	52	52	ACTUAL	0
NCT03384940	3	86	86	ACTUAL	0
NCT03386357	2	115	115	ACTUAL	0
NCT03391232	2	11	11	ACTUAL	0
NCT03391466	2	359	359	ACTUAL	0
NCT03396471	1	14	14	ACTUAL	0
NCT03400332	9	281	281	ACTUAL	0
NCT03406156	2	120	120	ACTUAL	0
NCT03406871	1	50	50	ACTUAL	0
NCT03409614	5	789	789	ACTUAL	0
NCT03410030	3	17	17	ACTUAL	0
NCT03411031	2	18	18	ACTUAL	0
NCT03412773	3	684	684	ACTUAL	0
NCT03418922	2	30	30	ACTUAL	0
NCT03419897	1	249	249	ACTUAL	0
NCT03421652	1	20	20	ACTUAL	0
NCT03427073	8	20	20	ACTUAL	0
NCT03428126	1	29	29	ACTUAL	0
NCT03433469	1	27	27	ACTUAL	0
NCT03435107	1	33	33	ACTUAL	0
NCT03436056	3	2	2	ACTUAL	0
NCT03445533	2	481	481	ACTUAL	0
NCT03447314	18	54	54	ACTUAL	0
NCT03450057	1	38	38	ACTUAL	0
NCT03451773	2	7	7	ACTUAL	0
NCT03451825	2	21	21	ACTUAL	0
NCT03452579	2	90	90	ACTUAL	0
NCT03456726	2	20	20	ACTUAL	0
NCT03459222	6	229	229	ACTUAL	0
NCT03462719	2	211	211	ACTUAL	0
NCT03468985	4	3	3	ACTUAL	0
NCT03484923	5	196	196	ACTUAL	0
NCT03493451	3	77	77	ACTUAL	0
NCT03499899	3	88	88	ACTUAL	0
NCT03504397	2	565	565	ACTUAL	0
NCT03505710	3	181	181	ACTUAL	0
NCT03515551	8	29	29	ACTUAL	0
NCT03517449	2	827	827	ACTUAL	0
NCT03519971	2	328	328	ACTUAL	0
NCT03520920	3	41	41	ACTUAL	0
NCT03521154	2	216	216	ACTUAL	0
NCT03522298	4	30	30	ACTUAL	0
NCT03523585	2	608	608	ACTUAL	0
NCT03525834	1	40	40	ACTUAL	0
NCT03526900	1	40	40	ACTUAL	0
NCT03529110	2	524	524	ACTUAL	0
NCT03539484	7	26	26	ACTUAL	0
NCT03541369	18	64	64	ACTUAL	0
NCT03552029	2	10	10	ACTUAL	0
NCT03563716	2	135	135	ACTUAL	0
NCT03573947	1	46	46	ACTUAL	0
NCT03575351	2	184	184	ACTUAL	0
NCT03581786	2	289	289	ACTUAL	0
NCT03582033	10	83	83	ACTUAL	0
NCT03599518	5	20	20	ACTUAL	0
NCT03607539	2	397	397	ACTUAL	0
NCT03609359	1	29	29	ACTUAL	0
NCT03625323	3	187	187	ACTUAL	0
NCT03626545	3	245	245	ACTUAL	0
NCT03629925	2	357	357	ACTUAL	0
NCT03631199	5	673	673	ACTUAL	0
NCT03631706	2	304	304	ACTUAL	0
NCT03635567	2	617	617	ACTUAL	0
NCT03639610	3	35	35	ACTUAL	0
NCT03647488	1	18	18	ACTUAL	0
NCT03651271	5	100	100	ACTUAL	0
NCT03653507	2	507	507	ACTUAL	0
NCT03659136	2	103	103	ACTUAL	0
NCT03661723	2	60	60	ACTUAL	0
NCT03663166	1	19	19	ACTUAL	0
NCT03665285	9	109	109	ACTUAL	0
NCT03666988	6	31	31	ACTUAL	0
NCT03673501	2	453	453	ACTUAL	0
NCT03674827	6	36	36	ACTUAL	0
NCT03676192	2	689	689	ACTUAL	0
NCT03679754	1	36	36	ACTUAL	0
NCT03679767	4	121	121	ACTUAL	0
NCT03681951	6	8	8	ACTUAL	0
NCT03692325	1	33	33	ACTUAL	0
NCT03694522	2	155	155	ACTUAL	0
NCT03697304	8	211	211	ACTUAL	0
NCT03704467	1	3	3	ACTUAL	0
NCT03711188	2	16	16	ACTUAL	0
NCT03713593	2	794	794	ACTUAL	0
NCT03724890	11	57	57	ACTUAL	0
NCT03729245	2	623	623	ACTUAL	0
NCT03730012	2	11	11	ACTUAL	0
NCT03734029	2	557	557	ACTUAL	0
NCT03734692	1	24	24	ACTUAL	0
NCT03747484	5	7	7	ACTUAL	0
NCT03750786	2	490	490	ACTUAL	0
NCT03753919	3	79	79	ACTUAL	0
NCT03759184	1	1	1	ACTUAL	0
NCT03760081	2	19	19	ACTUAL	0
NCT03769181	4	58	58	ACTUAL	0
NCT03770494	14	54	54	ACTUAL	0
NCT03774654	4	13	13	ACTUAL	0
NCT03783442	2	649	649	ACTUAL	0
NCT03783936	1	18	18	ACTUAL	0
NCT03785210	2	22	22	ACTUAL	0
NCT03785964	2	142	142	ACTUAL	0
NCT03790111	1	53	53	ACTUAL	0
NCT03792750	1	12	12	ACTUAL	0
NCT03811002	2	544	544	ACTUAL	0
NCT03817125	2	14	14	ACTUAL	0
NCT03822468	2	376	376	ACTUAL	0
NCT03823131	1	14	14	ACTUAL	0
NCT03828292	4	15	15	ACTUAL	0
NCT03829969	2	514	514	ACTUAL	0
NCT03830866	2	770	770	ACTUAL	0
NCT03834961	2	33	33	ACTUAL	0
NCT03835819	1	18	18	ACTUAL	0
NCT03837353	6	18	18	ACTUAL	0
NCT03839823	2	222	222	ACTUAL	0
NCT03840902	2	153	153	ACTUAL	0
NCT03848845	3	41	41	ACTUAL	0
NCT03849768	2	429	429	ACTUAL	0
NCT03850691	2	4	4	ACTUAL	0
NCT03859427	2	454	454	ACTUAL	0
NCT03872427	4	54	54	ACTUAL	0
NCT03873493	1	14	14	ACTUAL	0
NCT03894540	6	22	22	ACTUAL	0
NCT03899792	3	36	36	ACTUAL	0
NCT03901339	2	543	543	ACTUAL	0
NCT03905135	2	8	8	ACTUAL	0
NCT03910439	1	4	4	ACTUAL	0
NCT03911869	2	13	13	ACTUAL	0
NCT03915951	2	98	98	ACTUAL	0
NCT03917381	26	429	429	ACTUAL	0
NCT03924986	2	263	263	ACTUAL	0
NCT03934684	2	101	101	ACTUAL	0
NCT03936959	3	10	10	ACTUAL	0
NCT03941093	2	284	284	ACTUAL	0
NCT03955471	1	41	41	ACTUAL	0
NCT03957590	2	370	370	ACTUAL	0
NCT03968419	3	88	88	ACTUAL	0
NCT03972488	2	226	226	ACTUAL	0
NCT03976102	2	317	317	ACTUAL	0
NCT03981146	1	35	35	ACTUAL	0
NCT03990961	1	5	5	ACTUAL	0
NCT03999684	1	18	18	ACTUAL	0
NCT04003610	3	7	7	ACTUAL	0
NCT04003636	2	1069	1069	ACTUAL	0
NCT04005716	2	457	457	ACTUAL	0
NCT04014075	1	79	79	ACTUAL	0
NCT04024436	4	64	64	ACTUAL	0
NCT04026412	3	925	925	ACTUAL	0
NCT04031885	2	4	4	ACTUAL	0
NCT04035486	3	587	587	ACTUAL	0
NCT04044768	2	52	52	ACTUAL	0
NCT04052997	1	117	117	ACTUAL	0
NCT04062448	1	16	16	ACTUAL	0
NCT04063163	2	585	585	ACTUAL	0
NCT04075604	3	23	23	ACTUAL	0
NCT04075721	3	10	10	ACTUAL	0
NCT04083235	2	770	770	ACTUAL	0
NCT04088500	1	5	5	ACTUAL	0
NCT04099641	2	80	80	ACTUAL	0
NCT04122625	6	46	46	ACTUAL	0
NCT04134936	2	66	66	ACTUAL	0
NCT04139317	2	76	76	ACTUAL	0
NCT04144140	7	24	24	ACTUAL	0
NCT04148937	8	52	52	ACTUAL	0
NCT04149821	2	1	1	ACTUAL	0
NCT04154189	2	81	81	ACTUAL	0
NCT04164901	2	331	331	ACTUAL	0
NCT04172597	5	1	1	ACTUAL	0
NCT04179396	2	8	8	ACTUAL	0
NCT04182204	3	270	270	ACTUAL	0
NCT04189445	2	115	115	ACTUAL	0
NCT04194775	2	534	534	ACTUAL	0
NCT04197713	2	13	13	ACTUAL	0
NCT04205409	1	20	20	ACTUAL	0
NCT04209621	1	3	3	ACTUAL	0
NCT04209855	2	453	453	ACTUAL	0
NCT04211337	2	291	291	ACTUAL	0
NCT04212221	8	89	89	ACTUAL	0
NCT04217317	1	6	6	ACTUAL	0
NCT04221438	1	3	3	ACTUAL	0
NCT04222972	2	223	223	ACTUAL	0
NCT04231981	1	18	18	ACTUAL	0
NCT04236141	2	42	42	ACTUAL	0
NCT04238819	7	47	47	ACTUAL	0
NCT04248829	2	393	393	ACTUAL	0
NCT04251533	3	137	137	ACTUAL	0
NCT04268277	1	22	22	ACTUAL	0
NCT04284774	1	5	5	ACTUAL	0
NCT04285567	2	166	166	ACTUAL	0
NCT04296942	3	1	1	ACTUAL	0
NCT04313504	1	10	10	ACTUAL	0
NCT04313608	2	23	23	ACTUAL	0
NCT04316182	1	24	24	ACTUAL	0
NCT04320888	1	1	1	ACTUAL	0
NCT04322539	2	691	691	ACTUAL	0
NCT04323436	3	31	31	ACTUAL	0
NCT04329949	1	43	43	ACTUAL	0
NCT04349267	7	44	44	ACTUAL	0
NCT04364620	1	35	35	ACTUAL	0
NCT04387071	1	2	2	ACTUAL	0
NCT04394624	2	31	31	ACTUAL	0
NCT04400474	6	93	93	ACTUAL	0
NCT04408599	7	46	46	ACTUAL	0
NCT04408924	1	44	44	ACTUAL	0
NCT04439123	1	35	35	ACTUAL	0
NCT04439253	1	4	4	ACTUAL	0
NCT04439357	1	4	4	ACTUAL	0
NCT04442126	9	52	52	ACTUAL	0
NCT04452877	1	40	40	ACTUAL	0
NCT04455620	5	49	49	ACTUAL	0
NCT04466891	2	87	87	ACTUAL	0
NCT04479436	2	40	40	ACTUAL	0
NCT04484142	1	137	137	ACTUAL	0
NCT04488822	1	40	40	ACTUAL	0
NCT04499924	2	17	17	ACTUAL	0
NCT04524689	6	57	57	ACTUAL	0
NCT04527991	2	711	711	ACTUAL	0
NCT04535401	4	10	10	ACTUAL	0
NCT04538378	1	4	4	ACTUAL	0
NCT04567615	3	266	266	ACTUAL	0
NCT04579757	9	87	87	ACTUAL	0
NCT04581824	2	243	243	ACTUAL	0
NCT04585815	8	34	34	ACTUAL	0
NCT04601857	2	43	43	ACTUAL	0
NCT04622774	10	56	56	ACTUAL	0
NCT04627064	2	11	11	ACTUAL	0
NCT04629339	5	16	16	ACTUAL	0
NCT04632459	1	26	26	ACTUAL	0
NCT04632992	14	252	252	ACTUAL	0
NCT04633278	2	24	24	ACTUAL	0
NCT04634825	2	62	62	ACTUAL	0
NCT04639245	1	1	1	ACTUAL	0
NCT04646005	1	113	113	ACTUAL	0
NCT04649060	2	54	54	ACTUAL	0
NCT04649359	2	187	187	ACTUAL	0
NCT04655976	3	758	758	ACTUAL	0
NCT04665856	2	123	123	ACTUAL	0
NCT04666038	2	238	238	ACTUAL	0
NCT04690855	1	1	1	ACTUAL	0
NCT04695977	2	20	20	ACTUAL	0
NCT04696055	2	95	95	ACTUAL	0
NCT04698187	1	44	44	ACTUAL	0
NCT04699630	3	121	121	ACTUAL	0
NCT04702880	2	135	135	ACTUAL	0
NCT04704154	6	175	175	ACTUAL	0
NCT04716634	3	84	84	ACTUAL	0
NCT04716933	2	201	201	ACTUAL	0
NCT04719273	1	14	14	ACTUAL	0
NCT04729387	2	358	358	ACTUAL	0
NCT04732494	2	125	125	ACTUAL	0
NCT04738292	1	11	11	ACTUAL	0
NCT04751929	4	19	19	ACTUAL	0
NCT04753658	1	15	15	ACTUAL	0
NCT04768686	2	20	20	ACTUAL	0
NCT04783415	1	12	12	ACTUAL	0
NCT04798586	1	4	4	ACTUAL	0
NCT04816214	3	6	6	ACTUAL	0
NCT04820023	10	45	45	ACTUAL	0
NCT04822298	1	3	3	ACTUAL	0
NCT04824794	11	130	130	ACTUAL	0
NCT04852679	1	43	43	ACTUAL	0
NCT04875806	5	40	40	ACTUAL	0
NCT04885998	4	23	23	ACTUAL	0
NCT04896658	5	10	10	ACTUAL	0
NCT04899349	2	2	2	ACTUAL	0
NCT04907227	2	81	81	ACTUAL	0
NCT04907851	3	45	45	ACTUAL	0
NCT04913220	4	46	46	ACTUAL	0
NCT04914897	4	106	106	ACTUAL	0
NCT04921358	2	377	377	ACTUAL	0
NCT04924062	2	158	158	ACTUAL	0
NCT04924608	2	145	145	ACTUAL	0
NCT04933617	2	8	8	ACTUAL	0
NCT04934722	2	186	186	ACTUAL	0
NCT04940052	2	153	153	ACTUAL	0
NCT04979988	2	51	51	ACTUAL	0
NCT04985604	2	23	23	ACTUAL	0
NCT04995419	1	40	40	ACTUAL	0
NCT04996004	6	76	76	ACTUAL	0
NCT04999969	1	126	126	ACTUAL	0
NCT05004350	3	107	107	ACTUAL	0
NCT05014815	2	272	272	ACTUAL	0
NCT05014828	4	58	58	ACTUAL	0
NCT05041257	1	79	79	ACTUAL	0
NCT05054725	2	47	47	ACTUAL	0
NCT05057247	1	26	26	ACTUAL	0
NCT05059262	2	123	123	ACTUAL	0
NCT05061420	3	59	59	ACTUAL	0
NCT05068440	1	65	65	ACTUAL	0
NCT05071053	1	35	35	ACTUAL	0
NCT05087992	3	13	13	ACTUAL	0
NCT05091346	5	89	89	ACTUAL	0
NCT05093322	2	13	13	ACTUAL	0
NCT05104567	7	138	138	ACTUAL	0
NCT05113966	1	30	30	ACTUAL	0
NCT05144009	2	41	41	ACTUAL	0
NCT05160168	10	32	32	ACTUAL	0
NCT05169567	2	368	368	ACTUAL	0
NCT05177042	1	45	45	ACTUAL	0
NCT05179603	1	14	14	ACTUAL	0
NCT05198349	4	15	15	ACTUAL	0
NCT05215951	1	4	4	ACTUAL	0
NCT05222555	2	53	53	ACTUAL	0
NCT05245071	1	22	22	ACTUAL	0
NCT05267470	5	74	74	ACTUAL	0
NCT05323656	2	55	55	ACTUAL	0
NCT05326464	2	18	18	ACTUAL	0
NCT05374538	5	3	3	ACTUAL	0
NCT05382936	4	20	20	ACTUAL	0
NCT05407675	13	68	68	ACTUAL	0
NCT05431777	1	79	79	ACTUAL	0
NCT05435339	8	31	31	ACTUAL	0
NCT05440786	2	46	46	ACTUAL	0
NCT05445843	2	95	95	ACTUAL	0
NCT05461794	3	96	96	ACTUAL	0
NCT05491317	2	13	13	ACTUAL	0
NCT05513703	1	9	9	ACTUAL	0
NCT05513742	1	49	49	ACTUAL	0
NCT05543629	8	36	36	ACTUAL	0
NCT05565391	3	508	508	ACTUAL	0
NCT05577715	1	31	31	ACTUAL	0
NCT05613088	2	106	106	ACTUAL	0
NCT05619172	1	16	16	ACTUAL	0
NCT05765734	7	18	18	ACTUAL	0
NCT05804045	2	94	94	ACTUAL	0
NCT05909904	4	160	160	ACTUAL	0
NCT05983367	2	76	76	ACTUAL	0
NCT05986682	1	30	30	ACTUAL	0
NCT06018129	4	9	9	ACTUAL	0
NCT06029127	2	35	35	ACTUAL	0
NCT06528093	3	8	8	ACTUAL	0
NCT06790303	1	8	8	ACTUAL	0
NCT06837090	1	20	20	ACTUAL	0
NCT07084896	7	106	106	ACTUAL	0
NCT00062868	21	73	74	ACTUAL	-1
NCT00093964	2	80	81	ACTUAL	-1
NCT00095199	4	938	939	ACTUAL	-1
NCT00096993	2	130	131	ACTUAL	-1
NCT00268905	3	63	64	ACTUAL	-1
NCT00283244	3	146	147	ACTUAL	-1
NCT00320541	2	186	187	ACTUAL	-1
NCT00331630	1	29	30	ACTUAL	-1
NCT00408564	1	38	39	ACTUAL	-1
NCT00437268	2	25	26	ACTUAL	-1
NCT00437294	2	85	86	ACTUAL	-1
NCT00478426	1	33	34	ACTUAL	-1
NCT00526669	1	67	68	ACTUAL	-1
NCT00535873	1	60	61	ACTUAL	-1
NCT00586495	1	94	95	ACTUAL	-1
NCT00639509	1	23	24	ACTUAL	-1
NCT00642954	5	30	31	ACTUAL	-1
NCT00651742	1	27	28	ACTUAL	-1
NCT00769704	2	436	437	ACTUAL	-1
NCT00788775	2	19	20	ACTUAL	-1
NCT00827359	1	24	25	ACTUAL	-1
NCT00842257	1	19	20	ACTUAL	-1
NCT00859937	2	54	55	ACTUAL	-1
NCT00951379	2	51	52	ACTUAL	-1
NCT01041781	2	312	313	ACTUAL	-1
NCT01069627	1	19	20	ACTUAL	-1
NCT01085331	4	15	16	ACTUAL	-1
NCT01101334	2	89	90	ACTUAL	-1
NCT01108341	1	49	50	ACTUAL	-1
NCT01115803	8	28	29	ACTUAL	-1
NCT01121406	2	109	110	ACTUAL	-1
NCT01125176	1	14	15	ACTUAL	-1
NCT01149343	4	106	107	ACTUAL	-1
NCT01153971	1	46	47	ACTUAL	-1
NCT01159171	1	49	50	ACTUAL	-1
NCT01159574	1	120	121	ACTUAL	-1
NCT01181609	1	53	54	ACTUAL	-1
NCT01193868	1	5	6	ACTUAL	-1
NCT01196078	2	113	114	ACTUAL	-1
NCT01204697	2	73	74	ACTUAL	-1
NCT01222767	1	16	17	ACTUAL	-1
NCT01241292	2	6	7	ACTUAL	-1
NCT01251653	9	93	94	ACTUAL	-1
NCT01337050	3	35	36	ACTUAL	-1
NCT01439568	2	89	90	ACTUAL	-1
NCT01458249	2	51	52	ACTUAL	-1
NCT01478373	1	38	39	ACTUAL	-1
NCT01506596	1	41	42	ACTUAL	-1
NCT01560923	2	46	47	ACTUAL	-1
NCT01652469	2	80	81	ACTUAL	-1
NCT01684215	4	60	61	ACTUAL	-1
NCT01775930	1	9	10	ACTUAL	-1
NCT01868022	9	64	65	ACTUAL	-1
NCT01876784	2	237	238	ACTUAL	-1
NCT01881789	6	21	22	ACTUAL	-1
NCT01907815	2	23	24	ACTUAL	-1
NCT01937715	5	17	18	ACTUAL	-1
NCT01946152	4	20	21	ACTUAL	-1
NCT01957644	5	15	16	ACTUAL	-1
NCT01969565	1	0	1	ACTUAL	-1
NCT02013830	1	44	45	ACTUAL	-1
NCT02014441	1	60	61	ACTUAL	-1
NCT02034916	2	83	84	ACTUAL	-1
NCT02095132	9	75	76	ACTUAL	-1
NCT02097225	4	21	22	ACTUAL	-1
NCT02106884	2	145	146	ACTUAL	-1
NCT02132598	1	4	5	ACTUAL	-1
NCT02171260	4	22	23	ACTUAL	-1
NCT02215096	4	36	37	ACTUAL	-1
NCT02260440	1	30	31	ACTUAL	-1
NCT02275910	12	39	40	ACTUAL	-1
NCT02291614	11	44	45	ACTUAL	-1
NCT02304406	1	448	449	ACTUAL	-1
NCT02341456	3	18	19	ACTUAL	-1
NCT02364609	2	10	11	ACTUAL	-1
NCT02406742	3	46	47	ACTUAL	-1
NCT02481050	1	57	58	ACTUAL	-1
NCT02489123	1	7	8	ACTUAL	-1
NCT02491892	2	78	79	ACTUAL	-1
NCT02495233	2	9	10	ACTUAL	-1
NCT02501473	7	51	52	ACTUAL	-1
NCT02509052	3	11	12	ACTUAL	-1
NCT02520141	1	60	61	ACTUAL	-1
NCT02540291	4	30	31	ACTUAL	-1
NCT02557516	4	21	22	ACTUAL	-1
NCT02604511	1	30	31	ACTUAL	-1
NCT02644122	1	0	1	ACTUAL	-1
NCT02657369	1	33	34	ACTUAL	-1
NCT02658019	1	28	29	ACTUAL	-1
NCT02713529	6	116	117	ACTUAL	-1
NCT02730247	1	6	7	ACTUAL	-1
NCT02732119	5	103	104	ACTUAL	-1
NCT02736617	1	9	10	ACTUAL	-1
NCT02737475	27	165	166	ACTUAL	-1
NCT02743221	2	153	154	ACTUAL	-1
NCT02754882	2	762	763	ACTUAL	-1
NCT02756364	3	140	141	ACTUAL	-1
NCT02762513	1	28	29	ACTUAL	-1
NCT02763254	1	0	1	ACTUAL	-1
NCT02768701	1	39	40	ACTUAL	-1
NCT02799069	3	570	571	ACTUAL	-1
NCT02823990	1	12	13	ACTUAL	-1
NCT02834975	1	25	26	ACTUAL	-1
NCT02893930	1	12	13	ACTUAL	-1
NCT02906332	1	11	12	ACTUAL	-1
NCT02919696	2	25	26	ACTUAL	-1
NCT02964507	8	123	124	ACTUAL	-1
NCT03035890	1	34	35	ACTUAL	-1
NCT03057366	2	7	8	ACTUAL	-1
NCT03057600	4	51	52	ACTUAL	-1
NCT03097328	1	38	39	ACTUAL	-1
NCT03141359	1	60	61	ACTUAL	-1
NCT03175172	1	9	10	ACTUAL	-1
NCT03181308	2	10	11	ACTUAL	-1
NCT03213678	1	17	18	ACTUAL	-1
NCT03213691	1	20	21	ACTUAL	-1
NCT03232892	1	0	1	ACTUAL	-1
NCT03245151	5	63	64	ACTUAL	-1
NCT03255018	2	11	12	ACTUAL	-1
NCT03260504	2	5	6	ACTUAL	-1
NCT03287804	1	11	12	ACTUAL	-1
NCT03291054	1	0	1	ACTUAL	-1
NCT03311126	1	20	21	ACTUAL	-1
NCT03318939	7	647	648	ACTUAL	-1
NCT03330197	2	5	6	ACTUAL	-1
NCT03334617	22	527	528	ACTUAL	-1
NCT03365791	1	75	76	ACTUAL	-1
NCT03368196	1	11	12	ACTUAL	-1
NCT03420521	1	8	9	ACTUAL	-1
NCT03428802	1	20	21	ACTUAL	-1
NCT03430063	3	27	28	ACTUAL	-1
NCT03430791	2	4	5	ACTUAL	-1
NCT03438396	1	101	102	ACTUAL	-1
NCT03445000	1	13	14	ACTUAL	-1
NCT03453164	1	40	41	ACTUAL	-1
NCT03489343	7	23	24	ACTUAL	-1
NCT03520959	2	0	1	ACTUAL	-1
NCT03571828	2	9	10	ACTUAL	-1
NCT03621982	2	77	78	ACTUAL	-1
NCT03684694	6	135	136	ACTUAL	-1
NCT03685344	4	12	13	ACTUAL	-1
NCT03739619	1	2	3	ACTUAL	-1
NCT03745222	3	0	1	ACTUAL	-1
NCT03829501	23	221	222	ACTUAL	-1
NCT03929029	2	10	11	ACTUAL	-1
NCT03991130	1	5	6	ACTUAL	-1
NCT03999749	1	70	71	ACTUAL	-1
NCT04003623	2	0	1	ACTUAL	-1
NCT04068181	4	71	72	ACTUAL	-1
NCT04075396	2	28	29	ACTUAL	-1
NCT04082364	5	81	82	ACTUAL	-1
NCT04166383	1	13	14	ACTUAL	-1
NCT04181333	1	7	8	ACTUAL	-1
NCT04187833	1	7	8	ACTUAL	-1
NCT04195555	1	2	3	ACTUAL	-1
NCT04220775	2	2	3	ACTUAL	-1
NCT04267120	1	10	11	ACTUAL	-1
NCT04282980	1	38	39	ACTUAL	-1
NCT04296890	1	105	106	ACTUAL	-1
NCT04339062	2	11	12	ACTUAL	-1
NCT04377932	3	13	14	ACTUAL	-1
NCT04393454	1	5	6	ACTUAL	-1
NCT04407442	1	4	5	ACTUAL	-1
NCT04426825	1	22	23	ACTUAL	-1
NCT04439266	1	4	5	ACTUAL	-1
NCT04477486	1	12	13	ACTUAL	-1
NCT04515394	1	2	3	ACTUAL	-1
NCT04611126	2	5	6	ACTUAL	-1
NCT04619797	2	541	542	ACTUAL	-1
NCT04656652	2	604	605	ACTUAL	-1
NCT04659044	1	2	3	ACTUAL	-1
NCT04720417	1	12	13	ACTUAL	-1
NCT04753216	1	2	3	ACTUAL	-1
NCT04887831	2	91	92	ACTUAL	-1
NCT04893018	2	7	8	ACTUAL	-1
NCT04926831	1	3	4	ACTUAL	-1
NCT04933695	1	41	42	ACTUAL	-1
NCT05005273	2	0	1	ACTUAL	-1
NCT05020015	4	26	27	ACTUAL	-1
NCT05126433	3	46	47	ACTUAL	-1
NCT05159388	5	45	46	ACTUAL	-1
NCT05164666	2	1	2	ACTUAL	-1
NCT05198843	1	0	1	ACTUAL	-1
NCT05397171	3	16	17	ACTUAL	-1
NCT05911321	1	5	6	ACTUAL	-1
NCT06094296	3	0	1	ACTUAL	-1
NCT06502977	1	31	32	ACTUAL	-1
NCT00086957	1	29	31	ACTUAL	-2
NCT00226239	1	37	39	ACTUAL	-2
NCT00234052	1	49	51	ACTUAL	-2
NCT00319254	1	73	75	ACTUAL	-2
NCT00347438	1	16	18	ACTUAL	-2
NCT00352690	2	8	10	ACTUAL	-2
NCT00436852	2	90	92	ACTUAL	-2
NCT00470704	2	85	87	ACTUAL	-2
NCT00536939	1	0	2	ACTUAL	-2
NCT00553254	3	53	55	ACTUAL	-2
NCT00560352	3	14	16	ACTUAL	-2
NCT00773747	2	635	637	ACTUAL	-2
NCT00793871	1	58	60	ACTUAL	-2
NCT00900562	2	17	19	ACTUAL	-2
NCT00904839	2	126	128	ACTUAL	-2
NCT00913835	2	123	125	ACTUAL	-2
NCT00920790	1	26	28	ACTUAL	-2
NCT00942162	3	123	125	ACTUAL	-2
NCT00959946	10	30	32	ACTUAL	-2
NCT01010126	6	250	252	ACTUAL	-2
NCT01183858	2	313	315	ACTUAL	-2
NCT01200797	1	17	19	ACTUAL	-2
NCT01264380	1	14	16	ACTUAL	-2
NCT01266018	2	20	22	ACTUAL	-2
NCT01278615	1	14	16	ACTUAL	-2
NCT01310231	2	38	40	ACTUAL	-2
NCT01383928	2	62	64	ACTUAL	-2
NCT01391130	2	108	110	ACTUAL	-2
NCT01393730	1	38	40	ACTUAL	-2
NCT01411345	2	35	37	ACTUAL	-2
NCT01433991	4	28	30	ACTUAL	-2
NCT01589302	1	152	154	ACTUAL	-2
NCT01609556	4	204	206	ACTUAL	-2
NCT01676818	1	30	32	ACTUAL	-2
NCT01696045	2	12	14	ACTUAL	-2
NCT01730729	1	18	20	ACTUAL	-2
NCT01763788	4	190	192	ACTUAL	-2
NCT01764022	2	223	225	ACTUAL	-2
NCT01778530	1	0	2	ACTUAL	-2
NCT01874054	1	53	55	ACTUAL	-2
NCT01945021	1	127	129	ACTUAL	-2
NCT01999335	5	31	33	ACTUAL	-2
NCT02027376	3	10	12	ACTUAL	-2
NCT02071225	1	70	72	ACTUAL	-2
NCT02089334	4	22	24	ACTUAL	-2
NCT02138786	1	25	27	ACTUAL	-2
NCT02151981	2	419	421	ACTUAL	-2
NCT02185768	1	44	46	ACTUAL	-2
NCT02204982	2	11	13	ACTUAL	-2
NCT02384239	2	68	70	ACTUAL	-2
NCT02401815	10	49	51	ACTUAL	-2
NCT02406781	8	127	129	ACTUAL	-2
NCT02452554	6	60	62	ACTUAL	-2
NCT02509039	4	13	15	ACTUAL	-2
NCT02536742	1	122	124	ACTUAL	-2
NCT02561962	9	40	42	ACTUAL	-2
NCT02606305	15	262	264	ACTUAL	-2
NCT02613221	1	54	56	ACTUAL	-2
NCT02658084	1	0	2	ACTUAL	-2
NCT02658812	1	9	11	ACTUAL	-2
NCT02661815	4	4	6	ACTUAL	-2
NCT02675452	29	139	141	ACTUAL	-2
NCT02681523	1	6	8	ACTUAL	-2
NCT02683941	2	75	77	ACTUAL	-2
NCT02706353	6	32	34	ACTUAL	-2
NCT02706405	8	28	30	ACTUAL	-2
NCT02733159	1	60	62	ACTUAL	-2
NCT02989857	2	185	187	ACTUAL	-2
NCT03011372	1	45	47	ACTUAL	-2
NCT03014648	3	26	28	ACTUAL	-2
NCT03026166	2	40	42	ACTUAL	-2
NCT03045328	1	20	22	ACTUAL	-2
NCT03071094	1	12	14	ACTUAL	-2
NCT03071406	2	48	50	ACTUAL	-2
NCT03093155	2	76	78	ACTUAL	-2
NCT03102242	1	62	64	ACTUAL	-2
NCT03122548	1	3	5	ACTUAL	-2
NCT03230318	2	146	148	ACTUAL	-2
NCT03251924	9	78	80	ACTUAL	-2
NCT03256344	2	34	36	ACTUAL	-2
NCT03348904	3	0	2	ACTUAL	-2
NCT03354390	4	15	17	ACTUAL	-2
NCT03514017	1	3	5	ACTUAL	-2
NCT03520075	19	190	192	ACTUAL	-2
NCT03565991	2	200	202	ACTUAL	-2
NCT03725605	1	4	6	ACTUAL	-2
NCT03737994	4	8	10	ACTUAL	-2
NCT03754933	1	8	10	ACTUAL	-2
NCT03846427	1	66	68	ACTUAL	-2
NCT03965689	1	25	27	ACTUAL	-2
NCT04068610	3	59	61	ACTUAL	-2
NCT04099277	1	0	2	ACTUAL	-2
NCT04128696	2	313	315	ACTUAL	-2
NCT04171700	2	81	83	ACTUAL	-2
NCT04191616	1	52	54	ACTUAL	-2
NCT04208958	1	54	56	ACTUAL	-2
NCT04251169	1	18	20	ACTUAL	-2
NCT04302324	1	9	11	ACTUAL	-2
NCT04401800	1	62	64	ACTUAL	-2
NCT04439279	1	33	35	ACTUAL	-2
NCT04508140	2	16	18	ACTUAL	-2
NCT04514484	1	6	8	ACTUAL	-2
NCT04544995	7	45	47	ACTUAL	-2
NCT04570332	1	40	42	ACTUAL	-2
NCT04574583	3	10	12	ACTUAL	-2
NCT04577807	4	25	27	ACTUAL	-2
NCT04619004	2	275	277	ACTUAL	-2
NCT04704219	1	158	160	ACTUAL	-2
NCT04837196	5	22	24	ACTUAL	-2
NCT04904185	2	6	8	ACTUAL	-2
NCT05017103	1	4	6	ACTUAL	-2
NCT05148234	1	0	2	ACTUAL	-2
NCT05311176	1	5	7	ACTUAL	-2
NCT05460273	2	117	119	ACTUAL	-2
NCT05534789	1	104	106	ACTUAL	-2
NCT05714345	2	0	2	ACTUAL	-2
NCT05751629	1	39	41	ACTUAL	-2
NCT00010257	2	43	46	ACTUAL	-3
NCT00100932	2	103	106	ACTUAL	-3
NCT00101283	2	29	32	ACTUAL	-3
NCT00278993	1	105	108	ACTUAL	-3
NCT00326911	2	58	61	ACTUAL	-3
NCT00402051	2	130	133	ACTUAL	-3
NCT00404248	1	32	35	ACTUAL	-3
NCT00422903	2	89	92	ACTUAL	-3
NCT00424645	2	0	3	ACTUAL	-3
NCT00451178	2	98	101	ACTUAL	-3
NCT00458237	2	8	11	ACTUAL	-3
NCT00509821	1	57	60	ACTUAL	-3
NCT00576901	1	20	23	ACTUAL	-3
NCT00648739	6	23	26	ACTUAL	-3
NCT00721734	5	47	50	ACTUAL	-3
NCT00729482	1	51	54	ACTUAL	-3
NCT00806286	2	108	111	ACTUAL	-3
NCT00873119	2	86	89	ACTUAL	-3
NCT00911820	2	85	88	ACTUAL	-3
NCT00924443	1	66	69	ACTUAL	-3
NCT00936611	1	36	39	ACTUAL	-3
NCT00986440	2	81	84	ACTUAL	-3
NCT01030536	4	20	23	ACTUAL	-3
NCT01077713	2	83	86	ACTUAL	-3
NCT01107418	1	49	52	ACTUAL	-3
NCT01121575	6	67	70	ACTUAL	-3
NCT01196741	2	104	107	ACTUAL	-3
NCT01280643	9	0	3	ACTUAL	-3
NCT01286753	2	48	51	ACTUAL	-3
NCT01316523	1	27	30	ACTUAL	-3
NCT01326481	1	16	19	ACTUAL	-3
NCT01440816	1	12	15	ACTUAL	-3
NCT01463982	4	18	21	ACTUAL	-3
NCT01532089	2	85	88	ACTUAL	-3
NCT01690624	3	27	30	ACTUAL	-3
NCT01743560	1	49	52	ACTUAL	-3
NCT01746225	3	255	258	ACTUAL	-3
NCT01770353	4	42	45	ACTUAL	-3
NCT01828021	1	22	25	ACTUAL	-3
NCT01895946	2	30	33	ACTUAL	-3
NCT02001974	3	30	33	ACTUAL	-3
NCT02038010	2	14	17	ACTUAL	-3
NCT02392507	1	51	54	ACTUAL	-3
NCT02393690	2	57	60	ACTUAL	-3
NCT02425891	2	899	902	ACTUAL	-3
NCT02432235	12	130	133	ACTUAL	-3
NCT02443324	6	172	175	ACTUAL	-3
NCT02501096	7	354	357	ACTUAL	-3
NCT02536794	1	27	30	ACTUAL	-3
NCT02579616	1	26	29	ACTUAL	-3
NCT02598960	13	292	295	ACTUAL	-3
NCT02603419	6	31	34	ACTUAL	-3
NCT02658890	27	624	627	ACTUAL	-3
NCT02669017	9	180	183	ACTUAL	-3
NCT02709720	1	65	68	ACTUAL	-3
NCT02711137	14	134	137	ACTUAL	-3
NCT02711852	1	16	19	ACTUAL	-3
NCT02748213	2	222	225	ACTUAL	-3
NCT02752685	3	67	70	ACTUAL	-3
NCT02788981	2	26	29	ACTUAL	-3
NCT02889900	1	59	62	ACTUAL	-3
NCT02992743	2	20	23	ACTUAL	-3
NCT03022578	1	4	7	ACTUAL	-3
NCT03029234	1	123	126	ACTUAL	-3
NCT03046953	1	32	35	ACTUAL	-3
NCT03085225	4	37	40	ACTUAL	-3
NCT03105336	2	156	159	ACTUAL	-3
NCT03107988	13	62	65	ACTUAL	-3
NCT03125902	2	650	653	ACTUAL	-3
NCT03146663	2	50	53	ACTUAL	-3
NCT03300570	2	24	27	ACTUAL	-3
NCT03338972	4	25	28	ACTUAL	-3
NCT03414047	4	169	172	ACTUAL	-3
NCT03490760	1	6	9	ACTUAL	-3
NCT03526250	1	20	23	ACTUAL	-3
NCT03595228	1	26	29	ACTUAL	-3
NCT03744468	20	144	147	ACTUAL	-3
NCT03794349	2	91	94	ACTUAL	-3
NCT03853109	8	168	171	ACTUAL	-3
NCT03904108	1	0	3	ACTUAL	-3
NCT03932331	3	102	105	ACTUAL	-3
NCT04027946	1	3	6	ACTUAL	-3
NCT04157517	10	42	45	ACTUAL	-3
NCT04163718	1	9	12	ACTUAL	-3
NCT04205630	1	61	64	ACTUAL	-3
NCT04205799	1	54	57	ACTUAL	-3
NCT04225117	8	326	329	ACTUAL	-3
NCT04282018	14	94	97	ACTUAL	-3
NCT04327986	1	0	3	ACTUAL	-3
NCT04377087	1	0	3	ACTUAL	-3
NCT04439136	1	37	40	ACTUAL	-3
NCT04447755	7	124	127	ACTUAL	-3
NCT04552704	1	0	3	ACTUAL	-3
NCT04579679	4	75	78	ACTUAL	-3
NCT04665765	1	38	41	ACTUAL	-3
NCT04752358	2	0	3	ACTUAL	-3
NCT04971187	1	0	3	ACTUAL	-3
NCT05061537	4	10	13	ACTUAL	-3
NCT05167409	3	16	19	ACTUAL	-3
NCT05243641	6	7	10	ACTUAL	-3
NCT05267054	2	50	53	ACTUAL	-3
NCT05954143	2	8	11	ACTUAL	-3
NCT00169104	2	19	23	ACTUAL	-4
NCT00193453	1	65	69	ACTUAL	-4
NCT00281840	1	26	30	ACTUAL	-4
NCT00311584	2	55	59	ACTUAL	-4
NCT00460798	1	352	356	ACTUAL	-4
NCT00520845	1	19	23	ACTUAL	-4
NCT00533702	2	102	106	ACTUAL	-4
NCT00602043	2	16	20	ACTUAL	-4
NCT00603941	1	15	19	ACTUAL	-4
NCT00654238	1	55	59	ACTUAL	-4
NCT00732992	2	8	12	ACTUAL	-4
NCT00750815	1	54	58	ACTUAL	-4
NCT00962091	7	49	53	ACTUAL	-4
NCT00965718	1	16	20	ACTUAL	-4
NCT01012258	1	66	70	ACTUAL	-4
NCT01190449	2	47	51	ACTUAL	-4
NCT01227018	1	11	15	ACTUAL	-4
NCT01268059	4	95	99	ACTUAL	-4
NCT01307267	23	186	190	ACTUAL	-4
NCT01307891	2	60	64	ACTUAL	-4
NCT01356628	1	19	23	ACTUAL	-4
NCT01514448	2	25	29	ACTUAL	-4
NCT01741792	3	21	25	ACTUAL	-4
NCT01945710	7	58	62	ACTUAL	-4
NCT01973608	4	8	12	ACTUAL	-4
NCT02002598	1	19	23	ACTUAL	-4
NCT02152137	1	15	19	ACTUAL	-4
NCT02160041	1	80	84	ACTUAL	-4
NCT02175017	2	100	104	ACTUAL	-4
NCT02249949	1	11	15	ACTUAL	-4
NCT02343549	1	9	13	ACTUAL	-4
NCT02345330	1	0	4	ACTUAL	-4
NCT02575807	5	31	35	ACTUAL	-4
NCT02626000	1	32	36	ACTUAL	-4
NCT02789345	1	25	29	ACTUAL	-4
NCT02879162	1	136	140	ACTUAL	-4
NCT02961881	5	31	35	ACTUAL	-4
NCT02982720	1	0	4	ACTUAL	-4
NCT03065179	1	25	29	ACTUAL	-4
NCT03144804	1	32	36	ACTUAL	-4
NCT03238248	1	67	71	ACTUAL	-4
NCT03246958	3	49	53	ACTUAL	-4
NCT03250273	2	40	44	ACTUAL	-4
NCT03283761	1	35	39	ACTUAL	-4
NCT03308942	5	49	53	ACTUAL	-4
NCT03321630	1	20	24	ACTUAL	-4
NCT03353675	1	40	44	ACTUAL	-4
NCT03396952	1	23	27	ACTUAL	-4
NCT03474497	1	14	18	ACTUAL	-4
NCT03558191	1	152	156	ACTUAL	-4
NCT03568461	1	94	98	ACTUAL	-4
NCT03710876	2	49	53	ACTUAL	-4
NCT03779113	14	65	69	ACTUAL	-4
NCT03786926	11	49	53	ACTUAL	-4
NCT03964727	6	223	227	ACTUAL	-4
NCT04439240	1	48	52	ACTUAL	-4
NCT04439318	1	46	50	ACTUAL	-4
NCT04534283	1	12	16	ACTUAL	-4
NCT04665843	2	119	123	ACTUAL	-4
NCT04761198	11	72	76	ACTUAL	-4
NCT04762602	8	38	42	ACTUAL	-4
NCT04854434	3	9	13	ACTUAL	-4
NCT05313009	2	1	5	ACTUAL	-4
NCT05347485	1	82	86	ACTUAL	-4
NCT05715216	1	19	23	ACTUAL	-4
NCT05731947	5	37	41	ACTUAL	-4
NCT06655818	1	0	4	ACTUAL	-4
NCT00112905	1	22	27	ACTUAL	-5
NCT00252382	1	26	31	ACTUAL	-5
NCT00263588	2	237	242	ACTUAL	-5
NCT00429312	1	5	10	ACTUAL	-5
NCT00444795	1	515	520	ACTUAL	-5
NCT00530621	2	155	160	ACTUAL	-5
NCT00555906	6	48	53	ACTUAL	-5
NCT00588341	1	19	24	ACTUAL	-5
NCT00617773	1	26	31	ACTUAL	-5
NCT00632424	3	18	23	ACTUAL	-5
NCT00725712	2	69	74	ACTUAL	-5
NCT00828074	1	41	46	ACTUAL	-5
NCT00834093	1	13	18	ACTUAL	-5
NCT00890825	2	83	88	ACTUAL	-5
NCT00946153	5	61	66	ACTUAL	-5
NCT00993499	6	39	44	ACTUAL	-5
NCT00998296	11	65	70	ACTUAL	-5
NCT01133990	3	0	5	ACTUAL	-5
NCT01177956	1	68	73	ACTUAL	-5
NCT01182285	1	8	13	ACTUAL	-5
NCT01185366	2	68	73	ACTUAL	-5
NCT01343043	4	45	50	ACTUAL	-5
NCT01391962	4	29	34	ACTUAL	-5
NCT01469000	2	190	195	ACTUAL	-5
NCT01651039	1	27	32	ACTUAL	-5
NCT01660451	3	222	227	ACTUAL	-5
NCT01664533	1	52	57	ACTUAL	-5
NCT01688973	2	50	55	ACTUAL	-5
NCT01846611	2	576	581	ACTUAL	-5
NCT01918306	6	6	11	ACTUAL	-5
NCT02019277	1	45	50	ACTUAL	-5
NCT02067156	1	21	26	ACTUAL	-5
NCT02092909	4	26	31	ACTUAL	-5
NCT02101775	3	119	124	ACTUAL	-5
NCT02259114	5	42	47	ACTUAL	-5
NCT02387996	1	265	270	ACTUAL	-5
NCT02442349	1	166	171	ACTUAL	-5
NCT02588612	1	5	10	ACTUAL	-5
NCT02616185	2	86	91	ACTUAL	-5
NCT02724878	1	60	65	ACTUAL	-5
NCT02867592	6	104	109	ACTUAL	-5
NCT02952248	7	105	110	ACTUAL	-5
NCT02979899	2	123	128	ACTUAL	-5
NCT03318900	3	0	5	ACTUAL	-5
NCT03444376	1	60	65	ACTUAL	-5
NCT03834220	3	58	63	ACTUAL	-5
NCT03906071	2	572	577	ACTUAL	-5
NCT03922100	13	58	63	ACTUAL	-5
NCT04147234	7	37	42	ACTUAL	-5
NCT04165031	5	0	5	ACTUAL	-5
NCT04173507	1	42	47	ACTUAL	-5
NCT04206787	1	67	72	ACTUAL	-5
NCT04358458	8	41	46	ACTUAL	-5
NCT04439214	1	42	47	ACTUAL	-5
NCT04579380	9	212	217	ACTUAL	-5
NCT04764474	8	41	46	ACTUAL	-5
NCT04812535	4	25	30	ACTUAL	-5
NCT05255601	1	0	5	ACTUAL	-5
NCT05949632	1	0	5	ACTUAL	-5
NCT06024174	2	0	5	ACTUAL	-5
NCT00364923	1	109	115	ACTUAL	-6
NCT00434252	2	208	214	ACTUAL	-6
NCT00478777	1	144	150	ACTUAL	-6
NCT00545077	2	374	380	ACTUAL	-6
NCT00565370	1	16	22	ACTUAL	-6
NCT00661830	2	97	103	ACTUAL	-6
NCT00768664	1	63	69	ACTUAL	-6
NCT00983801	1	52	58	ACTUAL	-6
NCT01081041	3	181	187	ACTUAL	-6
NCT01268566	1	56	62	ACTUAL	-6
NCT01348919	1	5	11	ACTUAL	-6
NCT01554371	1	38	44	ACTUAL	-6
NCT01664182	2	35	41	ACTUAL	-6
NCT01668017	5	20	26	ACTUAL	-6
NCT01876082	2	66	72	ACTUAL	-6
NCT01885195	1	104	110	ACTUAL	-6
NCT01951586	2	220	226	ACTUAL	-6
NCT01966120	2	81	87	ACTUAL	-6
NCT01978236	1	0	6	ACTUAL	-6
NCT02082210	4	91	97	ACTUAL	-6
NCT02162771	2	134	140	ACTUAL	-6
NCT02246127	2	135	141	ACTUAL	-6
NCT02255110	1	0	6	ACTUAL	-6
NCT02302339	4	126	132	ACTUAL	-6
NCT02564744	5	94	100	ACTUAL	-6
NCT02631577	2	32	38	ACTUAL	-6
NCT02640508	1	23	29	ACTUAL	-6
NCT02720510	2	0	6	ACTUAL	-6
NCT02842827	8	39	45	ACTUAL	-6
NCT02880371	6	76	82	ACTUAL	-6
NCT03029598	1	23	29	ACTUAL	-6
NCT03123055	1	22	28	ACTUAL	-6
NCT03207347	2	31	37	ACTUAL	-6
NCT03391973	1	27	33	ACTUAL	-6
NCT03654729	3	285	291	ACTUAL	-6
NCT03814005	3	11	17	ACTUAL	-6
NCT03921866	1	185	191	ACTUAL	-6
NCT04137289	9	104	110	ACTUAL	-6
NCT04376502	1	6	12	ACTUAL	-6
NCT04454489	1	15	21	ACTUAL	-6
NCT04457778	11	52	58	ACTUAL	-6
NCT04699461	2	0	6	ACTUAL	-6
NCT04880863	1	32	38	ACTUAL	-6
NCT05691829	1	13	19	ACTUAL	-6
NCT00019682	2	178	185	ACTUAL	-7
NCT00125034	2	337	344	ACTUAL	-7
NCT00397488	1	71	78	ACTUAL	-7
NCT00539617	1	0	7	ACTUAL	-7
NCT00647426	1	0	7	ACTUAL	-7
NCT00730158	2	26	33	ACTUAL	-7
NCT00796757	1	139	146	ACTUAL	-7
NCT00807495	5	41	48	ACTUAL	-7
NCT00911170	2	840	847	ACTUAL	-7
NCT00929162	2	113	120	ACTUAL	-7
NCT01171898	4	120	127	ACTUAL	-7
NCT01212107	12	87	94	ACTUAL	-7
NCT01332721	1	31	38	ACTUAL	-7
NCT01334515	2	45	52	ACTUAL	-7
NCT01738594	2	0	7	ACTUAL	-7
NCT01752933	2	45	52	ACTUAL	-7
NCT01772004	23	1749	1756	ACTUAL	-7
NCT01788566	1	54	61	ACTUAL	-7
NCT01853644	1	24	31	ACTUAL	-7
NCT01901653	2	75	82	ACTUAL	-7
NCT01905943	12	972	979	ACTUAL	-7
NCT02213133	3	38	45	ACTUAL	-7
NCT02259231	7	34	41	ACTUAL	-7
NCT02329860	2	393	400	ACTUAL	-7
NCT02516813	9	45	52	ACTUAL	-7
NCT02725268	4	234	241	ACTUAL	-7
NCT02901899	1	38	45	ACTUAL	-7
NCT02981342	3	99	106	ACTUAL	-7
NCT03215810	1	13	20	ACTUAL	-7
NCT03251378	7	122	129	ACTUAL	-7
NCT03332667	4	38	45	ACTUAL	-7
NCT03351231	1	0	7	ACTUAL	-7
NCT03372057	3	149	156	ACTUAL	-7
NCT03486314	2	13	20	ACTUAL	-7
NCT03744715	6	0	7	ACTUAL	-7
NCT03985423	1	0	7	ACTUAL	-7
NCT04099888	2	34	41	ACTUAL	-7
NCT04325828	1	24	31	ACTUAL	-7
NCT04565327	1	0	7	ACTUAL	-7
NCT04907539	2	18	25	ACTUAL	-7
NCT05714553	2	12	19	ACTUAL	-7
NCT00298896	1	47	55	ACTUAL	-8
NCT00415636	6	23	31	ACTUAL	-8
NCT00463788	2	173	181	ACTUAL	-8
NCT00548093	2	58	66	ACTUAL	-8
NCT00556712	2	881	889	ACTUAL	-8
NCT00593827	2	168	176	ACTUAL	-8
NCT00630552	5	130	138	ACTUAL	-8
NCT00666926	16	91	99	ACTUAL	-8
NCT00866333	3	41	49	ACTUAL	-8
NCT01282463	3	140	148	ACTUAL	-8
NCT01663857	2	110	118	ACTUAL	-8
NCT01729923	1	19	27	ACTUAL	-8
NCT02018861	10	80	88	ACTUAL	-8
NCT02048722	1	23	31	ACTUAL	-8
NCT02087241	4	14	22	ACTUAL	-8
NCT02115048	2	36	44	ACTUAL	-8
NCT02272413	2	663	671	ACTUAL	-8
NCT02395016	2	82	90	ACTUAL	-8
NCT02583269	1	16	24	ACTUAL	-8
NCT02733042	19	98	106	ACTUAL	-8
NCT02855944	2	341	349	ACTUAL	-8
NCT03525392	5	6	14	ACTUAL	-8
NCT03871829	2	80	88	ACTUAL	-8
NCT03996473	1	0	8	ACTUAL	-8
NCT04056910	1	7	15	ACTUAL	-8
NCT04072445	1	20	28	ACTUAL	-8
NCT04628780	6	29	37	ACTUAL	-8
NCT04984811	1	25	33	ACTUAL	-8
NCT05493501	3	0	8	ACTUAL	-8
NCT00161213	1	35	44	ACTUAL	-9
NCT00379639	5	27	36	ACTUAL	-9
NCT00411450	2	107	116	ACTUAL	-9
NCT00447421	1	0	9	ACTUAL	-9
NCT00490776	1	0	9	ACTUAL	-9
NCT00602030	2	132	141	ACTUAL	-9
NCT00728468	1	7	16	ACTUAL	-9
NCT00753675	3	165	174	ACTUAL	-9
NCT00848510	4	32	41	ACTUAL	-9
NCT01017601	2	50	59	ACTUAL	-9
NCT01032291	2	42	51	ACTUAL	-9
NCT01222715	2	78	87	ACTUAL	-9
NCT01286987	7	104	113	ACTUAL	-9
NCT01351623	1	35	44	ACTUAL	-9
NCT01423604	2	127	136	ACTUAL	-9
NCT01607905	7	183	192	ACTUAL	-9
NCT01773421	3	36	45	ACTUAL	-9
NCT01992653	8	76	85	ACTUAL	-9
NCT02045095	7	20	29	ACTUAL	-9
NCT02073123	3	122	131	ACTUAL	-9
NCT02227108	1	28	37	ACTUAL	-9
NCT02243605	2	81	90	ACTUAL	-9
NCT02448381	2	160	169	ACTUAL	-9
NCT02676778	3	36	45	ACTUAL	-9
NCT02747043	2	247	256	ACTUAL	-9
NCT02839707	3	435	444	ACTUAL	-9
NCT02879617	1	38	47	ACTUAL	-9
NCT03109873	2	0	9	ACTUAL	-9
NCT03188432	1	41	50	ACTUAL	-9
NCT03261947	5	92	101	ACTUAL	-9
NCT03395080	8	102	111	ACTUAL	-9
NCT03797326	8	602	611	ACTUAL	-9
NCT04020185	8	31	40	ACTUAL	-9
NCT04155541	1	31	40	ACTUAL	-9
NCT04439175	1	61	70	ACTUAL	-9
NCT04703322	1	0	9	ACTUAL	-9
NCT05109442	6	103	112	ACTUAL	-9
NCT05267106	2	74	83	ACTUAL	-9
NCT06160609	2	0	9	ACTUAL	-9
NCT00098345	1	30	40	ACTUAL	-10
NCT00191191	2	216	226	ACTUAL	-10
NCT00325234	2	125	135	ACTUAL	-10
NCT00454779	2	103	113	ACTUAL	-10
NCT00503867	1	0	10	ACTUAL	-10
NCT00551421	1	7	17	ACTUAL	-10
NCT00623233	1	42	52	ACTUAL	-10
NCT00630786	2	43	53	ACTUAL	-10
NCT00659425	10	47	57	ACTUAL	-10
NCT00700102	2	810	820	ACTUAL	-10
NCT00871403	2	97	107	ACTUAL	-10
NCT00979212	2	61	71	ACTUAL	-10
NCT01033240	3	162	172	ACTUAL	-10
NCT01253668	1	0	10	ACTUAL	-10
NCT01335009	2	66	76	ACTUAL	-10
NCT01457417	5	22	32	ACTUAL	-10
NCT01588548	6	33	43	ACTUAL	-10
NCT01814826	3	54	64	ACTUAL	-10
NCT02395627	3	28	38	ACTUAL	-10
NCT02472145	2	316	326	ACTUAL	-10
NCT02549937	9	120	130	ACTUAL	-10
NCT02659514	2	57	67	ACTUAL	-10
NCT02729896	3	26	36	ACTUAL	-10
NCT02807636	3	1203	1213	ACTUAL	-10
NCT02915783	1	31	41	ACTUAL	-10
NCT03150862	9	106	116	ACTUAL	-10
NCT03386721	15	246	256	ACTUAL	-10
NCT03761914	3	16	26	ACTUAL	-10
NCT03854227	12	44	54	ACTUAL	-10
NCT04428333	2	107	117	ACTUAL	-10
NCT04495621	2	19	29	ACTUAL	-10
NCT04902885	3	85	95	ACTUAL	-10
NCT05047536	10	51	61	ACTUAL	-10
NCT05169684	2	0	10	ACTUAL	-10
NCT00106353	7	60	71	ACTUAL	-11
NCT00267020	2	119	130	ACTUAL	-11
NCT00508404	2	143	154	ACTUAL	-11
NCT00697346	3	47	58	ACTUAL	-11
NCT00920556	2	13	24	ACTUAL	-11
NCT01091428	4	180	191	ACTUAL	-11
NCT01211483	3	211	222	ACTUAL	-11
NCT01397708	8	15	26	ACTUAL	-11
NCT01421667	5	165	176	ACTUAL	-11
NCT01461538	2	73	84	ACTUAL	-11
NCT02094261	1	199	210	ACTUAL	-11
NCT02457910	2	19	30	ACTUAL	-11
NCT02596971	2	80	91	ACTUAL	-11
NCT02608229	2	7	18	ACTUAL	-11
NCT02826486	2	69	80	ACTUAL	-11
NCT02903914	9	249	260	ACTUAL	-11
NCT03083873	4	53	64	ACTUAL	-11
NCT03583086	5	77	88	ACTUAL	-11
NCT03969420	4	0	11	ACTUAL	-11
NCT04825288	5	65	76	ACTUAL	-11
NCT00058552	2	117	129	ACTUAL	-12
NCT00436436	1	0	12	ACTUAL	-12
NCT00452673	4	40	52	ACTUAL	-12
NCT00669578	2	65	77	ACTUAL	-12
NCT00830518	2	45	57	ACTUAL	-12
NCT00842712	3	220	232	ACTUAL	-12
NCT01680991	2	36	48	ACTUAL	-12
NCT01703754	3	0	12	ACTUAL	-12
NCT01790503	1	53	65	ACTUAL	-12
NCT01962948	1	0	12	ACTUAL	-12
NCT02287233	1	82	94	ACTUAL	-12
NCT02574078	13	329	341	ACTUAL	-12
NCT02648724	3	45	57	ACTUAL	-12
NCT02667886	2	62	74	ACTUAL	-12
NCT02873962	2	60	72	ACTUAL	-12
NCT03098030	3	471	483	ACTUAL	-12
NCT03150810	13	127	139	ACTUAL	-12
NCT03263429	1	17	29	ACTUAL	-12
NCT03575065	2	76	88	ACTUAL	-12
NCT03752177	1	0	12	ACTUAL	-12
NCT04751383	1	0	12	ACTUAL	-12
NCT00413192	4	115	128	ACTUAL	-13
NCT00454805	2	62	75	ACTUAL	-13
NCT00511238	2	299	312	ACTUAL	-13
NCT00679783	7	86	99	ACTUAL	-13
NCT00711594	1	61	74	ACTUAL	-13
NCT00977548	1	26	39	ACTUAL	-13
NCT00985907	1	0	13	ACTUAL	-13
NCT01289821	1	41	54	ACTUAL	-13
NCT01434602	3	73	86	ACTUAL	-13
NCT01498484	4	74	87	ACTUAL	-13
NCT02242942	2	432	445	ACTUAL	-13
NCT02407054	2	129	142	ACTUAL	-13
NCT02805660	7	70	83	ACTUAL	-13
NCT03245450	3	27	40	ACTUAL	-13
NCT03483103	1	61	74	ACTUAL	-13
NCT03941873	2	98	111	ACTUAL	-13
NCT04149574	2	0	13	ACTUAL	-13
NCT04154956	2	376	389	ACTUAL	-13
NCT04540211	2	448	461	ACTUAL	-13
NCT04683939	4	0	13	ACTUAL	-13
NCT00338728	1	45	59	ACTUAL	-14
NCT00355238	3	123	137	ACTUAL	-14
NCT00423735	2	50	64	ACTUAL	-14
NCT00425386	1	46	60	ACTUAL	-14
NCT00530816	3	150	164	ACTUAL	-14
NCT00931606	4	16	30	ACTUAL	-14
NCT01038752	2	0	14	ACTUAL	-14
NCT01075048	2	117	131	ACTUAL	-14
NCT01139775	2	62	76	ACTUAL	-14
NCT01236352	11	84	98	ACTUAL	-14
NCT01288430	10	46	60	ACTUAL	-14
NCT01347645	2	68	82	ACTUAL	-14
NCT01373164	2	156	170	ACTUAL	-14
NCT01463631	1	13	27	ACTUAL	-14
NCT01579578	2	25	39	ACTUAL	-14
NCT01644890	2	422	436	ACTUAL	-14
NCT02082977	10	27	41	ACTUAL	-14
NCT02091960	1	89	103	ACTUAL	-14
NCT02368691	1	18	32	ACTUAL	-14
NCT02383927	4	49	63	ACTUAL	-14
NCT02657889	2	108	122	ACTUAL	-14
NCT02867618	1	0	14	ACTUAL	-14
NCT02915523	2	126	140	ACTUAL	-14
NCT03077698	1	11	25	ACTUAL	-14
NCT03126630	2	35	49	ACTUAL	-14
NCT03330405	10	209	223	ACTUAL	-14
NCT03333915	5	114	128	ACTUAL	-14
NCT03767335	3	48	62	ACTUAL	-14
NCT04047862	19	432	446	ACTUAL	-14
NCT04307134	1	94	108	ACTUAL	-14
NCT04382898	3	61	75	ACTUAL	-14
NCT04941768	1	91	105	ACTUAL	-14
NCT07150104	1	0	14	ACTUAL	-14
NCT00001941	1	19	34	ACTUAL	-15
NCT00658658	5	16	31	ACTUAL	-15
NCT01211262	2	69	84	ACTUAL	-15
NCT01357161	3	121	136	ACTUAL	-15
NCT01670877	6	41	56	ACTUAL	-15
NCT01955837	2	391	406	ACTUAL	-15
NCT01971476	6	7	22	ACTUAL	-15
NCT02423343	2	26	41	ACTUAL	-15
NCT02434081	1	79	94	ACTUAL	-15
NCT02787642	1	26	41	ACTUAL	-15
NCT04191096	2	1236	1251	ACTUAL	-15
NCT00063154	1	35	51	ACTUAL	-16
NCT00304239	2	115	131	ACTUAL	-16
NCT00306891	2	44	60	ACTUAL	-16
NCT00585078	1	24	40	ACTUAL	-16
NCT01084252	14	335	351	ACTUAL	-16
NCT01153763	1	76	92	ACTUAL	-16
NCT01972217	2	142	158	ACTUAL	-16
NCT02087176	1	32	48	ACTUAL	-16
NCT02191891	3	16	32	ACTUAL	-16
NCT02289209	1	32	48	ACTUAL	-16
NCT02322814	4	153	169	ACTUAL	-16
NCT02678780	2	107	123	ACTUAL	-16
NCT02939183	8	45	61	ACTUAL	-16
NCT03382561	2	144	160	ACTUAL	-16
NCT03974022	15	299	315	ACTUAL	-16
NCT04306900	11	169	185	ACTUAL	-16
NCT04513522	1	85	101	ACTUAL	-16
NCT04543188	15	49	65	ACTUAL	-16
NCT04602078	1	66	82	ACTUAL	-16
NCT04702737	1	25	41	ACTUAL	-16
NCT04939701	3	0	16	ACTUAL	-16
NCT00398567	1	28	45	ACTUAL	-17
NCT00748553	1	13	30	ACTUAL	-17
NCT01943461	1	40	57	ACTUAL	-17
NCT02101034	5	79	96	ACTUAL	-17
NCT02538965	1	0	17	ACTUAL	-17
NCT02933255	1	7	24	ACTUAL	-17
NCT02978716	3	85	102	ACTUAL	-17
NCT03184870	18	315	332	ACTUAL	-17
NCT03321981	3	88	105	ACTUAL	-17
NCT03338790	4	275	292	ACTUAL	-17
NCT03666143	1	199	216	ACTUAL	-17
NCT03671330	4	310	327	ACTUAL	-17
NCT03760666	3	0	17	ACTUAL	-17
NCT00403130	1	13	31	ACTUAL	-18
NCT00704730	2	312	330	ACTUAL	-18
NCT00838539	4	45	63	ACTUAL	-18
NCT01517243	1	19	37	ACTUAL	-18
NCT01661972	1	45	63	ACTUAL	-18
NCT01682031	2	0	18	ACTUAL	-18
NCT02108964	8	207	225	ACTUAL	-18
NCT02795988	4	46	64	ACTUAL	-18
NCT02936323	10	71	89	ACTUAL	-18
NCT06056310	1	0	18	ACTUAL	-18
NCT00246012	4	125	144	ACTUAL	-19
NCT00522457	1	0	19	ACTUAL	-19
NCT00537095	2	145	164	ACTUAL	-19
NCT00708942	5	64	83	ACTUAL	-19
NCT00710710	2	70	89	ACTUAL	-19
NCT01001221	1	0	19	ACTUAL	-19
NCT01068782	4	0	19	ACTUAL	-19
NCT01997840	4	84	103	ACTUAL	-19
NCT02278250	18	78	97	ACTUAL	-19
NCT02581215	2	65	84	ACTUAL	-19
NCT02600897	4	95	114	ACTUAL	-19
NCT02761694	12	59	78	ACTUAL	-19
NCT03657043	1	79	98	ACTUAL	-19
NCT05537766	4	0	19	ACTUAL	-19
NCT00112840	1	40	60	ACTUAL	-20
NCT00128102	2	641	661	ACTUAL	-20
NCT00251225	1	29	49	ACTUAL	-20
NCT00361842	2	45	65	ACTUAL	-20
NCT00574288	6	84	104	ACTUAL	-20
NCT00613626	2	54	74	ACTUAL	-20
NCT00984282	2	397	417	ACTUAL	-20
NCT01136733	7	153	173	ACTUAL	-20
NCT01178086	2	661	681	ACTUAL	-20
NCT01871805	3	114	134	ACTUAL	-20
NCT03415854	1	14	34	ACTUAL	-20
NCT04060862	2	0	20	ACTUAL	-20
NCT07150091	2	0	20	ACTUAL	-20
NCT00968981	3	46	67	ACTUAL	-21
NCT01298570	2	160	181	ACTUAL	-21
NCT01702558	2	161	182	ACTUAL	-21
NCT01889238	1	97	118	ACTUAL	-21
NCT02475213	10	125	146	ACTUAL	-21
NCT03189524	1	23	44	ACTUAL	-21
NCT03548207	3	105	126	ACTUAL	-21
NCT04427072	2	1	22	ACTUAL	-21
NCT05650164	1	150	171	ACTUAL	-21
NCT00077376	1	39	61	ACTUAL	-22
NCT00466440	2	86	108	ACTUAL	-22
NCT01132664	5	50	72	ACTUAL	-22
NCT01210495	2	202	224	ACTUAL	-22
NCT01258608	2	79	101	ACTUAL	-22
NCT01609790	2	115	137	ACTUAL	-22
NCT01784861	6	1	23	ACTUAL	-22
NCT01871727	5	90	112	ACTUAL	-22
NCT03123783	4	118	140	ACTUAL	-22
NCT03744676	1	82	104	ACTUAL	-22
NCT04989816	1	73	95	ACTUAL	-22
NCT00154102	2	1198	1221	ACTUAL	-23
NCT00874848	2	67	90	ACTUAL	-23
NCT01125293	1	23	46	ACTUAL	-23
NCT01577745	8	35	58	ACTUAL	-23
NCT01974752	2	129	152	ACTUAL	-23
NCT04539327	1	28	51	ACTUAL	-23
NCT00415363	2	85	109	ACTUAL	-24
NCT00830869	12	92	116	ACTUAL	-24
NCT00982865	4	158	182	ACTUAL	-24
NCT01085630	2	48	72	ACTUAL	-24
NCT01449370	25	101	125	ACTUAL	-24
NCT01798485	2	672	696	ACTUAL	-24
NCT01990352	1	0	24	ACTUAL	-24
NCT02038946	1	92	116	ACTUAL	-24
NCT02049957	4	94	118	ACTUAL	-24
NCT03148795	1	104	128	ACTUAL	-24
NCT03451084	4	0	24	ACTUAL	-24
NCT03580655	1	83	107	ACTUAL	-24
NCT05256381	6	142	166	ACTUAL	-24
NCT00348790	1	0	25	ACTUAL	-25
NCT01527487	2	51	76	ACTUAL	-25
NCT01858389	1	16	41	ACTUAL	-25
NCT01975519	3	86	111	ACTUAL	-25
NCT02432274	8	92	117	ACTUAL	-25
NCT02624986	8	0	25	ACTUAL	-25
NCT02828124	4	0	25	ACTUAL	-25
NCT02982954	4	186	211	ACTUAL	-25
NCT03094169	1	24	49	ACTUAL	-25
NCT03250676	5	126	151	ACTUAL	-25
NCT03484702	6	88	113	ACTUAL	-25
NCT03901469	7	90	115	ACTUAL	-25
NCT03992131	6	0	25	ACTUAL	-25
NCT07217119	3	0	25	ACTUAL	-25
NCT00576758	2	149	175	ACTUAL	-26
NCT00967330	2	156	182	ACTUAL	-26
NCT02130466	7	158	184	ACTUAL	-26
NCT02599324	9	237	263	ACTUAL	-26
NCT02829723	27	166	192	ACTUAL	-26
NCT02834247	1	15	41	ACTUAL	-26
NCT03336216	4	179	205	ACTUAL	-26
NCT00321893	2	198	225	ACTUAL	-27
NCT00382720	3	248	275	ACTUAL	-27
NCT00404495	2	56	83	ACTUAL	-27
NCT01094288	8	14	41	ACTUAL	-27
NCT04079296	4	16	43	ACTUAL	-27
NCT04488003	1	77	104	ACTUAL	-27
NCT00786643	2	20	48	ACTUAL	-28
NCT01300351	2	221	249	ACTUAL	-28
NCT01358721	4	91	119	ACTUAL	-28
NCT01507545	2	126	154	ACTUAL	-28
NCT01687400	2	86	114	ACTUAL	-28
NCT01742286	4	55	83	ACTUAL	-28
NCT01777776	4	0	28	ACTUAL	-28
NCT02279719	3	69	97	ACTUAL	-28
NCT02472977	3	33	61	ACTUAL	-28
NCT02536664	2	477	505	ACTUAL	-28
NCT03061812	2	416	444	ACTUAL	-28
NCT03195478	1	9	37	ACTUAL	-28
NCT03914742	2	39	67	ACTUAL	-28
NCT00130728	2	607	636	ACTUAL	-29
NCT00246090	1	269	298	ACTUAL	-29
NCT01131078	3	277	306	ACTUAL	-29
NCT01231659	1	43	72	ACTUAL	-29
NCT01585987	2	114	143	ACTUAL	-29
NCT02094872	1	20	49	ACTUAL	-29
NCT02714218	2	358	387	ACTUAL	-29
NCT03132922	4	42	71	ACTUAL	-29
NCT04100018	2	1001	1030	ACTUAL	-29
NCT00648648	28	176	206	ACTUAL	-30
NCT00722137	2	457	487	ACTUAL	-30
NCT00931918	2	176	206	ACTUAL	-30
NCT01454076	5	82	112	ACTUAL	-30
NCT02341625	10	96	126	ACTUAL	-30
NCT02348216	7	277	307	ACTUAL	-30
NCT03822117	4	81	111	ACTUAL	-30
NCT03971474	2	136	166	ACTUAL	-30
NCT07217184	3	0	30	ACTUAL	-30
NCT00537381	2	100	131	ACTUAL	-31
NCT01709162	2	0	31	ACTUAL	-31
NCT01903811	2	112	143	ACTUAL	-31
NCT02187042	1	39	70	ACTUAL	-31
NCT02353143	9	40	71	ACTUAL	-31
NCT03323398	9	48	79	ACTUAL	-31
NCT04332653	11	184	215	ACTUAL	-31
NCT00448591	1	2264	2296	ACTUAL	-32
NCT00607724	9	36	68	ACTUAL	-32
NCT00754325	2	68	100	ACTUAL	-32
NCT00765102	1	0	32	ACTUAL	-32
NCT00957580	5	49	81	ACTUAL	-32
NCT01767857	2	611	643	ACTUAL	-32
NCT01927419	2	110	142	ACTUAL	-32
NCT02394795	2	791	823	ACTUAL	-32
NCT03173560	2	311	343	ACTUAL	-32
NCT03207867	17	283	315	ACTUAL	-32
NCT03896503	5	72	104	ACTUAL	-32
NCT00267488	1	37	70	ACTUAL	-33
NCT00426556	4	55	88	ACTUAL	-33
NCT00786994	3	132	165	ACTUAL	-33
NCT01478048	2	152	185	ACTUAL	-33
NCT01565083	2	180	213	ACTUAL	-33
NCT03637764	3	74	107	ACTUAL	-33
NCT00517530	5	100	134	ACTUAL	-34
NCT00545688	4	383	417	ACTUAL	-34
NCT00586105	1	5	39	ACTUAL	-34
NCT01743469	4	167	201	ACTUAL	-34
NCT02463032	2	102	136	ACTUAL	-34
NCT03439046	2	253	287	ACTUAL	-34
NCT04276415	8	0	34	ACTUAL	-34
NCT00538681	2	0	35	ACTUAL	-35
NCT00773383	1	0	35	ACTUAL	-35
NCT00887822	2	167	202	ACTUAL	-35
NCT02588092	10	0	35	ACTUAL	-35
NCT02669264	7	0	35	ACTUAL	-35
NCT03056755	3	348	383	ACTUAL	-35
NCT01072175	12	394	430	ACTUAL	-36
NCT01596751	1	31	67	ACTUAL	-36
NCT02611323	4	97	133	ACTUAL	-36
NCT04703192	1	119	155	ACTUAL	-36
NCT00375752	2	131	168	ACTUAL	-37
NCT02523469	2	30	67	ACTUAL	-37
NCT03585764	4	9	46	ACTUAL	-37
NCT00445068	1	0	38	ACTUAL	-38
NCT01461044	2	190	228	ACTUAL	-38
NCT02489903	3	101	139	ACTUAL	-38
NCT04150029	2	52	90	ACTUAL	-38
NCT04421378	3	36	74	ACTUAL	-38
NCT00195260	11	112	151	ACTUAL	-39
NCT00401843	2	268	307	ACTUAL	-39
NCT00752986	3	0	39	ACTUAL	-39
NCT02554812	25	370	409	ACTUAL	-39
NCT02769962	2	6	45	ACTUAL	-39
NCT01684878	4	168	208	ACTUAL	-40
NCT01703091	2	157	197	ACTUAL	-40
NCT02904226	6	202	242	ACTUAL	-40
NCT03428958	9	71	111	ACTUAL	-40
NCT03706690	2	367	407	ACTUAL	-40
NCT00789373	3	898	939	ACTUAL	-41
NCT01472081	6	153	194	ACTUAL	-41
NCT02458638	1	433	474	ACTUAL	-41
NCT02886585	2	60	101	ACTUAL	-41
NCT03514121	2	54	95	ACTUAL	-41
NCT01801111	1	96	138	ACTUAL	-42
NCT01849874	2	299	341	ACTUAL	-42
NCT01988493	2	75	117	ACTUAL	-42
NCT02308020	4	120	162	ACTUAL	-42
NCT02472964	2	458	500	ACTUAL	-42
NCT04402008	1	0	42	ACTUAL	-42
NCT00004859	2	546	589	ACTUAL	-43
NCT01055496	2	60	103	ACTUAL	-43
NCT03611556	3	170	213	ACTUAL	-43
NCT04028388	2	92	135	ACTUAL	-43
NCT02387216	2	109	153	ACTUAL	-44
NCT04541706	1	56	100	ACTUAL	-44
NCT00447057	2	159	204	ACTUAL	-45
NCT01592370	7	275	320	ACTUAL	-45
NCT05269355	2	314	359	ACTUAL	-45
NCT00942877	1	7	53	ACTUAL	-46
NCT00947856	4	64	110	ACTUAL	-46
NCT03041311	2	61	107	ACTUAL	-46
NCT00323882	3	28	75	ACTUAL	-47
NCT01027598	2	155	202	ACTUAL	-47
NCT01832727	1	18	65	ACTUAL	-47
NCT03311334	3	0	47	ACTUAL	-47
NCT01997333	2	279	327	ACTUAL	-48
NCT03635489	2	52	100	ACTUAL	-48
NCT02980731	1	161	210	ACTUAL	-49
NCT03834493	2	1195	1244	ACTUAL	-49
NCT04607668	2	277	326	ACTUAL	-49
NCT02009449	23	303	353	ACTUAL	-50
NCT02632045	2	119	169	ACTUAL	-50
NCT03560531	8	131	181	ACTUAL	-50
NCT00606021	2	55	106	ACTUAL	-51
NCT02134015	2	94	145	ACTUAL	-51
NCT02181738	3	243	294	ACTUAL	-51
NCT02337946	2	113	164	ACTUAL	-51
NCT03104699	1	160	211	ACTUAL	-51
NCT00087139	3	71	124	ACTUAL	-53
NCT00101400	1	1	54	ACTUAL	-53
NCT00946647	2	60	113	ACTUAL	-53
NCT01016483	2	88	141	ACTUAL	-53
NCT02756611	1	205	258	ACTUAL	-53
NCT00738530	2	595	649	ACTUAL	-54
NCT01246986	5	150	204	ACTUAL	-54
NCT02659020	4	256	310	ACTUAL	-54
NCT00448136	2	28	83	ACTUAL	-55
NCT02030067	1	72	127	ACTUAL	-55
NCT01015833	2	300	356	ACTUAL	-56
NCT01403974	17	5	61	ACTUAL	-56
NCT00073749	1	22	79	ACTUAL	-57
NCT00767520	2	98	155	ACTUAL	-57
NCT02125461	2	656	713	ACTUAL	-57
NCT02285439	2	48	105	ACTUAL	-57
NCT02393248	15	144	201	ACTUAL	-57
NCT00839332	2	99	157	ACTUAL	-58
NCT01449461	6	79	137	ACTUAL	-58
NCT02431260	2	10	69	ACTUAL	-59
NCT03369223	15	297	356	ACTUAL	-59
NCT04849416	1	28	87	ACTUAL	-59
NCT03703375	2	33	93	ACTUAL	-60
NCT00626106	2	95	156	ACTUAL	-61
NCT01204710	2	62	123	ACTUAL	-61
NCT01610336	2	100	161	ACTUAL	-61
NCT02574455	2	468	529	ACTUAL	-61
NCT01628913	2	0	62	ACTUAL	-62
NCT02178722	1	382	444	ACTUAL	-62
NCT03262935	2	374	437	ACTUAL	-63
NCT00596648	2	28	92	ACTUAL	-64
NCT02265510	4	19	83	ACTUAL	-64
NCT00391092	2	359	424	ACTUAL	-65
NCT01379521	2	0	65	ACTUAL	-65
NCT03427814	2	71	136	ACTUAL	-65
NCT03538717	1	91	157	ACTUAL	-66
NCT04822350	1	530	596	ACTUAL	-66
NCT01782690	1	270	338	ACTUAL	-68
NCT00720356	1	46	115	ACTUAL	-69
NCT03735121	2	369	438	ACTUAL	-69
NCT06119217	3	125	194	ACTUAL	-69
NCT02712905	18	46	116	ACTUAL	-70
NCT03834506	2	960	1030	ACTUAL	-70
NCT05184842	1	21	91	ESTIMATED	-70
NCT04179864	4	31	102	ACTUAL	-71
NCT01506609	3	222	294	ACTUAL	-72
NCT02253992	12	160	232	ACTUAL	-72
NCT02500043	2	435	507	ACTUAL	-72
NCT00934856	1	25	98	ACTUAL	-73
NCT01367665	2	1159	1232	ACTUAL	-73
NCT02709512	2	176	249	ACTUAL	-73
NCT03018288	3	17	90	ACTUAL	-73
NCT01546038	6	181	255	ACTUAL	-74
NCT02357810	1	104	178	ACTUAL	-74
NCT03292406	3	12	86	ACTUAL	-74
NCT00371566	2	30	107	ACTUAL	-77
NCT00405587	1	32	109	ACTUAL	-77
NCT00507416	3	425	502	ACTUAL	-77
NCT01225172	2	0	77	ACTUAL	-77
NCT01774786	2	703	780	ACTUAL	-77
NCT03668119	2	135	212	ACTUAL	-77
NCT05551117	4	115	192	ACTUAL	-77
NCT01572727	2	338	416	ACTUAL	-78
NCT02604342	2	41	119	ACTUAL	-78
NCT05654623	2	546	624	ACTUAL	-78
NCT03662659	2	195	274	ACTUAL	-79
NCT00388726	2	682	762	ACTUAL	-80
NCT03099174	4	53	133	ACTUAL	-80
NCT02595450	1	218	299	ACTUAL	-81
NCT03138889	3	81	162	ACTUAL	-81
NCT03431350	5	55	136	ACTUAL	-81
NCT02007512	4	165	247	ACTUAL	-82
NCT04745832	2	0	82	ACTUAL	-82
NCT00690430	2	103	186	ACTUAL	-83
NCT03377491	2	487	571	ACTUAL	-84
NCT00428597	1	86	171	ACTUAL	-85
NCT00696072	1	35	120	ACTUAL	-85
NCT03203473	2	0	85	ACTUAL	-85
NCT01907100	2	458	545	ACTUAL	-87
NCT02633800	2	0	87	ACTUAL	-87
NCT03690388	2	100	187	ACTUAL	-87
NCT03158688	2	378	466	ACTUAL	-88
NCT03260023	7	55	143	ACTUAL	-88
NCT03414983	2	108	196	ACTUAL	-88
NCT03519178	2	67	155	ACTUAL	-88
NCT04746924	3	581	669	ACTUAL	-88
NCT01691898	5	142	231	ACTUAL	-89
NCT02046733	2	133	222	ACTUAL	-89
NCT02702388	2	152	241	ACTUAL	-89
NCT00390455	2	204	295	ACTUAL	-91
NCT00940225	16	637	730	ACTUAL	-93
NCT03498521	2	436	529	ACTUAL	-93
NCT00376623	4	2	96	ACTUAL	-94
NCT02985957	8	257	351	ACTUAL	-94
NCT02726581	2	75	170	ACTUAL	-95
NCT04526899	1	89	184	ACTUAL	-95
NCT01454102	16	376	472	ACTUAL	-96
NCT02411448	2	449	545	ACTUAL	-96
NCT01390948	2	27	124	ACTUAL	-97
NCT01161173	1	249	347	ACTUAL	-98
NCT01828112	2	133	231	ACTUAL	-98
NCT03975647	2	367	466	ACTUAL	-99
NCT00730639	6	295	395	ACTUAL	-100
NCT00085631	1	0	101	ACTUAL	-101
NCT00532155	2	810	913	ACTUAL	-103
NCT01515189	2	727	831	ACTUAL	-104
NCT00519285	2	1119	1224	ACTUAL	-105
NCT00883116	2	446	551	ACTUAL	-105
NCT02052778	8	300	407	ACTUAL	-107
NCT02435433	2	292	399	ACTUAL	-107
NCT00062751	5	0	108	ACTUAL	-108
NCT02978222	2	10	120	ACTUAL	-110
NCT02983045	2	446	557	ACTUAL	-111
NCT04076059	2	69	180	ACTUAL	-111
NCT00322452	2	1217	1329	ACTUAL	-112
NCT01056510	2	241	357	ACTUAL	-116
NCT01381874	3	181	297	ACTUAL	-116
NCT02474355	1	2900	3017	ACTUAL	-117
NCT02041533	2	423	541	ACTUAL	-118
NCT01266967	2	53	172	ACTUAL	-119
NCT00391118	2	32	153	ACTUAL	-121
NCT00961415	2	253	376	ACTUAL	-123
NCT02488759	5	455	578	ACTUAL	-123
NCT02053610	2	663	787	ACTUAL	-124
NCT01058707	3	72	198	ACTUAL	-126
NCT02289950	2	206	332	ACTUAL	-126
NCT02723955	37	703	829	ACTUAL	-126
NCT03875235	2	684	810	ACTUAL	-126
NCT01250379	2	367	494	ACTUAL	-127
NCT04739761	2	379	506	ACTUAL	-127
NCT00567190	2	679	808	ACTUAL	-129
NCT02091141	7	542	673	ACTUAL	-131
NCT01248936	1	241	374	ACTUAL	-133
NCT01695135	2	81	214	ACTUAL	-133
NCT01968109	16	1342	1482	ACTUAL	-140
NCT02178956	2	572	714	ACTUAL	-142
NCT02409368	3	670	812	ACTUAL	-142
NCT01859741	6	26	172	ACTUAL	-146
NCT02123823	2	12	164	ACTUAL	-152
NCT00900627	2	173	330	ACTUAL	-157
NCT04066491	2	150	309	ACTUAL	-159
NCT04623775	2	309	468	ACTUAL	-159
NCT01228734	2	393	553	ACTUAL	-160
NCT00418886	2	534	698	ACTUAL	-164
NCT00561470	2	1061	1226	ACTUAL	-165
NCT00548548	2	608	774	ACTUAL	-166
NCT02719574	10	169	336	ACTUAL	-167
NCT03768505	1	0	169	ACTUAL	-169
NCT00577031	1	33	205	ACTUAL	-172
NCT04008030	3	666	839	ACTUAL	-173
NCT00337103	2	1102	1276	ACTUAL	-174
NCT01256424	4	88	262	ACTUAL	-174
NCT00996892	18	0	178	ACTUAL	-178
NCT00324155	2	502	681	ACTUAL	-179
NCT01485861	3	111	298	ACTUAL	-187
NCT03164616	3	997	1186	ACTUAL	-189
NCT00089635	1	7	203	ACTUAL	-196
NCT02869789	3	843	1041	ACTUAL	-198
NCT01802632	3	404	603	ACTUAL	-199
NCT01923168	2	138	340	ACTUAL	-202
NCT01120184	3	889	1095	ACTUAL	-206
NCT02089685	6	89	295	ACTUAL	-206
NCT01310036	1	0	208	ACTUAL	-208
NCT02854436	1	76	289	ACTUAL	-213
NCT00404924	2	924	1140	ACTUAL	-216
NCT02017717	2	309	529	ACTUAL	-220
NCT00262067	4	1008	1237	ACTUAL	-229
NCT00073307	2	672	903	ACTUAL	-231
NCT02340221	2	398	631	ACTUAL	-233
NCT02502266	7	348	582	ACTUAL	-234
NCT00099437	2	501	736	ACTUAL	-235
NCT01006980	2	439	675	ACTUAL	-236
NCT01996865	2	267	503	ACTUAL	-236
NCT03706365	2	157	393	ACTUAL	-236
NCT01307397	1	2982	3219	ACTUAL	-237
NCT00585195	6	356	596	ACTUAL	-240
NCT03635983	2	543	783	ACTUAL	-240
NCT02975934	2	161	405	ACTUAL	-244
NCT03719690	1	50	296	ACTUAL	-246
NCT02231749	2	847	1096	ACTUAL	-249
NCT03371017	2	339	595	ACTUAL	-256
NCT04607421	7	582	841	ACTUAL	-259
NCT00064350	2	81	342	ACTUAL	-261
NCT03602859	2	1138	1400	ACTUAL	-262
NCT01995513	2	246	509	ACTUAL	-263
NCT01767467	2	278	568	ACTUAL	-290
NCT00936221	2	91	385	ACTUAL	-294
NCT01732913	2	0	295	ACTUAL	-295
NCT00082433	2	924	1221	ACTUAL	-297
NCT02028507	2	393	693	ACTUAL	-300
NCT02671435	2	81	383	ACTUAL	-302
NCT01631552	3	207	515	ACTUAL	-308
NCT04647526	2	147	455	ACTUAL	-308
NCT00090363	3	136	447	ACTUAL	-311
NCT01980888	2	0	311	ACTUAL	-311
NCT00652366	2	145	467	ACTUAL	-322
NCT01828099	2	44	376	ACTUAL	-332
NCT02928224	4	367	702	ACTUAL	-335
NCT03829319	2	423	761	ACTUAL	-338
NCT05218499	3	60	400	ACTUAL	-340
NCT03268954	2	106	454	ACTUAL	-348
NCT01325441	5	211	565	ACTUAL	-354
NCT02773030	37	112	466	ACTUAL	-354
NCT03703297	2	344	730	ACTUAL	-386
NCT00399035	2	860	1254	ACTUAL	-394
NCT01597258	1	1633	2029	ACTUAL	-396
NCT00065182	2	0	399	ACTUAL	-399
NCT01702571	2	1782	2185	ACTUAL	-403
NCT02288247	2	271	688	ACTUAL	-417
NCT03511664	2	439	861	ACTUAL	-422
NCT01010061	2	356	787	ACTUAL	-431
NCT02291289	8	609	1044	ACTUAL	-435
NCT01998880	2	351	787	ACTUAL	-436
NCT01239732	1	578	1021	ACTUAL	-443
NCT00281697	2	196	684	ACTUAL	-488
NCT00974311	2	654	1199	ACTUAL	-545
NCT00574275	2	0	546	ACTUAL	-546
NCT02679170	2	126	692	ACTUAL	-566
NCT01193257	2	426	1099	ACTUAL	-673
NCT00148798	2	1125	1861	ACTUAL	-736
NCT02677896	2	359	1150	ACTUAL	-791
NCT03522246	3	91	1097	ACTUAL	-1006
NCT01193244	2	479	1560	ACTUAL	-1081
NCT00094653	3	676	1783	ACTUAL	-1107
