7949588	NM_020404,AF279142,BC051340,BC104484,BC105633	chr11:66081958-66084515	chr11	NC_000011.9	-	66081958	66084515	25	NM_020404 // CD248 // CD248 molecule, endosialin // 11q13 // 57124 /// ENST00000311330 // CD248 // CD248 molecule, endosialin // 11q13 // 57124 /// AF279142 // CD248 // CD248 molecule, endosialin // 11q13 // 57124 /// BC051340 // CD248 // CD248 molecule, endosialin // 11q13 // 57124 /// BC104484 // CD248 // CD248 molecule, endosialin // 11q13 // 57124 /// BC105633 // CD248 // CD248 molecule, endosialin // 11q13 // 57124	NM_020404 // RefSeq // Homo sapiens CD248 molecule, endosialin (CD248), mRNA. // chr11 // 100 // 100 // 25 // 25 // 0 /// ENST00000311330 // ENSEMBL // ensembl_havana_transcript:known chromosome:GRCh38:11:66314487:66317044:-1 gene:ENSG00000174807 gene_biotype:protein_coding transcript_biotype:protein_coding // chr11 // 100 // 100 // 25 // 25 // 0 /// AF279142 // GenBank // Homo sapiens tumor endothelial marker 1 precursor (TEM1) mRNA, complete cds. // chr11 // 100 // 100 // 25 // 25 // 0 /// BC051340 // GenBank // Homo sapiens CD248 molecule, endosialin, mRNA (cDNA clone MGC:59750 IMAGE:6339237), complete cds. // chr11 // 100 // 100 // 25 // 25 // 0 /// BC104484 // GenBank // Homo sapiens CD248 molecule, endosialin, mRNA (cDNA clone MGC:119479 IMAGE:40007855), complete cds. // chr11 // 100 // 84 // 21 // 21 // 0 /// BC105633 // GenBank // Homo sapiens CD248 molecule, endosialin, mRNA (cDNA clone MGC:119478 IMAGE:40007854), complete cds. // chr11 // 100 // 84 // 21 // 21 // 0 /// GENSCAN00000042590 // ENSEMBL // cdna:genscan chromosome:GRCh38:11:66314754:66317027:-1 transcript_biotype:protein_coding // chr11 // 100 // 60 // 15 // 15 // 0	main
7984743	NM_001024736,AK291721,AK292711,AK296358,AY358343,NM_025240,AL360136,BC062581,AK074849,AK298522	chr15:73976622-74006859	chr15	NC_000015.9	+	73976622	74006859	23	NM_001024736 // CD276 // CD276 molecule // 15q23-q24 // 80381 /// ENST00000318443 // CD276 // CD276 molecule // 15q23-q24 // 80381 /// ENST00000537340 // CD276 // CD276 molecule // 15q23-q24 // 80381 /// ENST00000559465 // CD276 // CD276 molecule // 15q23-q24 // 80381 /// AK291721 // CD276 // CD276 molecule // 15q23-q24 // 80381 /// AK292711 // CD276 // CD276 molecule // 15q23-q24 // 80381 /// AK296358 // CD276 // CD276 molecule // 15q23-q24 // 80381 /// AY358343 // CD276 // CD276 molecule // 15q23-q24 // 80381 /// NM_025240 // CD276 // CD276 molecule // 15q23-q24 // 80381 /// ENST00000318424 // CD276 // CD276 molecule // 15q23-q24 // 80381 /// ENST00000559073 // CD276 // CD276 molecule // 15q23-q24 // 80381 /// ENST00000560928 // CD276 // CD276 molecule // 15q23-q24 // 80381 /// AL360136 // CD276 // CD276 molecule // 15q23-q24 // 80381 /// BC062581 // CD276 // CD276 molecule // 15q23-q24 // 80381 /// ENST00000561213 // CD276 // CD276 molecule // 15q23-q24 // 80381 /// AK074849 // CD276 // CD276 molecule // 15q23-q24 // 80381 /// AK298522 // CD276 // CD276 molecule // 15q23-q24 // 80381	NM_001024736 // RefSeq // Homo sapiens CD276 molecule (CD276), transcript variant 1, mRNA. // chr15 // 100 // 100 // 23 // 23 // 0 /// ENST00000318443 // ENSEMBL // ensembl_havana_transcript:known chromosome:GRCh38:15:73684213:73714518:1 gene:ENSG00000103855 gene_biotype:protein_coding transcript_biotype:protein_coding // chr15 // 100 // 100 // 23 // 23 // 0 /// ENST00000537340 // ENSEMBL // havana:putative chromosome:GRCh38:15:73684269:73713677:1 gene:ENSG00000103855 gene_biotype:protein_coding transcript_biotype:protein_coding // chr15 // 100 // 70 // 16 // 16 // 0 /// ENST00000559465 // ENSEMBL // havana:known chromosome:GRCh38:15:73711132:73714514:1 gene:ENSG00000103855 gene_biotype:protein_coding transcript_biotype:retained_intron // chr15 // 100 // 52 // 12 // 12 // 0 /// AK291721 // GenBank // Homo sapiens cDNA FLJ78639 complete cds. // chr15 // 91 // 96 // 20 // 22 // 0 /// AK292711 // GenBank // Homo sapiens cDNA FLJ78024 complete cds. // chr15 // 100 // 65 // 15 // 15 // 0 /// AK296358 // GenBank // Homo sapiens cDNA FLJ61301 complete cds, highly similar to CD276 antigen precursor. // chr15 // 94 // 74 // 16 // 17 // 0 /// AY358343 // GenBank // Homo sapiens clone DNA41386 B7 hlog (UNQ309) mRNA, complete cds. // chr15 // 86 // 61 // 12 // 14 // 0 /// NM_025240 // RefSeq // Homo sapiens CD276 molecule (CD276), transcript variant 2, mRNA. // chr15 // 83 // 83 // 19 // 23 // 1 /// ENST00000318424 // ENSEMBL // ensembl:known chromosome:GRCh38:15:73684281:73714509:1 gene:ENSG00000103855 gene_biotype:protein_coding transcript_biotype:protein_coding // chr15 // 83 // 83 // 19 // 23 // 1 /// ENST00000559073 // ENSEMBL // havana:known chromosome:GRCh38:15:73704197:73714514:1 gene:ENSG00000103855 gene_biotype:protein_coding transcript_biotype:nonsense_mediated_decay // chr15 // 57 // 57 // 13 // 23 // 1 /// ENST00000560928 // ENSEMBL // havana:known chromosome:GRCh38:15:73684438:73713580:1 gene:ENSG00000103855 gene_biotype:protein_coding transcript_biotype:nonsense_mediated_decay // chr15 // 74 // 74 // 17 // 23 // 1 /// AL360136 // GenBank // Homo sapiens mRNA full length insert cDNA clone EUROIMAGE 2176457. // chr15 // 57 // 57 // 13 // 23 // 1 /// BC062581 // GenBank // Homo sapiens CD276 molecule, mRNA (cDNA clone MGC:74893 IMAGE:5201491), complete cds. // chr15 // 57 // 57 // 13 // 23 // 1 /// ENST00000561213 // ENSEMBL // havana:known chromosome:GRCh38:15:73684391:73712154:1 gene:ENSG00000103855 gene_biotype:protein_coding transcript_biotype:protein_coding // chr15 // 48 // 48 // 11 // 23 // 1 /// AK074849 // GenBank // Homo sapiens cDNA FLJ90368 fis, clone NT2RP2004205, highly similar to B7 homolog 3. // chr15 // 48 // 48 // 11 // 23 // 1 /// AK298522 // GenBank // Homo sapiens cDNA FLJ58033 complete cds, highly similar to CD276 antigen precursor. // chr15 // 48 // 48 // 11 // 23 // 1 /// GENSCAN00000043365 // ENSEMBL // cdna:genscan chromosome:GRCh38:15:73699640:73728144:1 transcript_biotype:protein_coding // chr15 // 100 // 43 // 10 // 10 // 0 /// NONHSAT047153 // NONCODE // Non-coding transcript identified by NONCODE: Exonic // chr15 // 100 // 52 // 12 // 12 // 0	main
7990545	NM_001897,AY359468	chr15:75966964-76005096	chr15	NC_000015.9	-	75966964	76005096	20	NM_001897 // CSPG4 // chondroitin sulfate proteoglycan 4 // 15q24.2 // 1464 /// ENST00000308508 // CSPG4 // chondroitin sulfate proteoglycan 4 // 15q24.2 // 1464 /// AY359468 // CSPG4 // chondroitin sulfate proteoglycan 4 // 15q24.2 // 1464	NM_001897 // RefSeq // Homo sapiens chondroitin sulfate proteoglycan 4 (CSPG4), mRNA. // chr15 // 100 // 100 // 20 // 20 // 0 /// ENST00000308508 // ENSEMBL // ensembl_havana_transcript:known chromosome:GRCh38:15:75674322:75712848:-1 gene:ENSG00000173546 gene_biotype:protein_coding transcript_biotype:protein_coding // chr15 // 100 // 100 // 20 // 20 // 0 /// AY359468 // GenBank // Homo sapiens melanoma chondroitin sulfate proteoglycan (CSPG4) mRNA, complete cds. // chr15 // 100 // 100 // 20 // 20 // 0 /// GENSCAN00000040624 // ENSEMBL // cdna:genscan chromosome:GRCh38:15:75675550:75712755:-1 transcript_biotype:protein_coding // chr15 // 100 // 100 // 20 // 20 // 0	main
7992071	NM_001177355,NM_005823,NM_013404,XM_006720837,AF180951,AY743922,BC003512,BC009272,D49441,U40434	chr16:810765-818865	chr16	NC_000016.9	+	810765	818865	27	NM_001177355 // MSLN // mesothelin // 16p13.3 // 10232 /// NM_005823 // MSLN // mesothelin // 16p13.3 // 10232 /// NM_013404 // MSLN // mesothelin // 16p13.3 // 10232 /// XM_006720837 // MSLN // mesothelin // 16p13.3 // 10232 /// ENST00000382862 // MSLN // mesothelin // 16p13.3 // 10232 /// ENST00000545450 // MSLN // mesothelin // 16p13.3 // 10232 /// ENST00000561896 // MSLN // mesothelin // 16p13.3 // 10232 /// ENST00000563651 // MSLN // mesothelin // 16p13.3 // 10232 /// ENST00000563941 // MSLN // mesothelin // 16p13.3 // 10232 /// ENST00000566269 // MSLN // mesothelin // 16p13.3 // 10232 /// ENST00000566549 // MSLN // mesothelin // 16p13.3 // 10232 /// ENST00000569566 // MSLN // mesothelin // 16p13.3 // 10232 /// AF180951 // MSLN // mesothelin // 16p13.3 // 10232 /// AY743922 // MSLN // mesothelin // 16p13.3 // 10232 /// BC003512 // MSLN // mesothelin // 16p13.3 // 10232 /// BC009272 // MSLN // mesothelin // 16p13.3 // 10232 /// D49441 // MSLN // mesothelin // 16p13.3 // 10232 /// U40434 // MSLN // mesothelin // 16p13.3 // 10232	NM_001177355 // RefSeq // Homo sapiens mesothelin (MSLN), transcript variant 3, mRNA. // chr16 // 100 // 93 // 25 // 25 // 0 /// NM_005823 // RefSeq // Homo sapiens mesothelin (MSLN), transcript variant 1, mRNA. // chr16 // 100 // 96 // 26 // 26 // 0 /// NM_013404 // RefSeq // Homo sapiens mesothelin (MSLN), transcript variant 2, mRNA. // chr16 // 100 // 93 // 25 // 25 // 0 /// XM_006720837 // RefSeq // PREDICTED: Homo sapiens mesothelin (MSLN), transcript variant X3, mRNA. // chr16 // 100 // 85 // 23 // 23 // 0 /// ENST00000382862 // ENSEMBL // havana:known chromosome:GRCh38:16:761089:768861:1 gene:ENSG00000102854 gene_biotype:protein_coding transcript_biotype:protein_coding // chr16 // 100 // 93 // 25 // 25 // 0 /// ENST00000545450 // ENSEMBL // havana:known chromosome:GRCh38:16:760765:768858:1 gene:ENSG00000102854 gene_biotype:protein_coding transcript_biotype:protein_coding // chr16 // 100 // 96 // 26 // 26 // 0 /// ENST00000561896 // ENSEMBL // havana:putative chromosome:GRCh38:16:765784:768865:1 gene:ENSG00000102854 gene_biotype:protein_coding transcript_biotype:protein_coding // chr16 // 100 // 41 // 11 // 11 // 0 /// ENST00000563651 // ENSEMBL // havana:novel chromosome:GRCh38:16:761098:766429:1 gene:ENSG00000102854 gene_biotype:protein_coding transcript_biotype:protein_coding // chr16 // 93 // 52 // 13 // 14 // 0 /// ENST00000563941 // ENSEMBL // havana:known chromosome:GRCh38:16:760762:768862:1 gene:ENSG00000102854 gene_biotype:protein_coding transcript_biotype:protein_coding // chr16 // 100 // 93 // 25 // 25 // 0 /// ENST00000566269 // ENSEMBL // havana:novel chromosome:GRCh38:16:765732:768798:1 gene:ENSG00000102854 gene_biotype:protein_coding transcript_biotype:protein_coding // chr16 // 100 // 37 // 10 // 10 // 0 /// ENST00000566549 // ENSEMBL // havana:known chromosome:GRCh38:16:760767:768865:1 gene:ENSG00000102854 gene_biotype:protein_coding transcript_biotype:protein_coding // chr16 // 100 // 100 // 27 // 27 // 0 /// ENST00000569566 // ENSEMBL // havana:known chromosome:GRCh38:16:762524:765036:1 gene:ENSG00000102854 gene_biotype:protein_coding transcript_biotype:protein_coding // chr16 // 100 // 30 // 8 // 8 // 0 /// AF180951 // GenBank // Homo sapiens mesothelin/megakaryocyte potentiating factor mRNA, partial cds. // chr16 // 91 // 41 // 10 // 11 // 0 /// AY743922 // GenBank // Homo sapiens mesothelin precursor (MSLN) mRNA, complete cds. // chr16 // 88 // 96 // 23 // 26 // 0 /// BC003512 // GenBank // Homo sapiens mesothelin, mRNA (cDNA clone MGC:10686 IMAGE:3611296), complete cds. // chr16 // 96 // 100 // 26 // 27 // 0 /// BC009272 // GenBank // Homo sapiens mesothelin, mRNA (cDNA clone MGC:10273 IMAGE:3957372), complete cds. // chr16 // 100 // 93 // 25 // 25 // 0 /// D49441 // GenBank // Homo sapiens mRNA for pre-pro-megakaryocyte potentiating factor, complete cds. // chr16 // 96 // 93 // 24 // 25 // 0 /// U40434 // GenBank // Human mesothelin or CAK1 antigen precursor mRNA, complete cds. // chr16 // 76 // 93 // 19 // 25 // 0 /// ENST00000620831 // ENSEMBL // ensembl:known chromosome:GRCh38:16:643262:768865:1 gene:ENSG00000102854 gene_biotype:protein_coding transcript_biotype:protein_coding // chr16 // 100 // 85 // 23 // 23 // 0 /// GENSCAN00000050040 // ENSEMBL // cdna:genscan chromosome:GRCh38:16:762681:768733:1 transcript_biotype:protein_coding // chr16 // 100 // 70 // 19 // 19 // 0 /// NONHSAT051881 // NONCODE // Non-coding transcript identified by NONCODE: Exonic // chr16 // 100 // 41 // 11 // 11 // 0	main
8009526	NM_001050,AK290745,BC019610,BC095495,BT019926	chr17:71161160-71168094	chr17	NC_000017.10	+	71161160	71168094	30	NM_001050 // SSTR2 // somatostatin receptor 2 // 17q24 // 6752 /// ENST00000357585 // SSTR2 // somatostatin receptor 2 // 17q24 // 6752 /// AK290745 // SSTR2 // somatostatin receptor 2 // 17q24 // 6752 /// BC019610 // SSTR2 // somatostatin receptor 2 // 17q24 // 6752 /// BC095495 // SSTR2 // somatostatin receptor 2 // 17q24 // 6752 /// BT019926 // SSTR2 // somatostatin receptor 2 // 17q24 // 6752 /// ENST00000579323 // SSTR2 // somatostatin receptor 2 // 17q24 // 6752	NM_001050 // RefSeq // Homo sapiens somatostatin receptor 2 (SSTR2), mRNA. // chr17 // 100 // 100 // 30 // 30 // 0 /// ENST00000357585 // ENSEMBL // ensembl_havana_transcript:known chromosome:GRCh38:17:73165012:73171046:1 gene:ENSG00000180616 gene_biotype:protein_coding transcript_biotype:protein_coding // chr17 // 100 // 100 // 30 // 30 // 0 /// AK290745 // GenBank // Homo sapiens cDNA FLJ78209 complete cds, highly similar to Homo sapiens somatostatin receptor 2, mRNA. // chr17 // 96 // 87 // 25 // 26 // 0 /// BC019610 // GenBank // Homo sapiens somatostatin receptor 2, mRNA (cDNA clone MGC:24950 IMAGE:3875163), complete cds. // chr17 // 96 // 93 // 27 // 28 // 0 /// BC095495 // GenBank // Homo sapiens somatostatin receptor 2, mRNA (cDNA clone MGC:111698 IMAGE:6971895), complete cds. // chr17 // 100 // 27 // 8 // 8 // 0 /// BT019926 // GenBank // Homo sapiens somatostatin receptor 2 mRNA, complete cds. // chr17 // 100 // 27 // 8 // 8 // 0 /// ENST00000579323 // ENSEMBL // havana:putative chromosome:GRCh38:17:73165012:73169311:1 gene:ENSG00000180616 gene_biotype:protein_coding transcript_biotype:processed_transcript // chr17 // 53 // 53 // 16 // 30 // 1 /// GENSCAN00000017336 // ENSEMBL // cdna:genscan chromosome:GRCh38:17:73169320:73170429:1 transcript_biotype:protein_coding // chr17 // 100 // 27 // 8 // 8 // 0 /// NONHSAT055718 // NONCODE // Non-coding transcript identified by NONCODE: Exonic // chr17 // 53 // 53 // 16 // 30 // 1 /// ENST00000580671 // ENSEMBL // havana:known chromosome:GRCh38:17:73164977:73196593:1 gene:ENSG00000264860 gene_biotype:processed_transcript transcript_biotype:processed_transcript // chr17 // 40 // 40 // 12 // 30 // 1	main
8049123	NM_001632,XM_005246439,AK312931,BC009647,BC068501,BC094743,M12551	chr2:233243348-233247599	chr2	NC_000002.11	+	233243348	233247599	8	NM_001632 // ALPP // alkaline phosphatase, placental // 2q37 // 250 /// XM_005246439 // ALPP // alkaline phosphatase, placental // 2q37 // 250 /// ENST00000392027 // ALPP // alkaline phosphatase, placental // 2q37 // 250 /// AK312931 // ALPP // alkaline phosphatase, placental // 2q37 // 250 /// BC009647 // ALPP // alkaline phosphatase, placental // 2q37 // 250 /// BC068501 // ALPP // alkaline phosphatase, placental // 2q37 // 250 /// BC094743 // ALPP // alkaline phosphatase, placental // 2q37 // 250 /// M12551 // ALPP // alkaline phosphatase, placental // 2q37 // 250	NM_001632 // RefSeq // Homo sapiens alkaline phosphatase, placental (ALPP), mRNA. // chr2 // 100 // 100 // 8 // 8 // 0 /// XM_005246439 // RefSeq // PREDICTED: Homo sapiens alkaline phosphatase, placental (ALPP), transcript variant X1, mRNA. // chr2 // 100 // 63 // 5 // 5 // 0 /// ENST00000392027 // ENSEMBL // ensembl_havana_transcript:known chromosome:GRCh38:2:232378534:232382889:1 gene:ENSG00000163283 gene_biotype:protein_coding transcript_biotype:protein_coding // chr2 // 100 // 100 // 8 // 8 // 0 /// AK312931 // GenBank HTC // Homo sapiens cDNA, FLJ93382, highly similar to Homo sapiens alkaline phosphatase, placental (Regan isozyme) (ALPP), mRNA. // chr2 // 100 // 63 // 5 // 5 // 0 /// BC009647 // GenBank // Homo sapiens alkaline phosphatase, placental (Regan isozyme), mRNA (cDNA clone MGC:5096 IMAGE:3460735), complete cds. // chr2 // 100 // 75 // 6 // 6 // 0 /// BC068501 // GenBank // Homo sapiens alkaline phosphatase, placental (Regan isozyme), mRNA (cDNA clone MGC:87242 IMAGE:30349481), complete cds. // chr2 // 100 // 75 // 6 // 6 // 0 /// BC094743 // GenBank // Homo sapiens alkaline phosphatase, placental (Regan isozyme), mRNA (cDNA clone MGC:104591 IMAGE:30330997), complete cds. // chr2 // 100 // 100 // 8 // 8 // 0 /// M12551 // GenBank // Human placental alkaline phosphatase (PLAP) mRNA, complete cds. // chr2 // 100 // 75 // 6 // 6 // 0	main
8056257	NM_001291807,NM_004460,AK297118,AK309260,AK310293,AL832166,BC026250,U09278,U76833,AF007822	chr2:163027196-163100045	chr2	NC_000002.11	-	163027196	163100045	28	NM_001291807 // FAP // fibroblast activation protein, alpha // 2q23 // 2191 /// NM_004460 // FAP // fibroblast activation protein, alpha // 2q23 // 2191 /// ENST00000188790 // FAP // fibroblast activation protein, alpha // 2q23 // 2191 /// ENST00000422436 // FAP // fibroblast activation protein, alpha // 2q23 // 2191 /// ENST00000443424 // FAP // fibroblast activation protein, alpha // 2q23 // 2191 /// ENST00000480838 // FAP // fibroblast activation protein, alpha // 2q23 // 2191 /// AK297118 // FAP // fibroblast activation protein, alpha // 2q23 // 2191 /// AK309260 // FAP // fibroblast activation protein, alpha // 2q23 // 2191 /// AK310293 // FAP // fibroblast activation protein, alpha // 2q23 // 2191 /// AL832166 // FAP // fibroblast activation protein, alpha // 2q23 // 2191 /// BC026250 // FAP // fibroblast activation protein, alpha // 2q23 // 2191 /// U09278 // FAP // fibroblast activation protein, alpha // 2q23 // 2191 /// U76833 // FAP // fibroblast activation protein, alpha // 2q23 // 2191	NM_001291807 // RefSeq // Homo sapiens fibroblast activation protein, alpha (FAP), transcript variant 2, mRNA. // chr2 // 100 // 96 // 27 // 27 // 0 /// NM_004460 // RefSeq // Homo sapiens fibroblast activation protein, alpha (FAP), transcript variant 1, mRNA. // chr2 // 100 // 100 // 28 // 28 // 0 /// ENST00000188790 // ENSEMBL // ensembl_havana_transcript:known chromosome:GRCh38:2:162170690:162243535:-1 gene:ENSG00000078098 gene_biotype:protein_coding transcript_biotype:protein_coding // chr2 // 100 // 100 // 28 // 28 // 0 /// ENST00000422436 // ENSEMBL // havana:known chromosome:GRCh38:2:162170684:162198826:-1 gene:ENSG00000078098 gene_biotype:protein_coding transcript_biotype:nonsense_mediated_decay // chr2 // 100 // 43 // 12 // 12 // 0 /// ENST00000443424 // ENSEMBL // havana:novel chromosome:GRCh38:2:162170718:162243456:-1 gene:ENSG00000078098 gene_biotype:protein_coding transcript_biotype:protein_coding // chr2 // 100 // 96 // 27 // 27 // 0 /// ENST00000480838 // ENSEMBL // havana:known chromosome:GRCh38:2:162209620:162243413:-1 gene:ENSG00000078098 gene_biotype:protein_coding transcript_biotype:retained_intron // chr2 // 100 // 39 // 11 // 11 // 0 /// AK297118 // GenBank // Homo sapiens cDNA FLJ60298 complete cds, highly similar to Seprase (EC 3.4.21.-). // chr2 // 100 // 96 // 27 // 27 // 0 /// AK309260 // GenBank HTC // Homo sapiens cDNA, FLJ99301. // chr2 // 100 // 39 // 11 // 11 // 0 /// AK310293 // GenBank HTC // Homo sapiens cDNA, FLJ17335. // chr2 // 100 // 57 // 16 // 16 // 0 /// AL832166 // GenBank // Homo sapiens mRNA; cDNA DKFZp686G13158 (from clone DKFZp686G13158). // chr2 // 92 // 43 // 11 // 12 // 0 /// BC026250 // GenBank // Homo sapiens fibroblast activation protein, alpha, mRNA (cDNA clone MGC:22451 IMAGE:4731931), complete cds. // chr2 // 100 // 96 // 27 // 27 // 0 /// U09278 // GenBank // Human fibroblast activation protein mRNA, complete cds. // chr2 // 100 // 100 // 28 // 28 // 0 /// U76833 // GenBank // Human integral membrane serine protease Seprase mRNA, complete cds. // chr2 // 96 // 93 // 25 // 26 // 0 /// GENSCAN00000020991 // ENSEMBL // cdna:genscan chromosome:GRCh38:2:162115621:162446443:-1 transcript_biotype:protein_coding // chr2 // 50 // 50 // 14 // 28 // 1 /// AF007822 // GenBank // Homo sapiens cytoplasmic Seprase truncated isoform mRNA, complete cds. // chr2 // 46 // 46 // 13 // 28 // 1	main
8074856	NM_001291715,NM_001291716,NM_006115,NM_206953,NM_206954,NM_206955,NM_206956,AK302188,AK316395,BC014074,BC022008,BC039731,CR456549,U65011,NM_001291717,NM_001291719,AK304593,JQ511981,JQ511982,JQ511983,JQ511984,JQ511985	chr22:22890123-22901768	chr22	NC_000022.10	-	22890123	22901768	33	NM_001291715 // PRAME // preferentially expressed antigen in melanoma // 22q11.22 // 23532 /// NM_001291716 // PRAME // preferentially expressed antigen in melanoma // 22q11.22 // 23532 /// NM_006115 // PRAME // preferentially expressed antigen in melanoma // 22q11.22 // 23532 /// NM_206953 // PRAME // preferentially expressed antigen in melanoma // 22q11.22 // 23532 /// NM_206954 // PRAME // preferentially expressed antigen in melanoma // 22q11.22 // 23532 /// NM_206955 // PRAME // preferentially expressed antigen in melanoma // 22q11.22 // 23532 /// NM_206956 // PRAME // preferentially expressed antigen in melanoma // 22q11.22 // 23532 /// ENST00000398741 // PRAME // preferentially expressed antigen in melanoma // 22q11.22 // 23532 /// ENST00000398743 // PRAME // preferentially expressed antigen in melanoma // 22q11.22 // 23532 /// ENST00000402697 // PRAME // preferentially expressed antigen in melanoma // 22q11.22 // 23532 /// ENST00000405655 // PRAME // preferentially expressed antigen in melanoma // 22q11.22 // 23532 /// ENST00000406503 // PRAME // preferentially expressed antigen in melanoma // 22q11.22 // 23532 /// ENST00000420709 // PRAME // preferentially expressed antigen in melanoma // 22q11.22 // 23532 /// ENST00000439106 // PRAME // preferentially expressed antigen in melanoma // 22q11.22 // 23532 /// ENST00000492657 // PRAME // preferentially expressed antigen in melanoma // 22q11.22 // 23532 /// ENST00000539862 // PRAME // preferentially expressed antigen in melanoma // 22q11.22 // 23532 /// ENST00000543184 // PRAME // preferentially expressed antigen in melanoma // 22q11.22 // 23532 /// AK302188 // PRAME // preferentially expressed antigen in melanoma // 22q11.22 // 23532 /// AK316395 // PRAME // preferentially expressed antigen in melanoma // 22q11.22 // 23532 /// BC014074 // PRAME // preferentially expressed antigen in melanoma // 22q11.22 // 23532 /// BC022008 // PRAME // preferentially expressed antigen in melanoma // 22q11.22 // 23532 /// BC039731 // PRAME // preferentially expressed antigen in melanoma // 22q11.22 // 23532 /// CR456549 // PRAME // preferentially expressed antigen in melanoma // 22q11.22 // 23532 /// U65011 // PRAME // preferentially expressed antigen in melanoma // 22q11.22 // 23532 /// NM_001291717 // PRAME // preferentially expressed antigen in melanoma // 22q11.22 // 23532 /// NM_001291719 // PRAME // preferentially expressed antigen in melanoma // 22q11.22 // 23532 /// AK304593 // PRAME // preferentially expressed antigen in melanoma // 22q11.22 // 23532	NM_001291715 // RefSeq // Homo sapiens preferentially expressed antigen in melanoma (PRAME), transcript variant 6, mRNA. // chr22 // 100 // 73 // 24 // 24 // 0 /// NM_001291716 // RefSeq // Homo sapiens preferentially expressed antigen in melanoma (PRAME), transcript variant 7, mRNA. // chr22 // 100 // 73 // 24 // 24 // 0 /// NM_006115 // RefSeq // Homo sapiens preferentially expressed antigen in melanoma (PRAME), transcript variant 1, mRNA. // chr22 // 100 // 85 // 28 // 28 // 0 /// NM_206953 // RefSeq // Homo sapiens preferentially expressed antigen in melanoma (PRAME), transcript variant 2, mRNA. // chr22 // 100 // 97 // 32 // 32 // 0 /// NM_206954 // RefSeq // Homo sapiens preferentially expressed antigen in melanoma (PRAME), transcript variant 3, mRNA. // chr22 // 100 // 85 // 28 // 28 // 0 /// NM_206955 // RefSeq // Homo sapiens preferentially expressed antigen in melanoma (PRAME), transcript variant 4, mRNA. // chr22 // 97 // 88 // 28 // 29 // 0 /// NM_206956 // RefSeq // Homo sapiens preferentially expressed antigen in melanoma (PRAME), transcript variant 5, mRNA. // chr22 // 97 // 88 // 28 // 29 // 0 /// ENST00000398741 // ENSEMBL // ensembl:known chromosome:GRCh38:22:22547702:22559143:-1 gene:ENSG00000185686 gene_biotype:protein_coding transcript_biotype:protein_coding // chr22 // 96 // 76 // 24 // 25 // 0 /// ENST00000398743 // ENSEMBL // havana:known chromosome:GRCh38:22:22547701:22559340:-1 gene:ENSG00000185686 gene_biotype:protein_coding transcript_biotype:protein_coding // chr22 // 100 // 82 // 27 // 27 // 0 /// ENST00000402697 // ENSEMBL // havana:known chromosome:GRCh38:22:22547767:22559288:-1 gene:ENSG00000185686 gene_biotype:protein_coding transcript_biotype:protein_coding // chr22 // 100 // 76 // 25 // 25 // 0 /// ENST00000405655 // ENSEMBL // havana:known chromosome:GRCh38:22:22547704:22559143:-1 gene:ENSG00000185686 gene_biotype:protein_coding transcript_biotype:protein_coding // chr22 // 96 // 76 // 24 // 25 // 0 /// ENST00000406503 // ENSEMBL // havana:known chromosome:GRCh38:22:22550754:22559267:-1 gene:ENSG00000185686 gene_biotype:protein_coding transcript_biotype:protein_coding // chr22 // 100 // 33 // 11 // 11 // 0 /// ENST00000420709 // ENSEMBL // havana:known chromosome:GRCh38:22:22550221:22559083:-1 gene:ENSG00000185686 gene_biotype:protein_coding transcript_biotype:protein_coding // chr22 // 89 // 27 // 8 // 9 // 0 /// ENST00000439106 // ENSEMBL // havana:known chromosome:GRCh38:22:22550074:22559279:-1 gene:ENSG00000185686 gene_biotype:protein_coding transcript_biotype:protein_coding // chr22 // 100 // 36 // 12 // 12 // 0 /// ENST00000492657 // ENSEMBL // havana:known chromosome:GRCh38:22:22547701:22559361:-1 gene:ENSG00000185686 gene_biotype:protein_coding transcript_biotype:retained_intron // chr22 // 100 // 97 // 32 // 32 // 0 /// ENST00000539862 // ENSEMBL // ensembl:known chromosome:GRCh38:CHR_HSCHR22_1_CTG3:22556807:22568248:-1 gene:ENSG00000275013 gene_biotype:protein_coding transcript_biotype:protein_coding gene:ENSG00000185686 // chr22 // 96 // 76 // 24 // 25 // 0 /// ENST00000543184 // ENSEMBL // ensembl:known chromosome:GRCh38:22:22547702:22559289:-1 gene:ENSG00000185686 gene_biotype:protein_coding transcript_biotype:protein_coding // chr22 // 100 // 91 // 30 // 30 // 0 /// AK302188 // GenBank // Homo sapiens cDNA FLJ51143 complete cds, highly similar to Melanoma antigen preferentially expressed in tumors. // chr22 // 100 // 61 // 20 // 20 // 0 /// AK316395 // GenBank // Homo sapiens cDNA, FLJ79294 complete cds, highly similar to Melanoma antigen preferentially expressed in tumors. // chr22 // 95 // 58 // 18 // 19 // 0 /// BC014074 // GenBank // Homo sapiens preferentially expressed antigen in melanoma, mRNA (cDNA clone MGC:20036 IMAGE:3954524), complete cds. // chr22 // 100 // 73 // 24 // 24 // 0 /// BC022008 // GenBank // Homo sapiens preferentially expressed antigen in melanoma, mRNA (cDNA clone MGC:26279 IMAGE:4825127), complete cds. // chr22 // 100 // 97 // 32 // 32 // 0 /// BC039731 // GenBank // Homo sapiens preferentially expressed antigen in melanoma, mRNA (cDNA clone MGC:47530 IMAGE:5744328), complete cds. // chr22 // 97 // 88 // 28 // 29 // 0 /// CR456549 // GenBank // Homo sapiens PRAME full length open reading frame (ORF) cDNA clone (cDNA clone C22ORF:pGEM.PRAME). // chr22 // 100 // 64 // 21 // 21 // 0 /// U65011 // GenBank // Human preferentially expressed antigen of melanoma (PRAME) mRNA, complete cds. // chr22 // 100 // 76 // 25 // 25 // 0 /// NM_001291717 // RefSeq // Homo sapiens preferentially expressed antigen in melanoma (PRAME), transcript variant 8, mRNA. // chr22 // 79 // 79 // 26 // 33 // 1 /// NM_001291719 // RefSeq // Homo sapiens preferentially expressed antigen in melanoma (PRAME), transcript variant 9, mRNA. // chr22 // 67 // 67 // 22 // 33 // 1 /// AK304593 // GenBank // Homo sapiens cDNA FLJ51197 complete cds, highly similar to Melanoma antigen preferentially expressed in tumors. // chr22 // 64 // 64 // 21 // 33 // 1 /// ENST00000617728 // ENSEMBL // ensembl:known chromosome:GRCh38:CHR_HSCHR22_1_CTG3:22556807:22568394:-1 gene:ENSG00000275013 gene_biotype:protein_coding transcript_biotype:protein_coding // chr22 // 100 // 91 // 30 // 30 // 0 /// GENSCAN00000001048 // ENSEMBL // cdna:genscan chromosome:GRCh38:CHR_HSCHR22_1_CTG3:22557172:22561979:-1 transcript_biotype:protein_coding // chr22 // 100 // 55 // 18 // 18 // 0 /// GENSCAN00000037236 // ENSEMBL // cdna:genscan chromosome:GRCh38:22:22548067:22552874:-1 transcript_biotype:protein_coding // chr22 // 100 // 55 // 18 // 18 // 0 /// JQ511981 // GenBank // Homo sapiens cell-line HDLM-2 preferentially expressed antigen in melanoma mRNA, complete cds. // chr22 // 95 // 61 // 19 // 20 // 0 /// JQ511982 // GenBank // Homo sapiens cell-line L-428 preferentially expressed antigen in melanoma mRNA, complete cds. // chr22 // 95 // 61 // 19 // 20 // 0 /// JQ511983 // GenBank // Homo sapiens cell-line L-540 preferentially expressed antigen in melanoma mRNA, complete cds. // chr22 // 95 // 61 // 19 // 20 // 0 /// JQ511984 // GenBank // Homo sapiens cell-line KM-H2 preferentially expressed antigen in melanoma mRNA, complete cds. // chr22 // 95 // 61 // 19 // 20 // 0 /// JQ511985 // GenBank // Homo sapiens cell-line L-1236 preferentially expressed antigen in melanoma mRNA, complete cds. // chr22 // 95 // 61 // 19 // 20 // 0	main
8150550	NM_001199279,NM_004198,AK298798,BC014456,U62435	chr8:42607763-42623712	chr8	NC_000008.10	-	42607763	42623712	31	NM_001199279 // CHRNA6 // cholinergic receptor, nicotinic, alpha 6 (neuronal) // 8p11.21 // 8973 /// NM_004198 // CHRNA6 // cholinergic receptor, nicotinic, alpha 6 (neuronal) // 8p11.21 // 8973 /// ENST00000276410 // CHRNA6 // cholinergic receptor, nicotinic, alpha 6 (neuronal) // 8p11.21 // 8973 /// ENST00000530869 // CHRNA6 // cholinergic receptor, nicotinic, alpha 6 (neuronal) // 8p11.21 // 8973 /// ENST00000533810 // CHRNA6 // cholinergic receptor, nicotinic, alpha 6 (neuronal) // 8p11.21 // 8973 /// ENST00000534622 // CHRNA6 // cholinergic receptor, nicotinic, alpha 6 (neuronal) // 8p11.21 // 8973 /// AK298798 // CHRNA6 // cholinergic receptor, nicotinic, alpha 6 (neuronal) // 8p11.21 // 8973 /// BC014456 // CHRNA6 // cholinergic receptor, nicotinic, alpha 6 (neuronal) // 8p11.21 // 8973 /// U62435 // CHRNA6 // cholinergic receptor, nicotinic, alpha 6 (neuronal) // 8p11.21 // 8973 /// ENST00000529467 // CHRNA6 // cholinergic receptor, nicotinic, alpha 6 (neuronal) // 8p11.21 // 8973	NM_001199279 // RefSeq // Homo sapiens cholinergic receptor, nicotinic, alpha 6 (neuronal) (CHRNA6), transcript variant 2, mRNA. // chr8 // 100 // 87 // 27 // 27 // 0 /// NM_004198 // RefSeq // Homo sapiens cholinergic receptor, nicotinic, alpha 6 (neuronal) (CHRNA6), transcript variant 1, mRNA. // chr8 // 100 // 100 // 31 // 31 // 0 /// ENST00000276410 // ENSEMBL // ensembl_havana_transcript:known chromosome:GRCh38:8:42752620:42768786:-1 gene:ENSG00000147434 gene_biotype:protein_coding transcript_biotype:protein_coding // chr8 // 100 // 100 // 31 // 31 // 0 /// ENST00000530869 // ENSEMBL // havana:known chromosome:GRCh38:8:42756940:42768632:-1 gene:ENSG00000147434 gene_biotype:protein_coding transcript_biotype:processed_transcript // chr8 // 100 // 61 // 19 // 19 // 0 /// ENST00000533810 // ENSEMBL // havana:putative chromosome:GRCh38:8:42756629:42796392:-1 gene:ENSG00000147434 gene_biotype:protein_coding transcript_biotype:protein_coding // chr8 // 100 // 45 // 14 // 14 // 0 /// ENST00000534622 // ENSEMBL // ensembl_havana_transcript:novel chromosome:GRCh38:8:42752927:42768610:-1 gene:ENSG00000147434 gene_biotype:protein_coding transcript_biotype:protein_coding // chr8 // 96 // 81 // 24 // 25 // 0 /// AK298798 // GenBank // Homo sapiens cDNA FLJ51722 complete cds, highly similar to Neuronal acetylcholine receptor protein subunit alpha-6 precursor. // chr8 // 96 // 81 // 24 // 25 // 0 /// BC014456 // GenBank // Homo sapiens cholinergic receptor, nicotinic, alpha 6, mRNA (cDNA clone MGC:23050 IMAGE:4862198), complete cds. // chr8 // 100 // 90 // 28 // 28 // 0 /// U62435 // GenBank // Human nicotinic acetylcholine receptor alpha6 subunit precursor, mRNA, complete cds. // chr8 // 100 // 87 // 27 // 27 // 0 /// ENST00000529467 // ENSEMBL // havana:known chromosome:GRCh38:8:42764973:42768648:-1 gene:ENSG00000147434 gene_biotype:protein_coding transcript_biotype:retained_intron // chr8 // 35 // 35 // 11 // 31 // 1 /// NONHSAT126313 // NONCODE // Non-coding transcript identified by NONCODE: Exonic // chr8 // 100 // 61 // 19 // 19 // 0 /// GENSCAN00000032098 // ENSEMBL // cdna:genscan chromosome:GRCh38:8:42755747:42814391:-1 transcript_biotype:protein_coding // chr8 // 39 // 39 // 12 // 31 // 1 /// NONHSAT126314 // NONCODE // Non-coding transcript identified by NONCODE: Exonic // chr8 // 35 // 35 // 11 // 31 // 1	main
8151795	NM_001144663,NM_004063,AK300638,AK301001,BC112013,BC113464,U07969	chr8:95139390-95220810	chr8	NC_000008.10	-	95139390	95220810	44	NM_001144663 // CDH17 // cadherin 17, LI cadherin (liver-intestine) // 8q22.1 // 1015 /// NM_004063 // CDH17 // cadherin 17, LI cadherin (liver-intestine) // 8q22.1 // 1015 /// ENST00000027335 // CDH17 // cadherin 17, LI cadherin (liver-intestine) // 8q22.1 // 1015 /// ENST00000441892 // CDH17 // cadherin 17, LI cadherin (liver-intestine) // 8q22.1 // 1015 /// ENST00000450165 // CDH17 // cadherin 17, LI cadherin (liver-intestine) // 8q22.1 // 1015 /// ENST00000521491 // CDH17 // cadherin 17, LI cadherin (liver-intestine) // 8q22.1 // 1015 /// AK300638 // CDH17 // cadherin 17, LI cadherin (liver-intestine) // 8q22.1 // 1015 /// AK301001 // CDH17 // cadherin 17, LI cadherin (liver-intestine) // 8q22.1 // 1015 /// BC112013 // CDH17 // cadherin 17, LI cadherin (liver-intestine) // 8q22.1 // 1015 /// BC113464 // CDH17 // cadherin 17, LI cadherin (liver-intestine) // 8q22.1 // 1015 /// U07969 // CDH17 // cadherin 17, LI cadherin (liver-intestine) // 8q22.1 // 1015	NM_001144663 // RefSeq // Homo sapiens cadherin 17, LI cadherin (liver-intestine) (CDH17), transcript variant 2, mRNA. // chr8 // 100 // 95 // 42 // 42 // 0 /// NM_004063 // RefSeq // Homo sapiens cadherin 17, LI cadherin (liver-intestine) (CDH17), transcript variant 1, mRNA. // chr8 // 100 // 100 // 44 // 44 // 0 /// ENST00000027335 // ENSEMBL // ensembl_havana_transcript:known chromosome:GRCh38:8:94127171:94208587:-1 gene:ENSG00000079112 gene_biotype:protein_coding transcript_biotype:protein_coding // chr8 // 100 // 100 // 44 // 44 // 0 /// ENST00000441892 // ENSEMBL // havana:novel chromosome:GRCh38:8:94127872:94208555:-1 gene:ENSG00000079112 gene_biotype:protein_coding transcript_biotype:protein_coding // chr8 // 100 // 66 // 29 // 29 // 0 /// ENST00000450165 // ENSEMBL // ensembl_havana_transcript:known chromosome:GRCh38:8:94128240:94217303:-1 gene:ENSG00000079112 gene_biotype:protein_coding transcript_biotype:protein_coding // chr8 // 100 // 86 // 38 // 38 // 0 /// ENST00000521491 // ENSEMBL // havana:known chromosome:GRCh38:8:94174243:94208555:-1 gene:ENSG00000079112 gene_biotype:protein_coding transcript_biotype:protein_coding // chr8 // 100 // 23 // 10 // 10 // 0 /// AK300638 // GenBank // Homo sapiens cDNA FLJ57006 complete cds, highly similar to Cadherin-17 precursor. // chr8 // 96 // 52 // 22 // 23 // 0 /// AK301001 // GenBank // Homo sapiens cDNA FLJ53459 complete cds, highly similar to Cadherin-17 precursor. // chr8 // 97 // 66 // 28 // 29 // 0 /// BC112013 // GenBank // Homo sapiens cadherin 17, LI cadherin (liver-intestine), mRNA (cDNA clone MGC:138218 IMAGE:8327481), complete cds. // chr8 // 100 // 89 // 39 // 39 // 0 /// BC113464 // GenBank // Homo sapiens cadherin 17, LI cadherin (liver-intestine), mRNA (cDNA clone MGC:142024 IMAGE:8322516), complete cds. // chr8 // 100 // 89 // 39 // 39 // 0 /// U07969 // GenBank // Human intestinal peptide-associated transporter HPT-1 mRNA, complete cds. // chr8 // 98 // 91 // 39 // 40 // 0 /// GENSCAN00000008367 // ENSEMBL // cdna:genscan chromosome:GRCh38:8:94116057:94203052:-1 transcript_biotype:protein_coding // chr8 // 100 // 82 // 36 // 36 // 0	main
8175234	NM_001164617,NM_001164618,NM_001164619,NM_004484,AK300168,AK310196,AK310689,BC035972,DQ349136,DQ349137,DQ349138,JQ943686,L47125,L47176,U50410	chrX:132669773-133119922	chrX	NC_000023.10	-	132669773	133119922	26	NM_001164617 // GPC3 // glypican 3 // Xq26.1 // 2719 /// NM_001164618 // GPC3 // glypican 3 // Xq26.1 // 2719 /// NM_001164619 // GPC3 // glypican 3 // Xq26.1 // 2719 /// NM_004484 // GPC3 // glypican 3 // Xq26.1 // 2719 /// ENST00000370818 // GPC3 // glypican 3 // Xq26.1 // 2719 /// ENST00000394299 // GPC3 // glypican 3 // Xq26.1 // 2719 /// ENST00000406757 // GPC3 // glypican 3 // Xq26.1 // 2719 /// AK300168 // GPC3 // glypican 3 // Xq26.1 // 2719 /// AK310196 // GPC3 // glypican 3 // Xq26.1 // 2719 /// AK310689 // GPC3 // glypican 3 // Xq26.1 // 2719 /// BC035972 // GPC3 // glypican 3 // Xq26.1 // 2719 /// DQ349136 // GPC3 // glypican 3 // Xq26.1 // 2719 /// DQ349137 // GPC3 // glypican 3 // Xq26.1 // 2719 /// DQ349138 // GPC3 // glypican 3 // Xq26.1 // 2719 /// JQ943686 // GPC3 // glypican 3 // Xq26.1 // 2719 /// L47125 // GPC3 // glypican 3 // Xq26.1 // 2719 /// L47176 // GPC3 // glypican 3 // Xq26.1 // 2719 /// U50410 // GPC3 // glypican 3 // Xq26.1 // 2719	NM_001164617 // RefSeq // Homo sapiens glypican 3 (GPC3), transcript variant 1, mRNA. // chrX // 100 // 100 // 26 // 26 // 0 /// NM_001164618 // RefSeq // Homo sapiens glypican 3 (GPC3), transcript variant 3, mRNA. // chrX // 100 // 96 // 25 // 25 // 0 /// NM_001164619 // RefSeq // Homo sapiens glypican 3 (GPC3), transcript variant 4, mRNA. // chrX // 100 // 85 // 22 // 22 // 0 /// NM_004484 // RefSeq // Homo sapiens glypican 3 (GPC3), transcript variant 2, mRNA. // chrX // 100 // 100 // 26 // 26 // 0 /// ENST00000370818 // ENSEMBL // ensembl_havana_transcript:known chromosome:GRCh38:X:133535745:133985895:-1 gene:ENSG00000147257 gene_biotype:protein_coding transcript_biotype:protein_coding // chrX // 100 // 100 // 26 // 26 // 0 /// ENST00000394299 // ENSEMBL // ensembl:known chromosome:GRCh38:X:133535754:133985646:-1 gene:ENSG00000147257 gene_biotype:protein_coding transcript_biotype:protein_coding // chrX // 100 // 100 // 26 // 26 // 0 /// ENST00000406757 // ENSEMBL // havana:known chromosome:GRCh38:X:133596366:133753702:-1 gene:ENSG00000147257 gene_biotype:protein_coding transcript_biotype:protein_coding // chrX // 100 // 31 // 8 // 8 // 0 /// AK300168 // GenBank // Homo sapiens cDNA FLJ53916 complete cds, highly similar to Glypican-3 precursor. // chrX // 100 // 92 // 24 // 24 // 0 /// AK310196 // GenBank HTC // Homo sapiens cDNA, FLJ17238. // chrX // 100 // 65 // 17 // 17 // 0 /// AK310689 // GenBank HTC // Homo sapiens cDNA, FLJ17731. // chrX // 100 // 62 // 16 // 16 // 0 /// BC035972 // GenBank // Homo sapiens glypican 3, mRNA (cDNA clone MGC:32604 IMAGE:4603748), complete cds. // chrX // 100 // 100 // 26 // 26 // 0 /// DQ349136 // GenBank // Homo sapiens glypican-3 splice variant B (GPC3) mRNA, complete cds. // chrX // 100 // 69 // 18 // 18 // 0 /// DQ349137 // GenBank // Homo sapiens glypican-3 splice variant A (GPC3) mRNA, complete cds. // chrX // 100 // 85 // 22 // 22 // 0 /// DQ349138 // GenBank // Homo sapiens glypican-3 splice variant C (GPC3) mRNA, complete cds. // chrX // 100 // 85 // 22 // 22 // 0 /// JQ943686 // GenBank // Homo sapiens glypican 3 isoform 2 precursor (GPC3) mRNA, complete cds. // chrX // 100 // 85 // 22 // 22 // 0 /// L47125 // GenBank // Homo sapiens (chromosome X) glypican (GPC3) mRNA, complete cds. // chrX // 100 // 96 // 25 // 25 // 0 /// L47176 // GenBank // Homo sapiens GTR2-2 mRNA, complete cds. // chrX // 100 // 96 // 25 // 25 // 0 /// U50410 // GenBank // Human heparan sulphate proteoglycan (OCI5) mRNA, complete cds. // chrX // 96 // 100 // 25 // 26 // 0 /// GENSCAN00000033632 // ENSEMBL // cdna:genscan chromosome:GRCh38:X:133658413:133756503:-1 transcript_biotype:protein_coding // chrX // 100 // 38 // 10 // 10 // 0	main
8175871	NM_000425,NM_001143963,NM_001278116,NM_024003,AK289754,BC126229,BC136447,EF506611,M74387,M77640	chrX:153126969-153151608	chrX	NC_000023.10	-	153126969	153151608	31	NM_000425 // L1CAM // L1 cell adhesion molecule // Xq28 // 3897 /// NM_001143963 // L1CAM // L1 cell adhesion molecule // Xq28 // 3897 /// NM_001278116 // L1CAM // L1 cell adhesion molecule // Xq28 // 3897 /// NM_024003 // L1CAM // L1 cell adhesion molecule // Xq28 // 3897 /// ENST00000361699 // L1CAM // L1 cell adhesion molecule // Xq28 // 3897 /// ENST00000361981 // L1CAM // L1 cell adhesion molecule // Xq28 // 3897 /// ENST00000370055 // L1CAM // L1 cell adhesion molecule // Xq28 // 3897 /// ENST00000370060 // L1CAM // L1 cell adhesion molecule // Xq28 // 3897 /// AK289754 // L1CAM // L1 cell adhesion molecule // Xq28 // 3897 /// BC126229 // L1CAM // L1 cell adhesion molecule // Xq28 // 3897 /// BC136447 // L1CAM // L1 cell adhesion molecule // Xq28 // 3897 /// EF506611 // L1CAM // L1 cell adhesion molecule // Xq28 // 3897 /// M74387 // L1CAM // L1 cell adhesion molecule // Xq28 // 3897 /// M77640 // L1CAM // L1 cell adhesion molecule // Xq28 // 3897	NM_000425 // RefSeq // Homo sapiens L1 cell adhesion molecule (L1CAM), transcript variant 1, mRNA. // chrX // 100 // 100 // 31 // 31 // 0 /// NM_001143963 // RefSeq // Homo sapiens L1 cell adhesion molecule (L1CAM), transcript variant 3, mRNA. // chrX // 100 // 100 // 31 // 31 // 0 /// NM_001278116 // RefSeq // Homo sapiens L1 cell adhesion molecule (L1CAM), transcript variant 4, mRNA. // chrX // 100 // 100 // 31 // 31 // 0 /// NM_024003 // RefSeq // Homo sapiens L1 cell adhesion molecule (L1CAM), transcript variant 2, mRNA. // chrX // 100 // 100 // 31 // 31 // 0 /// ENST00000361699 // ENSEMBL // ensembl_havana_transcript:known chromosome:GRCh38:X:153862548:153875847:-1 gene:ENSG00000198910 gene_biotype:protein_coding transcript_biotype:protein_coding // chrX // 100 // 94 // 29 // 29 // 0 /// ENST00000361981 // ENSEMBL // ensembl:known chromosome:GRCh38:X:153861514:153875944:-1 gene:ENSG00000198910 gene_biotype:protein_coding transcript_biotype:protein_coding // chrX // 100 // 100 // 31 // 31 // 0 /// ENST00000370055 // ENSEMBL // havana:novel chromosome:GRCh38:X:153861953:153886154:-1 gene:ENSG00000198910 gene_biotype:protein_coding transcript_biotype:protein_coding // chrX // 100 // 97 // 30 // 30 // 0 /// ENST00000370060 // ENSEMBL // ensembl_havana_transcript:known chromosome:GRCh38:X:153861514:153886146:-1 gene:ENSG00000198910 gene_biotype:protein_coding transcript_biotype:protein_coding // chrX // 100 // 100 // 31 // 31 // 0 /// AK289754 // GenBank // Homo sapiens cDNA FLJ76744 complete cds, highly similar to Homo sapiens L1 cell adhesion molecule (L1CAM), transcript variant 1, mRNA. // chrX // 100 // 94 // 29 // 29 // 0 /// BC126229 // GenBank // Homo sapiens L1 cell adhesion molecule, mRNA (cDNA clone MGC:161507 IMAGE:8991945), complete cds. // chrX // 100 // 97 // 30 // 30 // 0 /// BC136447 // GenBank // Homo sapiens L1 cell adhesion molecule, mRNA (cDNA clone MGC:168059 IMAGE:9020436), complete cds. // chrX // 100 // 97 // 30 // 30 // 0 /// EF506611 // GenBank // Homo sapiens non-neural L1CAM (L1CAM) mRNA, complete cds. // chrX // 100 // 94 // 29 // 29 // 0 /// M74387 // GenBank // Human cell adhesion molecule L1 (L1CAM) mRNA, complete cds. // chrX // 100 // 94 // 29 // 29 // 0 /// M77640 // GenBank // Homo sapiens L1 cell adhesion molecule (L1CAM) mRNA, complete cds. // chrX // 100 // 94 // 29 // 29 // 0 /// GENSCAN00000004614 // ENSEMBL // cdna:genscan chromosome:GRCh38:X:153862663:153875836:-1 transcript_biotype:protein_coding // chrX // 100 // 94 // 29 // 29 // 0	main
