gene	peak	stratum	coverage_complete	n_emc_available	n_comparator_available	n_comparator_total	emc_median	comparator_median	delta	direction	minimum_emc_minus_maximum_comparator	EMC_STT5525_delta	EMC_STT5526_delta	EMC_STT5527_delta	EMC_STT5592_delta
CD276	19547	sarcoma:ESS	True	4	4	4	0.285691831	0.213613344	0.072078487	positive	-0.190043956	0.082978959	0.069736909	0.074420065	-0.016071546
CD276	19547	sarcoma:EWS	True	4	4	4	0.285691831	0.1784237745	0.1072680565	positive	0.016449991	0.1181685285	0.1049264785	0.1096096345	0.0191180235
CD276	19547	sarcoma:GIST	True	4	7	7	0.285691831	0.13652005	0.149171781	positive	-0.136023272	0.160072253	0.146830203	0.151513359	0.061021748
CD276	19547	sarcoma:LMS	True	4	3	3	0.285691831	0.147636853	0.138054978	positive	-0.152312360	0.148955450	0.135713400	0.140396556	0.049904945
CD276	19547	sarcoma:MLPS	True	4	6	6	0.285691831	0.242287270	0.043404561	positive	-0.232473964	0.054305033	0.041062983	0.045746139	-0.044745472
CD276	19547	sarcoma:DDLPS	True	4	3	3	0.285691831	0.155951467	0.129740364	positive	-0.368312523	0.140640836	0.127398786	0.132081942	0.041590331
CD276	19547	sarcoma:SS	True	4	3	3	0.285691831	0.313094558	-0.027402727	negative	-0.126339972	-0.016502255	-0.029744305	-0.025061149	-0.115552760
CD276	19547	sarcoma:pooled	True	4	30	30	0.285691831	0.1834347725	0.1022570585	positive	-0.368312523	0.1131575305	0.0999154805	0.1045986365	0.0141070255
CD276	19547	adult:breast	True	4	5	5	0.285691831	0.147574597	0.138117234	positive	-0.101183653	0.149017706	0.135775656	0.140458812	0.049967201
CD276	19547	adult:colon	True	4	3	3	0.285691831	0.091302685	0.194389146	positive	0.007985543	0.205289618	0.192047568	0.196730724	0.106239113
CD276	19547	adult:kidney	True	4	3	3	0.285691831	0.220983665	0.064708166	positive	-0.100187353	0.075608638	0.062366588	0.067049744	-0.023441867
CD276	19547	adult:lung	True	4	5	5	0.285691831	0	0.285691831	positive	0.102085552	0.296592303	0.283350253	0.288033409	0.197541798
CD276	19547	adult:uterus	True	4	1	1	0.285691831	0	0.285691831	positive	0.197541798	0.296592303	0.283350253	0.288033409	0.197541798
CD276	19547	adult:pooled	True	4	17	17	0.285691831	0.091302685	0.194389146	positive	-0.101183653	0.205289618	0.192047568	0.196730724	0.106239113
CD276	19547	fetal:bowel	True	4	3	3	0.285691831	0.480257542	-0.194565711	negative	-0.312835914	-0.183665239	-0.196907289	-0.192224133	-0.282715744
CD276	19547	fetal:kidney	True	4	3	3	0.285691831	0.348611002	-0.062919171	negative	-0.158025355	-0.052018699	-0.065260749	-0.060577593	-0.151069204
CD276	19547	fetal:lung	True	4	4	4	0.285691831	0.204912652	0.080779179	positive	-0.390913531	0.091679651	0.078437601	0.083120757	-0.007370854
CD276	19547	fetal:pooled	True	4	10	10	0.285691831	0.308600073	-0.022908242	negative	-0.390913531	-0.012007770	-0.025249820	-0.020566664	-0.111058275
CD276	19547	normal:adult_fetal_pooled	True	4	27	27	0.285691831	0.155845639	0.129846192	positive	-0.390913531	0.140746664	0.127504614	0.132187770	0.041696159
CD276	19548	sarcoma:ESS	True	4	4	4	0.2006060875	0.16224206275	0.03836402475	positive	-0.094798157	0.25720279525	0.00135028225	0.04142831425	0.03529973525
CD276	19548	sarcoma:EWS	True	4	4	4	0.2006060875	0.235492728	-0.0348866405	negative	-0.092510145	0.183952130	-0.071900383	-0.031822351	-0.037950930
CD276	19548	sarcoma:GIST	True	4	7	7	0.2006060875	0.186939304	0.0136667835	positive	-0.182050166	0.232505554	-0.023346959	0.016731073	0.010602494
CD276	19548	sarcoma:LMS	True	4	3	3	0.2006060875	0.33012604	-0.1295199525	negative	-0.370818708	0.089318818	-0.166533695	-0.126455663	-0.132584242
CD276	19548	sarcoma:MLPS	True	4	6	6	0.2006060875	0.2031240975	-0.0025180100	negative	-0.172338129	0.2163207605	-0.0395317525	0.0005462795	-0.0055822995
CD276	19548	sarcoma:DDLPS	True	4	3	3	0.2006060875	0.220548679	-0.0199425915	negative	-0.147965974	0.198896179	-0.056956334	-0.016878302	-0.023006881
CD276	19548	sarcoma:SS	True	4	3	3	0.2006060875	0.180765228	0.0198408595	positive	-0.264862964	0.238679630	-0.017172883	0.022905149	0.016776570
CD276	19548	sarcoma:pooled	True	4	30	30	0.2006060875	0.194679925	0.0059261625	positive	-0.370818708	0.224764933	-0.031087580	0.008990452	0.002861873
CD276	19548	adult:breast	True	4	5	5	0.2006060875	0.203024295	-0.0024182075	negative	-0.136880667	0.216420563	-0.039431950	0.000646082	-0.005482497
CD276	19548	adult:colon	True	4	3	3	0.2006060875	0.165966009	0.0346400785	positive	-0.019013025	0.253478849	-0.002373664	0.037704368	0.031575789
CD276	19548	adult:kidney	True	4	3	3	0.2006060875	0	0.2006060875	positive	0.000519373	0.419444858	0.163592345	0.203670377	0.197541798
CD276	19548	adult:lung	True	4	5	5	0.2006060875	0.203870451	-0.0032643635	negative	-0.193271502	0.215574407	-0.040278106	-0.000200074	-0.006328653
CD276	19548	adult:uterus	True	4	1	1	0.2006060875	0.235283477	-0.0346773895	negative	-0.071691132	0.184161381	-0.071691132	-0.031613100	-0.037741679
CD276	19548	adult:pooled	True	4	17	17	0.2006060875	0.18260537	0.0180007175	positive	-0.193271502	0.236839488	-0.019013025	0.021065007	0.014936428
CD276	19548	fetal:bowel	True	4	3	3	0.2006060875	0.449435601	-0.2488295135	negative	-0.376919686	-0.029990743	-0.285843256	-0.245765224	-0.251893803
CD276	19548	fetal:kidney	True	4	3	3	0.2006060875	0.420440688	-0.2198346005	negative	-0.270706771	-0.000995830	-0.256848343	-0.216770311	-0.222898890
CD276	19548	fetal:lung	True	4	4	4	0.2006060875	0.264570763	-0.0639646755	negative	-0.289801599	0.154874095	-0.100978418	-0.060900386	-0.067028965
CD276	19548	fetal:pooled	True	4	10	10	0.2006060875	0.364591599	-0.1639855115	negative	-0.376919686	0.054853259	-0.200999254	-0.160921222	-0.167049801
CD276	19548	normal:adult_fetal_pooled	True	4	27	27	0.2006060875	0.220399016	-0.0197929285	negative	-0.376919686	0.199045842	-0.056806671	-0.016728639	-0.022857218
CD276	19549	sarcoma:ESS	True	4	4	4	1.5807354375	1.61219472225	-0.03145928475	negative	-0.703180994	0.66210940575	-0.29327107225	-0.65689597725	0.23035250275
CD276	19549	sarcoma:EWS	True	4	4	4	1.5807354375	1.1564681925	0.4242672450	positive	-0.548962638	1.1178359355	0.1624554575	-0.2011694475	0.6860790325
CD276	19549	sarcoma:GIST	True	4	7	7	1.5807354375	1.266034858	0.3147005795	positive	-0.509569049	1.008269270	0.052888792	-0.310736113	0.576512367
CD276	19549	sarcoma:LMS	True	4	3	3	1.5807354375	2.189501995	-0.6087665575	negative	-3.264636705	0.084802133	-0.870578345	-1.234203250	-0.346954770
CD276	19549	sarcoma:MLPS	True	4	6	6	1.5807354375	1.9189552205	-0.3382197830	negative	-1.464010514	0.3553489075	-0.6000315705	-0.9636564755	-0.0764079955
CD276	19549	sarcoma:DDLPS	True	4	3	3	1.5807354375	1.96647317	-0.3857377325	negative	-2.329581846	0.307830958	-0.64754952	-1.011174425	-0.123925945
CD276	19549	sarcoma:SS	True	4	3	3	1.5807354375	1.388484059	0.1922513785	positive	-0.727640300	0.885820069	-0.069560409	-0.433185314	0.454063166
CD276	19549	sarcoma:pooled	True	4	30	30	1.5807354375	1.50065747925	0.08007795825	positive	-3.264636705	0.77364664875	-0.18173382925	-0.54535873425	0.34188974575
CD276	19549	adult:breast	True	4	5	5	1.5807354375	1.596263331	-0.0155278935	negative	-0.926493040	0.678040797	-0.277339681	-0.640964586	0.246283894
CD276	19549	adult:colon	True	4	3	3	1.5807354375	0.948845337	0.6318901005	positive	-0.122563746	1.325458791	0.370078313	0.006453408	0.893701888
CD276	19549	adult:kidney	True	4	3	3	1.5807354375	0.494134496	1.0866009415	positive	0.289556124	1.780169632	0.824789154	0.461164249	1.348412729
CD276	19549	adult:lung	True	4	5	5	1.5807354375	0.978922785	0.6018126525	positive	-1.694810214	1.295381343	0.340000865	-0.023624040	0.863624440
CD276	19549	adult:uterus	True	4	1	1	1.5807354375	1.495485172	0.0852502655	positive	-0.540186427	0.778818956	-0.176561522	-0.540186427	0.347062053
CD276	19549	adult:pooled	True	4	17	17	1.5807354375	1.007045743	0.5736896945	positive	-1.694810214	1.267258385	0.311877907	-0.051746998	0.835501482
CD276	19549	fetal:bowel	True	4	3	3	1.5807354375	1.407014252	0.1737211855	positive	-0.726745735	0.867289876	-0.088090602	-0.451715507	0.435532973
CD276	19549	fetal:kidney	True	4	3	3	1.5807354375	1.774463933	-0.1937284955	negative	-0.937767214	0.499840195	-0.455540283	-0.819165188	0.068083292
CD276	19549	fetal:lung	True	4	4	4	1.5807354375	1.7632194935	-0.1824840560	negative	-1.088597647	0.5110846345	-0.4442958435	-0.8079207485	0.0793277315
CD276	19549	fetal:pooled	True	4	10	10	1.5807354375	1.6588500085	-0.0781145710	negative	-1.088597647	0.6154541195	-0.3399263585	-0.7035512635	0.1836972165
CD276	19549	normal:adult_fetal_pooled	True	4	27	27	1.5807354375	1.390451525	0.1902839125	positive	-1.694810214	0.883852603	-0.071527875	-0.435152780	0.452095700
MSLN	19943	sarcoma:ESS	True	4	4	4	0	0	0	zero	0	0	0.163592345	0	0
MSLN	19943	sarcoma:EWS	True	4	4	4	0	0	0	zero	-0.124069388	0	0.163592345	0	0
MSLN	19943	sarcoma:GIST	True	4	7	7	0	0	0	zero	-0.230428341	0	0.163592345	0	0
MSLN	19943	sarcoma:LMS	True	4	3	3	0	0	0	zero	-0.0817893265	0	0.163592345	0	0
MSLN	19943	sarcoma:MLPS	True	4	6	6	0	0	0	zero	0	0	0.163592345	0	0
MSLN	19943	sarcoma:DDLPS	True	4	3	3	0	0	0	zero	0	0	0.163592345	0	0
MSLN	19943	sarcoma:SS	True	4	3	3	0	0	0	zero	-0.229778088	0	0.163592345	0	0
MSLN	19943	sarcoma:pooled	True	4	30	30	0	0	0	zero	-0.230428341	0	0.163592345	0	0
MSLN	19943	adult:breast	True	4	5	5	0	0	0	zero	-0.104350998	0	0.163592345	0	0
MSLN	19943	adult:colon	True	4	3	3	0	0.11735569	-0.11735569	negative	-0.223644991	-0.11735569	0.046236655	-0.11735569	-0.11735569
MSLN	19943	adult:kidney	True	4	3	3	0	0	0	zero	-0.094150224	0	0.163592345	0	0
MSLN	19943	adult:lung	True	4	5	5	0	0.278300389	-0.278300389	negative	-0.84621788	-0.278300389	-0.114708044	-0.278300389	-0.278300389
MSLN	19943	adult:uterus	True	4	1	1	0	0.10522197	-0.10522197	negative	-0.10522197	-0.10522197	0.058370375	-0.10522197	-0.10522197
MSLN	19943	adult:pooled	True	4	17	17	0	0.094150224	-0.094150224	negative	-0.84621788	-0.094150224	0.069442121	-0.094150224	-0.094150224
MSLN	19943	fetal:bowel	True	4	3	3	0	0.161395604	-0.161395604	negative	-0.214777702	-0.161395604	0.002196741	-0.161395604	-0.161395604
MSLN	19943	fetal:kidney	True	4	3	3	0	0.148648231	-0.148648231	negative	-0.159014465	-0.148648231	0.014944114	-0.148648231	-0.148648231
MSLN	19943	fetal:lung	True	4	4	4	0	0.135886214	-0.135886214	negative	-0.155845639	-0.135886214	0.027706131	-0.135886214	-0.135886214
MSLN	19943	fetal:pooled	True	4	10	10	0	0.1433610395	-0.1433610395	negative	-0.214777702	-0.1433610395	0.0202313055	-0.1433610395	-0.1433610395
MSLN	19943	normal:adult_fetal_pooled	True	4	27	27	0	0.120116717	-0.120116717	negative	-0.84621788	-0.120116717	0.043475628	-0.120116717	-0.120116717
MSLN	19944	sarcoma:ESS	True	4	4	4	0.513667960	0.5988732065	-0.0852052465	negative	-1.31879384	-0.4112917635	0.5694098155	0.2408812705	-0.4848223965
MSLN	19944	sarcoma:EWS	True	4	4	4	0.513667960	0.854888649	-0.341220689	negative	-1.080277981	-0.667307206	0.313394373	-0.015134172	-0.740837839
MSLN	19944	sarcoma:GIST	True	4	7	7	0.513667960	1.426752315	-0.913084355	negative	-2.022853711	-1.239170872	-0.258469293	-0.586997838	-1.312701505
MSLN	19944	sarcoma:LMS	True	4	3	3	0.513667960	0.3458261775	0.1678417825	positive	-0.276559588	-0.1582447345	0.8224568445	0.4939282995	-0.2317753675
MSLN	19944	sarcoma:MLPS	True	4	6	6	0.513667960	0.2055554455	0.3081125145	positive	-0.27056698	-0.0179740025	0.9627275765	0.6341990315	-0.0915046355
MSLN	19944	sarcoma:DDLPS	True	4	3	3	0.513667960	0.311558319	0.202109641	positive	-0.327046548	-0.123976876	0.856724703	0.528196158	-0.197507509
MSLN	19944	sarcoma:SS	True	4	3	3	0.513667960	1.963612987	-1.449945027	negative	-1.953951985	-1.776031544	-0.795329965	-1.123858510	-1.849562177
MSLN	19944	sarcoma:pooled	True	4	30	30	0.513667960	0.4170586765	0.0966092835	positive	-2.022853711	-0.2294772335	0.7512243455	0.4226958005	-0.3030078665
MSLN	19944	adult:breast	True	4	5	5	0.513667960	0.481680317	0.031987643	positive	-0.46909208	-0.294098874	0.686602705	0.358074160	-0.367629507
MSLN	19944	adult:colon	True	4	3	3	0.513667960	0.909079862	-0.395411902	negative	-2.192132843	-0.721498419	0.259203160	-0.069325385	-0.795029052
MSLN	19944	adult:kidney	True	4	3	3	0.513667960	1.546885653	-1.033217693	negative	-1.848573471	-1.359304210	-0.378602631	-0.707131176	-1.432834843
MSLN	19944	adult:lung	True	4	5	5	0.513667960	2.629815245	-2.116147285	negative	-5.874890576	-2.442233802	-1.461532223	-1.790060768	-2.515764435
MSLN	19944	adult:uterus	True	4	1	1	0.513667960	1.798033804	-1.284365844	negative	-1.683982994	-1.610452361	-0.629750782	-0.958279327	-1.683982994
MSLN	19944	adult:pooled	True	4	17	17	0.513667960	1.546885653	-1.033217693	negative	-5.874890576	-1.359304210	-0.378602631	-0.707131176	-1.432834843
MSLN	19944	fetal:bowel	True	4	3	3	0.513667960	2.444013633	-1.930345673	negative	-2.85317126	-2.256432190	-1.275730611	-1.604259156	-2.329962823
MSLN	19944	fetal:kidney	True	4	3	3	0.513667960	2.217301506	-1.703633546	negative	-2.726038346	-2.029720063	-1.049018484	-1.377547029	-2.103250696
MSLN	19944	fetal:lung	True	4	4	4	0.513667960	1.543171141	-1.029503181	negative	-1.70286954	-1.355589698	-0.374888119	-0.703416664	-1.429120331
MSLN	19944	fetal:pooled	True	4	10	10	0.513667960	2.017110928	-1.503442968	negative	-2.85317126	-1.829529485	-0.848827906	-1.177356451	-1.903060118
MSLN	19944	normal:adult_fetal_pooled	True	4	27	27	0.513667960	1.761456395	-1.247788435	negative	-5.874890576	-1.573874952	-0.593173373	-0.921701918	-1.647405585
SSTR2	22547	sarcoma:ESS	True	4	4	4	0.487020630	0.49328663075	-0.00626600075	negative	-0.764265935	0.55112264225	0.07341387525	-0.08594587675	-0.26518501075
SSTR2	22547	sarcoma:EWS	True	4	4	4	0.487020630	0.174916267	0.312104363	positive	-0.058919602	0.869493006	0.391784239	0.232424487	0.053185353
SSTR2	22547	sarcoma:GIST	True	4	7	7	0.487020630	0.193068506	0.293952124	positive	-0.738566042	0.851340767	0.373632000	0.214272248	0.035033114
SSTR2	22547	sarcoma:LMS	True	4	3	3	0.487020630	0.7605197045	-0.2734990745	negative	-0.728694543	0.2838895685	-0.1938191985	-0.3531789505	-0.5324180845
SSTR2	22547	sarcoma:MLPS	True	4	6	6	0.487020630	0.360660012	0.126360618	positive	-0.32241716	0.683749261	0.206040494	0.046680742	-0.132558392
SSTR2	22547	sarcoma:DDLPS	True	4	3	3	0.487020630	0.623805866	-0.136785236	negative	-0.680239165	0.420603407	-0.057105360	-0.216465112	-0.395704246
SSTR2	22547	sarcoma:SS	True	4	3	3	0.487020630	0.180765228	0.306255402	positive	-0.308995534	0.863644045	0.385935278	0.226575526	0.047336392
SSTR2	22547	sarcoma:pooled	True	4	30	30	0.487020630	0.2766402915	0.2103803385	positive	-0.764265935	0.7677689815	0.2900602145	0.1307004625	-0.0485386715
SSTR2	22547	adult:breast	True	4	5	5	0.487020630	0.304536442	0.182484188	positive	-0.21981710	0.739872831	0.262164064	0.102804312	-0.076434822
SSTR2	22547	adult:colon	True	4	3	3	0.487020630	0.331932018	0.155088612	positive	-0.166491191	0.712477255	0.234768488	0.075408736	-0.103830398
SSTR2	22547	adult:kidney	True	4	3	3	0.487020630	0.710818606	-0.223797976	negative	-0.504818281	0.333590667	-0.144118100	-0.303477852	-0.482716986
SSTR2	22547	adult:lung	True	4	5	5	0.487020630	0.241222771	0.245797859	positive	-0.149170656	0.803186502	0.325477735	0.166117983	-0.013121151
SSTR2	22547	adult:uterus	True	4	1	1	0.487020630	0.420887878	0.066132752	positive	-0.192786258	0.623521395	0.145812628	-0.013547124	-0.192786258
SSTR2	22547	adult:pooled	True	4	17	17	0.487020630	0.304536442	0.182484188	positive	-0.504818281	0.739872831	0.262164064	0.102804312	-0.076434822
SSTR2	22547	fetal:bowel	True	4	3	3	0.487020630	0.124001964	0.363018666	positive	-0.094689587	0.920407309	0.442698542	0.283338790	0.104099656
SSTR2	22547	fetal:kidney	True	4	3	3	0.487020630	0.194224469	0.292796161	positive	-0.029364668	0.850184804	0.372476037	0.213116285	0.033877151
SSTR2	22547	fetal:lung	True	4	4	4	0.487020630	0.1625365065	0.3244841235	positive	-0.055515898	0.8818727665	0.4041639995	0.2448042475	0.0655651135
SSTR2	22547	fetal:pooled	True	4	10	10	0.487020630	0.176619467	0.310401163	positive	-0.094689587	0.867789806	0.390081039	0.230721287	0.051482153
SSTR2	22547	normal:adult_fetal_pooled	True	4	27	27	0.487020630	0.267188166	0.219832464	positive	-0.504818281	0.777221107	0.299512340	0.140152588	-0.039086546
SSTR2	22548	sarcoma:ESS	True	4	4	4	0.217512445	0.3525729945	-0.1350605495	negative	-0.324869979	0.3492924975	-0.1212184815	-0.1489026175	-0.2385221845
SSTR2	22548	sarcoma:EWS	True	4	4	4	0.217512445	0.128048366	0.089464079	positive	-0.061713075	0.573817126	0.103306147	0.075622011	-0.013997556
SSTR2	22548	sarcoma:GIST	True	4	7	7	0.217512445	0.093469652	0.124042793	positive	-0.171003932	0.608395840	0.137884861	0.110200725	0.020581158
SSTR2	22548	sarcoma:LMS	True	4	3	3	0.217512445	0.390610398	-0.173097953	negative	-0.706429917	0.311255094	-0.159255885	-0.186940021	-0.276559588
SSTR2	22548	sarcoma:MLPS	True	4	6	6	0.217512445	0.1875842055	0.0299282395	positive	-0.157915038	0.5142812865	0.0437703075	0.0160861715	-0.0735333955
SSTR2	22548	sarcoma:DDLPS	True	4	3	3	0.217512445	0.253057745	-0.035545300	negative	-0.353286668	0.448807747	-0.021703232	-0.049387368	-0.139006935
SSTR2	22548	sarcoma:SS	True	4	3	3	0.217512445	0.229778088	-0.012265643	negative	-0.343987182	0.472087404	0.001576425	-0.026107711	-0.115727278
SSTR2	22548	sarcoma:pooled	True	4	30	30	0.217512445	0.1817374525	0.0357749925	positive	-0.706429917	0.5201280395	0.0496170605	0.0219329245	-0.0676866425
SSTR2	22548	adult:breast	True	4	5	5	0.217512445	0.213564806	0.003947639	positive	-0.184674641	0.488300686	0.017789707	-0.009894429	-0.099513996
SSTR2	22548	adult:colon	True	4	3	3	0.217512445	0.091302685	0.126209760	positive	-0.195493258	0.610562807	0.140051828	0.112367692	0.022748125
SSTR2	22548	adult:kidney	True	4	3	3	0.217512445	0.528320697	-0.310808252	negative	-0.564876113	0.173544795	-0.296966184	-0.324650320	-0.414269887
SSTR2	22548	adult:lung	True	4	5	5	0.217512445	0.067497759	0.150014686	positive	-0.088932082	0.634367733	0.163856754	0.136172618	0.046553051
SSTR2	22548	adult:uterus	True	4	1	1	0.217512445	0.210443939	0.007068506	positive	-0.096393129	0.491421553	0.020910574	-0.006773562	-0.096393129
SSTR2	22548	adult:pooled	True	4	17	17	0.217512445	0.202982892	0.014529553	positive	-0.564876113	0.498882600	0.028371621	0.000687485	-0.088932082
SSTR2	22548	fetal:bowel	True	4	3	3	0.217512445	0.161395604	0.056116841	positive	-0.100726892	0.540469888	0.069958909	0.042274773	-0.047344794
SSTR2	22548	fetal:kidney	True	4	3	3	0.217512445	0.217149558	0.000362887	positive	-0.110829603	0.484715934	0.014204955	-0.013479181	-0.103098748
SSTR2	22548	fetal:lung	True	4	4	4	0.217512445	0.134291232	0.083221213	positive	-0.075027535	0.567574260	0.097063281	0.069379145	-0.020240422
SSTR2	22548	fetal:pooled	True	4	10	10	0.217512445	0.1752369745	0.0422754705	positive	-0.110829603	0.5266285175	0.0561175385	0.0284334025	-0.0611861645
SSTR2	22548	normal:adult_fetal_pooled	True	4	27	27	0.217512445	0.189078345	0.028434100	positive	-0.564876113	0.512787147	0.042276168	0.014592032	-0.075027535
FAP	31563	sarcoma:ESS	True	4	4	4	0.5707522785	0.7808541015	-0.2101018230	negative	-0.913588670	0.1284806815	-0.6172617565	0.0589003755	-0.4791040215
FAP	31563	sarcoma:EWS	True	4	4	4	0.5707522785	0.208924568	0.3618277105	positive	-0.198591269	0.700410215	-0.045332223	0.630829909	0.092825512
FAP	31563	sarcoma:GIST	True	4	7	7	0.5707522785	0.17829803	0.3924542485	positive	-0.328637694	0.731036753	-0.014705685	0.661456447	0.12345205
FAP	31563	sarcoma:LMS	True	4	3	3	0.5707522785	0.475526582	0.0952256965	positive	-1.062771462	0.433808201	-0.311934237	0.364227895	-0.173776502
FAP	31563	sarcoma:MLPS	True	4	6	6	0.5707522785	0.299381763	0.2713705155	positive	-0.659265906	0.609953020	-0.135789418	0.540372714	0.002368317
FAP	31563	sarcoma:DDLPS	True	4	3	3	0.5707522785	0.536816543	0.0339357355	positive	-1.064370731	0.372518240	-0.373224198	0.302937934	-0.235066463
FAP	31563	sarcoma:SS	True	4	3	3	0.5707522785	0	0.5707522785	positive	-0.322230310	0.909334783	0.163592345	0.839754477	0.30175008
FAP	31563	sarcoma:pooled	True	4	30	30	0.5707522785	0.340193373	0.2305589055	positive	-1.064370731	0.569141410	-0.176601028	0.499561104	-0.038443293
FAP	31563	adult:breast	True	4	5	5	0.5707522785	0.466671852	0.1040804265	positive	-0.544721985	0.442662931	-0.303079507	0.373082625	-0.164921772
FAP	31563	adult:colon	True	4	3	3	0.5707522785	0.109440355	0.4613119235	positive	-0.188474726	0.799894428	0.054151990	0.730314122	0.192309725
FAP	31563	adult:kidney	True	4	3	3	0.5707522785	0.236272198	0.3344800805	positive	-0.148925751	0.673062585	-0.072679853	0.603482279	0.065477882
FAP	31563	adult:lung	True	4	5	5	0.5707522785	0.178582284	0.3921699945	positive	-0.813719550	0.730752499	-0.014989939	0.661172193	0.123167796
FAP	31563	adult:uterus	True	4	1	1	0.5707522785	0.758766413	-0.1880141345	negative	-0.595174068	0.150568370	-0.595174068	0.080988064	-0.457016333
FAP	31563	adult:pooled	True	4	17	17	0.5707522785	0.307856973	0.2628953055	positive	-0.813719550	0.601477810	-0.144264628	0.531897504	-0.006106893
FAP	31563	fetal:bowel	True	4	3	3	0.5707522785	0.372005893	0.1987463855	positive	-0.320594466	0.537328890	-0.208413548	0.467748584	-0.070255813
FAP	31563	fetal:kidney	True	4	3	3	0.5707522785	0.297296461	0.2734558175	positive	-0.186550796	0.612038322	-0.133704116	0.542458016	0.004453619
FAP	31563	fetal:lung	True	4	4	4	0.5707522785	0.4760418685	0.0947104100	positive	-0.429850168	0.4332929145	-0.3124495235	0.3637126085	-0.1742917885
FAP	31563	fetal:pooled	True	4	10	10	0.5707522785	0.362869543	0.2078827355	positive	-0.429850168	0.546465240	-0.199277198	0.476884934	-0.061119463
FAP	31563	normal:adult_fetal_pooled	True	4	27	27	0.5707522785	0.350143141	0.2206091375	positive	-0.813719550	0.559191642	-0.186550796	0.489611336	-0.048393061
CHRNA6	38986	sarcoma:ESS	True	4	4	4	0.1388215775	0.182344913	-0.0435233355	negative	-0.353589068	-0.182344913	-0.018752568	0.815432085	-0.068294103
CHRNA6	38986	sarcoma:EWS	True	4	4	4	0.1388215775	0.241689126	-0.1028675485	negative	-0.362183614	-0.241689126	-0.078096781	0.756087872	-0.127638316
CHRNA6	38986	sarcoma:GIST	True	4	7	7	0.1388215775	0	0.1388215775	positive	-0.282215928	0	0.163592345	0.997776998	0.11405081
CHRNA6	38986	sarcoma:LMS	True	4	3	3	0.1388215775	0	0.1388215775	positive	-0.147636853	0	0.163592345	0.997776998	0.11405081
CHRNA6	38986	sarcoma:MLPS	True	4	6	6	0.1388215775	0	0.1388215775	positive	-1.326851726	0	0.163592345	0.997776998	0.11405081
CHRNA6	38986	sarcoma:DDLPS	True	4	3	3	0.1388215775	0	0.1388215775	positive	-0.220305	0	0.163592345	0.997776998	0.11405081
CHRNA6	38986	sarcoma:SS	True	4	3	3	0.1388215775	0.229018996	-0.0901974185	negative	-0.361530455	-0.229018996	-0.065426651	0.768758002	-0.114968186
CHRNA6	38986	sarcoma:pooled	True	4	30	30	0.1388215775	0.114908618	0.0239129595	positive	-1.326851726	-0.114908618	0.048683727	0.882868380	-0.000857808
CHRNA6	38986	adult:breast	True	4	5	5	0.1388215775	0	0.1388215775	positive	0	0	0.163592345	0.997776998	0.11405081
CHRNA6	38986	adult:colon	True	4	3	3	0.1388215775	0.091302685	0.0475188925	positive	-0.154772034	-0.091302685	0.072289660	0.906474313	0.022748125
CHRNA6	38986	adult:kidney	True	4	3	3	0.1388215775	0.163072972	-0.0242513945	negative	-0.220983665	-0.163072972	0.000519373	0.834704026	-0.049022162
CHRNA6	38986	adult:lung	True	4	5	5	0.1388215775	0	0.1388215775	positive	-0.07275742	0	0.163592345	0.997776998	0.11405081
CHRNA6	38986	adult:uterus	True	4	1	1	0.1388215775	0	0.1388215775	positive	0	0	0.163592345	0.997776998	0.11405081
CHRNA6	38986	adult:pooled	True	4	17	17	0.1388215775	0	0.1388215775	positive	-0.220983665	0	0.163592345	0.997776998	0.11405081
CHRNA6	38986	fetal:bowel	True	4	3	3	0.1388215775	0.214777702	-0.0759561245	negative	-0.559090771	-0.214777702	-0.051185357	0.782999296	-0.100726892
CHRNA6	38986	fetal:kidney	True	4	3	3	0.1388215775	0.217149558	-0.0783279805	negative	-0.449760826	-0.217149558	-0.053557213	0.780627440	-0.103098748
CHRNA6	38986	fetal:lung	True	4	4	4	0.1388215775	0.1163065105	0.0225150670	positive	-0.455815538	-0.1163065105	0.0472858345	0.8814704875	-0.0022557005
CHRNA6	38986	fetal:pooled	True	4	10	10	0.1388215775	0.1817129665	-0.0428913890	negative	-0.559090771	-0.1817129665	-0.0181206215	0.8160640315	-0.0676621565
CHRNA6	38986	normal:adult_fetal_pooled	True	4	27	27	0.1388215775	0	0.1388215775	positive	-0.559090771	0	0.163592345	0.997776998	0.11405081
CDH17	39248	sarcoma:ESS	True	4	4	4	0	0	0	zero	0	0	0	0	0
CDH17	39248	sarcoma:EWS	True	4	4	4	0	0	0	zero	0	0	0	0	0
CDH17	39248	sarcoma:GIST	True	4	7	7	0	0	0	zero	-0.093469652	0	0	0	0
CDH17	39248	sarcoma:LMS	True	4	3	3	0	0	0	zero	0	0	0	0	0
CDH17	39248	sarcoma:MLPS	True	4	6	6	0	0	0	zero	0	0	0	0	0
CDH17	39248	sarcoma:DDLPS	True	4	3	3	0	0	0	zero	0	0	0	0	0
CDH17	39248	sarcoma:SS	True	4	3	3	0	0	0	zero	0	0	0	0	0
CDH17	39248	sarcoma:pooled	True	4	30	30	0	0	0	zero	-0.093469652	0	0	0	0
CDH17	39248	adult:breast	True	4	5	5	0	0	0	zero	-0.261562401	0	0	0	0
CDH17	39248	adult:colon	True	4	3	3	0	1.500570543	-1.500570543	negative	-1.60495474	-1.500570543	-1.500570543	-1.500570543	-1.500570543
CDH17	39248	adult:kidney	True	4	3	3	0	0	0	zero	-0.334139347	0	0	0	0
CDH17	39248	adult:lung	True	4	5	5	0	0	0	zero	0	0	0	0	0
CDH17	39248	adult:uterus	True	4	1	1	0	0	0	zero	0	0	0	0	0
CDH17	39248	adult:pooled	True	4	17	17	0	0	0	zero	-1.60495474	0	0	0	0
CDH17	39248	fetal:bowel	True	4	3	3	0	1.441400604	-1.441400604	negative	-1.768000255	-1.441400604	-1.441400604	-1.441400604	-1.441400604
CDH17	39248	fetal:kidney	True	4	3	3	0	0	0	zero	-0.105110172	0	0	0	0
CDH17	39248	fetal:lung	True	4	4	4	0	0	0	zero	0	0	0	0	0
CDH17	39248	fetal:pooled	True	4	10	10	0	0	0	zero	-1.768000255	0	0	0	0
CDH17	39248	normal:adult_fetal_pooled	True	4	27	27	0	0	0	zero	-1.768000255	0	0	0	0
CDH17	39249	sarcoma:ESS	True	4	4	4	0.066320055	0.129195251	-0.062875196	negative	-0.424961172	0.003444859	0.034397094	-0.129195251	-0.129195251
CDH17	39249	sarcoma:EWS	True	4	4	4	0.066320055	0.3276766005	-0.2613565455	negative	-0.558162436	-0.1950364905	-0.1640842555	-0.3276766005	-0.3276766005
CDH17	39249	sarcoma:GIST	True	4	7	7	0.066320055	0.186939304	-0.120619249	negative	-0.378227238	-0.054299194	-0.023346959	-0.186939304	-0.186939304
CDH17	39249	sarcoma:LMS	True	4	3	3	0.066320055	0	0.066320055	positive	-0.361634957	0.13264011	0.163592345	0	0
CDH17	39249	sarcoma:MLPS	True	4	6	6	0.066320055	0	0.066320055	positive	-0.153724914	0.13264011	0.163592345	0	0
CDH17	39249	sarcoma:DDLPS	True	4	3	3	0.066320055	0	0.066320055	positive	-0.34833279	0.13264011	0.163592345	0	0
CDH17	39249	sarcoma:SS	True	4	3	3	0.066320055	0.442782571	-0.376462516	negative	-0.513799425	-0.310142461	-0.279190226	-0.442782571	-0.442782571
CDH17	39249	sarcoma:pooled	True	4	30	30	0.066320055	0.1807494855	-0.1144294305	negative	-0.558162436	-0.0481093755	-0.0171571405	-0.1807494855	-0.1807494855
CDH17	39249	adult:breast	True	4	5	5	0.066320055	0	0.066320055	positive	0	0.13264011	0.163592345	0	0
CDH17	39249	adult:colon	True	4	3	3	0.066320055	0.18260537	-0.116285315	negative	-0.37911251	-0.04996526	-0.019013025	-0.18260537	-0.18260537
CDH17	39249	adult:kidney	True	4	3	3	0.066320055	0	0.066320055	positive	-0.210526302	0.13264011	0.163592345	0	0
CDH17	39249	adult:lung	True	4	5	5	0.066320055	0.067497759	-0.001177704	negative	-0.091173638	0.065142351	0.096094586	-0.067497759	-0.067497759
CDH17	39249	adult:uterus	True	4	1	1	0.066320055	0	0.066320055	positive	0	0.13264011	0.163592345	0	0
CDH17	39249	adult:pooled	True	4	17	17	0.066320055	0	0.066320055	positive	-0.37911251	0.13264011	0.163592345	0	0
CDH17	39249	fetal:bowel	True	4	3	3	0.066320055	0.480257542	-0.413937487	negative	-0.510377712	-0.347617432	-0.316665197	-0.480257542	-0.480257542
CDH17	39249	fetal:kidney	True	4	3	3	0.066320055	0.297296461	-0.230976406	negative	-0.355567153	-0.164656351	-0.133704116	-0.297296461	-0.297296461
CDH17	39249	fetal:lung	True	4	4	4	0.066320055	0.185414981	-0.119094926	negative	-0.568501858	-0.052774871	-0.021822636	-0.185414981	-0.185414981
CDH17	39249	fetal:pooled	True	4	10	10	0.066320055	0.2943165825	-0.2279965275	negative	-0.568501858	-0.1616764725	-0.1307242375	-0.2943165825	-0.2943165825
CDH17	39249	normal:adult_fetal_pooled	True	4	27	27	0.066320055	0.07275742	-0.006437365	negative	-0.568501858	0.05988269	0.090834925	-0.07275742	-0.07275742
CDH17	39250	sarcoma:ESS	True	4	4	4	0.080646101	0.1714718425	-0.0908257415	negative	-0.365419353	-0.1714718425	-0.1714718425	0.0321985345	-0.0101796405
CDH17	39250	sarcoma:EWS	True	4	4	4	0.080646101	0.2247837165	-0.1441376155	negative	-0.362183614	-0.2247837165	-0.2247837165	-0.0211133395	-0.0634915145
CDH17	39250	sarcoma:GIST	True	4	7	7	0.080646101	0	0.080646101	positive	-0.252151492	0	0	0.203670377	0.161292202
CDH17	39250	sarcoma:LMS	True	4	3	3	0.080646101	0.142827362	-0.062181261	negative	-0.33012604	-0.142827362	-0.142827362	0.060843015	0.018464840
CDH17	39250	sarcoma:MLPS	True	4	6	6	0.080646101	0	0.080646101	positive	-0.153724914	0	0	0.203670377	0.161292202
CDH17	39250	sarcoma:DDLPS	True	4	3	3	0.080646101	0	0.080646101	positive	0	0	0	0.203670377	0.161292202
CDH17	39250	sarcoma:SS	True	4	3	3	0.080646101	0.324955289	-0.244309188	negative	-0.361530455	-0.324955289	-0.324955289	-0.121284912	-0.163663087
CDH17	39250	sarcoma:pooled	True	4	30	30	0.080646101	0.1314341645	-0.0507880635	negative	-0.365419353	-0.1314341645	-0.1314341645	0.0722362125	0.0298580375
CDH17	39250	adult:breast	True	4	5	5	0.080646101	0	0.080646101	positive	0	0	0	0.203670377	0.161292202
CDH17	39250	adult:colon	True	4	3	3	0.080646101	0.882336348	-0.801690247	negative	-1.052953932	-0.882336348	-0.882336348	-0.678665971	-0.721044146
CDH17	39250	adult:kidney	True	4	3	3	0.080646101	0.094150224	-0.013504123	negative	-0.312518096	-0.094150224	-0.094150224	0.109520153	0.067141978
CDH17	39250	adult:lung	True	4	5	5	0.080646101	0	0.080646101	positive	0	0	0	0.203670377	0.161292202
CDH17	39250	adult:uterus	True	4	1	1	0.080646101	0.10522197	-0.024575869	negative	-0.10522197	-0.10522197	-0.10522197	0.098448407	0.056070232
CDH17	39250	adult:pooled	True	4	17	17	0.080646101	0	0.080646101	positive	-1.052953932	0	0	0.203670377	0.161292202
CDH17	39250	fetal:bowel	True	4	3	3	0.080646101	0.679482761	-0.598836660	negative	-0.994909319	-0.679482761	-0.679482761	-0.475812384	-0.518190559
CDH17	39250	fetal:kidney	True	4	3	3	0.080646101	0.105110172	-0.024464071	negative	-0.217149558	-0.105110172	-0.105110172	0.098560205	0.056182030
CDH17	39250	fetal:lung	True	4	4	4	0.080646101	0.121949044	-0.041302943	negative	-0.480471764	-0.121949044	-0.121949044	0.081721333	0.039343158
CDH17	39250	fetal:pooled	True	4	10	10	0.080646101	0.175424069	-0.094777968	negative	-0.994909319	-0.175424069	-0.175424069	0.028246308	-0.014131867
CDH17	39250	normal:adult_fetal_pooled	True	4	27	27	0.080646101	0.082983004	-0.002336903	negative	-1.052953932	-0.082983004	-0.082983004	0.120687373	0.078309198
CD248	42759	sarcoma:ESS	True	4	4	4	0.360429035	0.6853444395	-0.3249154045	negative	-0.889232018	0.1535452755	-0.2525197785	-0.3973110305	-0.4059781505
CD248	42759	sarcoma:EWS	True	4	4	4	0.360429035	0.8287393145	-0.4683102795	negative	-0.891101975	0.0101504005	-0.3959146535	-0.5407059055	-0.5493730255
CD248	42759	sarcoma:GIST	True	4	7	7	0.360429035	0.17829803	0.182131005	positive	-0.069753044	0.660591685	0.254526631	0.109735379	0.101068259
CD248	42759	sarcoma:LMS	True	4	3	3	0.360429035	0.295273706	0.065155329	positive	-0.273801704	0.543616009	0.137550955	-0.007240297	-0.015907417
CD248	42759	sarcoma:MLPS	True	4	6	6	0.360429035	0.546992791	-0.186563756	negative	-1.650407365	0.291896924	-0.114168130	-0.258959382	-0.267626502
CD248	42759	sarcoma:DDLPS	True	4	3	3	0.360429035	0.731477216	-0.371048181	negative	-4.243930307	0.107412499	-0.298652555	-0.443443807	-0.452110927
CD248	42759	sarcoma:SS	True	4	3	3	0.360429035	0.705883953	-0.345454918	negative	-0.487555620	0.133005762	-0.273059292	-0.417850544	-0.426517664
CD248	42759	sarcoma:pooled	True	4	30	30	0.360429035	0.503138314	-0.142709279	negative	-4.243930307	0.335751401	-0.070313653	-0.215104905	-0.223772025
CD248	42759	adult:breast	True	4	5	5	0.360429035	0.287119711	0.073309324	positive	-0.407280107	0.551770004	0.145704950	0.000913698	-0.007753422
CD248	42759	adult:colon	True	4	3	3	0.360429035	0.14373078	0.216698255	positive	0.121225399	0.695158935	0.289093881	0.144302629	0.135635509
CD248	42759	adult:kidney	True	4	3	3	0.360429035	0.312260968	0.048168067	positive	-0.248954408	0.526628747	0.120563693	-0.024227559	-0.032894679
CD248	42759	adult:lung	True	4	5	5	0.360429035	0.182347275	0.178081760	positive	-0.225315403	0.656542440	0.250477386	0.105686134	0.097019014
CD248	42759	adult:uterus	True	4	1	1	0.360429035	0.297612673	0.062816362	positive	-0.018246384	0.541277042	0.135211988	-0.009579264	-0.018246384
CD248	42759	adult:pooled	True	4	17	17	0.360429035	0.22386474	0.136564295	positive	-0.407280107	0.615024975	0.208959921	0.064168669	0.055501549
CD248	42759	fetal:bowel	True	4	3	3	0.360429035	0.372005893	-0.011576858	negative	-0.147646341	0.466883822	0.060818768	-0.083972484	-0.092639604
CD248	42759	fetal:kidney	True	4	3	3	0.360429035	0.449760826	-0.089331791	negative	-0.224724387	0.389128889	-0.016936165	-0.161727417	-0.170394537
CD248	42759	fetal:lung	True	4	4	4	0.360429035	0.636428088	-0.275999053	negative	-0.681577239	0.202461627	-0.203603427	-0.348394679	-0.357061799
CD248	42759	fetal:pooled	True	4	10	10	0.360429035	0.457293331	-0.096864296	negative	-0.681577239	0.381596384	-0.024468670	-0.169259922	-0.177927042
CD248	42759	normal:adult_fetal_pooled	True	4	27	27	0.360429035	0.312260968	0.048168067	positive	-0.681577239	0.526628747	0.120563693	-0.024227559	-0.032894679
CD248	42760	sarcoma:ESS	True	4	4	4	3.172940293	9.3402703965	-6.1673301035	negative	-10.021923959	-3.8058230505	-6.2622987965	-6.7004005955	-6.0723614105
CD248	42760	sarcoma:EWS	True	4	4	4	3.172940293	6.4716608125	-3.2987205195	negative	-6.350710721	-0.9372134665	-3.3936892125	-3.8317910115	-3.2037518265
CD248	42760	sarcoma:GIST	True	4	7	7	3.172940293	1.885679285	1.287261008	positive	-1.110794228	3.648768061	1.192292315	0.754190516	1.382229701
CD248	42760	sarcoma:LMS	True	4	3	3	3.172940293	3.304560007	-0.131619714	negative	-1.258558494	2.229887339	-0.226588407	-0.664690206	-0.036651021
CD248	42760	sarcoma:MLPS	True	4	6	6	3.172940293	6.592124806	-3.419184513	negative	-6.042487099	-1.057677460	-3.514153206	-3.952255005	-3.324215820
CD248	42760	sarcoma:DDLPS	True	4	3	3	3.172940293	5.562026053	-2.389085760	negative	-13.559779449	-0.027578707	-2.484054453	-2.922156252	-2.294117067
CD248	42760	sarcoma:SS	True	4	3	3	3.172940293	5.007090658	-1.834150365	negative	-3.603730803	0.527356688	-1.929119058	-2.367220857	-1.739181672
CD248	42760	sarcoma:pooled	True	4	30	30	3.172940293	4.927234399	-1.754294106	negative	-13.559779449	0.607212947	-1.849262799	-2.287364598	-1.659325413
CD248	42760	adult:breast	True	4	5	5	3.172940293	3.717298356	-0.544358063	negative	-3.569905779	1.817148990	-0.639326756	-1.077428555	-0.449389370
CD248	42760	adult:colon	True	4	3	3	3.172940293	2.389276545	0.783663748	positive	0.175638489	3.145170801	0.688695055	0.250593256	0.878632441
CD248	42760	adult:kidney	True	4	3	3	3.172940293	2.307137193	0.865803100	positive	-0.492659702	3.227310153	0.770834407	0.332732608	0.960771793
CD248	42760	adult:lung	True	4	5	5	3.172940293	2.364694283	0.808246010	positive	-4.653147881	3.169753063	0.713277317	0.275175518	0.903214703
CD248	42760	adult:uterus	True	4	1	1	3.172940293	4.05343653	-0.880496237	negative	-1.413566729	1.481010816	-0.97546493	-1.413566729	-0.785527544
CD248	42760	adult:pooled	True	4	17	17	3.172940293	2.464231312	0.708708981	positive	-4.653147881	3.070216034	0.613740288	0.175638489	0.803677674
CD248	42760	fetal:bowel	True	4	3	3	3.172940293	4.028429093	-0.855488800	negative	-1.855094502	1.506018253	-0.950457493	-1.388559292	-0.760520107
CD248	42760	fetal:kidney	True	4	3	3	3.172940293	4.98359682	-1.810656527	negative	-2.827083578	0.550850526	-1.90562522	-2.343727019	-1.715687834
CD248	42760	fetal:lung	True	4	4	4	3.172940293	5.477333789	-2.304393496	negative	-3.948027117	0.057113557	-2.399362189	-2.837463988	-2.209424803
CD248	42760	fetal:pooled	True	4	10	10	3.172940293	5.1077314065	-1.9347911135	negative	-3.948027117	0.4267159395	-2.0297598065	-2.4678616055	-1.8398224205
CD248	42760	normal:adult_fetal_pooled	True	4	27	27	3.172940293	3.901482681	-0.728542388	negative	-4.653147881	1.632964665	-0.823511081	-1.261612880	-0.633573695
CSPG4	46886	sarcoma:ESS	True	4	4	4	8.729579519	2.968278166	5.761301353	positive	0.900569476	5.993522202	5.529080504	6.449137015	1.334023157
CSPG4	46886	sarcoma:EWS	True	4	4	4	8.729579519	1.331797987	7.397781532	positive	2.330977466	7.630002381	7.165560683	8.085617194	2.970503336
CSPG4	46886	sarcoma:GIST	True	4	7	7	8.729579519	2.779504548	5.950074971	positive	-4.752385182	6.182295820	5.717854122	6.637910633	1.522796775
CSPG4	46886	sarcoma:LMS	True	4	3	3	8.729579519	4.489416376	4.240163143	positive	-1.1669466085	4.472383992	4.007942294	4.927998805	-0.187115053
CSPG4	46886	sarcoma:MLPS	True	4	6	6	8.729579519	5.816280581	2.913298938	positive	-5.110133409	3.145519787	2.681078089	3.601134600	-1.513979258
CSPG4	46886	sarcoma:DDLPS	True	4	3	3	8.729579519	3.725695613	5.003883906	positive	0.466402439	5.236104755	4.771663057	5.691719568	0.576605710
CSPG4	46886	sarcoma:SS	True	4	3	3	8.729579519	3.567115184	5.162464335	positive	-0.066087786	5.394685184	4.930243486	5.850299997	0.735186139
CSPG4	46886	sarcoma:pooled	True	4	30	30	8.729579519	3.4844235155	5.2451560035	positive	-5.110133409	5.4773768525	5.0129351545	5.9329916655	0.8178778075
CSPG4	46886	adult:breast	True	4	5	5	8.729579519	1.652498036	7.077081483	positive	2.198990239	7.309302332	6.844860634	7.764917145	2.649803287
CSPG4	46886	adult:colon	True	4	3	3	8.729579519	2.943007195	5.786572324	positive	-2.246524750	6.018793173	5.554351475	6.474407986	1.359294128
CSPG4	46886	adult:kidney	True	4	3	3	8.729579519	2.500144765	6.229434754	positive	1.751542547	6.461655603	5.997213905	6.917270416	1.802156558
CSPG4	46886	adult:lung	True	4	5	5	8.729579519	2.640889701	6.088689818	positive	1.552310442	6.320910667	5.856468969	6.776525480	1.661411622
CSPG4	46886	adult:uterus	True	4	1	1	8.729579519	3.411204725	5.318374794	positive	0.891096598	5.550595643	5.086153945	6.006210456	0.891096598
CSPG4	46886	adult:pooled	True	4	17	17	8.729579519	2.190299674	6.539279845	positive	-2.246524750	6.771500694	6.307058996	7.227115507	2.112001649
CSPG4	46886	fetal:bowel	True	4	3	3	8.729579519	2.652000383	6.077579136	positive	1.611043458	6.309799985	5.845358287	6.765414798	1.650300940
CSPG4	46886	fetal:kidney	True	4	3	3	8.729579519	2.458319973	6.271259546	positive	1.622541929	6.503480395	6.039038697	6.959095208	1.843981350
CSPG4	46886	fetal:lung	True	4	4	4	8.729579519	3.1829185505	5.5466609685	positive	0.508812307	5.7788818175	5.3144401195	6.2344966305	1.1193827725
CSPG4	46886	fetal:pooled	True	4	10	10	8.729579519	2.6768654965	6.0527140225	positive	0.508812307	6.2849348715	5.8204931735	6.7405496845	1.6254358265
CSPG4	46886	normal:adult_fetal_pooled	True	4	27	27	8.729579519	2.636317921	6.093261598	positive	-2.246524750	6.325482447	5.861040749	6.781097260	1.665983402
PRAME	53327	sarcoma:ESS	True	4	4	4	0.1018351885	0.4774282285	-0.3755930400	negative	-0.572282692	-0.4774282285	-0.4774282285	-0.2737578515	1.8793152365
PRAME	53327	sarcoma:EWS	True	4	4	4	0.1018351885	0	0.1018351885	positive	0	0	0	0.203670377	2.356743465
PRAME	53327	sarcoma:GIST	True	4	7	7	0.1018351885	0	0.1018351885	positive	-1.162275537	0	0	0.203670377	2.356743465
PRAME	53327	sarcoma:LMS	True	4	3	3	0.1018351885	0.20879004	-0.1069548515	negative	-0.3263253615	-0.20879004	-0.20879004	-0.005119663	2.147953425
PRAME	53327	sarcoma:MLPS	True	4	6	6	0.1018351885	2.202141922	-2.1003067335	negative	-3.529777021	-2.202141922	-2.202141922	-1.998471545	0.154601543
PRAME	53327	sarcoma:DDLPS	True	4	3	3	0.1018351885	0	0.1018351885	positive	-0.178938848	0	0	0.203670377	2.356743465
PRAME	53327	sarcoma:SS	True	4	3	3	0.1018351885	2.068952595	-1.9671174065	negative	-2.09899377	-2.068952595	-2.068952595	-1.865282218	0.287790870
PRAME	53327	sarcoma:pooled	True	4	30	30	0.1018351885	0.193864444	-0.0920292555	negative	-3.529777021	-0.193864444	-0.193864444	0.009805933	2.162879021
PRAME	53327	adult:breast	True	4	5	5	0.1018351885	0	0.1018351885	positive	-0.104350998	0	0	0.203670377	2.356743465
PRAME	53327	adult:colon	True	4	3	3	0.1018351885	0	0.1018351885	positive	-0.091302685	0	0	0.203670377	2.356743465
PRAME	53327	adult:kidney	True	4	3	3	0.1018351885	0.236272198	-0.1344370095	negative	-0.266297049	-0.236272198	-0.236272198	-0.032601821	2.120471267
PRAME	53327	adult:lung	True	4	5	5	0.1018351885	0	0.1018351885	positive	0	0	0	0.203670377	2.356743465
PRAME	53327	adult:uterus	True	4	1	1	0.1018351885	0	0.1018351885	positive	0	0	0	0.203670377	2.356743465
PRAME	53327	adult:pooled	True	4	17	17	0.1018351885	0	0.1018351885	positive	-0.266297049	0	0	0.203670377	2.356743465
PRAME	53327	fetal:bowel	True	4	3	3	0.1018351885	0	0.1018351885	positive	-0.17536526	0	0	0.203670377	2.356743465
PRAME	53327	fetal:kidney	True	4	3	3	0.1018351885	0	0.1018351885	positive	0	0	0	0.203670377	2.356743465
PRAME	53327	fetal:lung	True	4	4	4	0.1018351885	0	0.1018351885	positive	-0.094539173	0	0	0.203670377	2.356743465
PRAME	53327	fetal:pooled	True	4	10	10	0.1018351885	0	0.1018351885	positive	-0.17536526	0	0	0.203670377	2.356743465
PRAME	53327	normal:adult_fetal_pooled	True	4	27	27	0.1018351885	0	0.1018351885	positive	-0.266297049	0	0	0.203670377	2.356743465
GPC3	54378	sarcoma:ESS	True	4	4	4	0.1018351885	0.0645976255	0.0372375630	positive	-0.339986581	-0.0645976255	-0.0645976255	0.1390727515	0.6832835495
GPC3	54378	sarcoma:EWS	True	4	4	4	0.1018351885	0.151753049	-0.0499178605	negative	-0.221791262	-0.151753049	-0.151753049	0.051917328	0.596128126
GPC3	54378	sarcoma:GIST	True	4	7	7	0.1018351885	0.326964684	-0.2251294955	negative	-0.774121773	-0.326964684	-0.326964684	-0.123294307	0.420916491
GPC3	54378	sarcoma:LMS	True	4	3	3	0.1018351885	0.147636853	-0.0458016645	negative	-0.201988392	-0.147636853	-0.147636853	0.056033524	0.600244322
GPC3	54378	sarcoma:MLPS	True	4	6	6	0.1018351885	1.516006334	-1.4141711455	negative	-5.6318545	-1.516006334	-1.516006334	-1.312335957	-0.768125159
GPC3	54378	sarcoma:DDLPS	True	4	3	3	0.1018351885	0.253057745	-0.1512225565	negative	-1.312618529	-0.253057745	-0.253057745	-0.049387368	0.494823430
GPC3	54378	sarcoma:SS	True	4	3	3	0.1018351885	0	0.1018351885	positive	-0.32388177	0	0	0.203670377	0.747881175
GPC3	54378	sarcoma:pooled	True	4	30	30	0.1018351885	0.2211699705	-0.1193347820	negative	-5.6318545	-0.2211699705	-0.2211699705	-0.0174995935	0.5267112045
GPC3	54378	adult:breast	True	4	5	5	0.1018351885	0.684275257	-0.5824400685	negative	-1.128719625	-0.684275257	-0.684275257	-0.480604880	0.063605918
GPC3	54378	adult:colon	True	4	3	3	0.1018351885	0.189556255	-0.0877210665	negative	-0.219552393	-0.189556255	-0.189556255	0.014114122	0.558324920
GPC3	54378	adult:kidney	True	4	3	3	0.1018351885	1.250234957	-1.1483997685	negative	-1.62389166	-1.250234957	-1.250234957	-1.046564580	-0.502353782
GPC3	54378	adult:lung	True	4	5	5	0.1018351885	0.965236255	-0.8634010665	negative	-1.235696288	-0.965236255	-0.965236255	-0.761565878	-0.217355080
GPC3	54378	adult:uterus	True	4	1	1	0.1018351885	0.210443939	-0.1086087505	negative	-0.210443939	-0.210443939	-0.210443939	-0.006773562	0.537437236
GPC3	54378	adult:pooled	True	4	17	17	0.1018351885	0.684275257	-0.5824400685	negative	-1.62389166	-0.684275257	-0.684275257	-0.480604880	0.063605918
GPC3	54378	fetal:bowel	True	4	3	3	0.1018351885	1.353646654	-1.2518114655	negative	-1.430060414	-1.353646654	-1.353646654	-1.149976277	-0.605765479
GPC3	54378	fetal:kidney	True	4	3	3	0.1018351885	2.466344876	-2.3645096875	negative	-3.251058415	-2.466344876	-2.466344876	-2.262674499	-1.718463701
GPC3	54378	fetal:lung	True	4	4	4	0.1018351885	1.9850942895	-1.8832591010	negative	-2.14252331	-1.9850942895	-1.9850942895	-1.7814239125	-1.2372131145
GPC3	54378	fetal:pooled	True	4	10	10	0.1018351885	1.9850942895	-1.8832591010	negative	-3.251058415	-1.9850942895	-1.9850942895	-1.7814239125	-1.2372131145
GPC3	54378	normal:adult_fetal_pooled	True	4	27	27	0.1018351885	1.128719625	-1.0268844365	negative	-3.251058415	-1.128719625	-1.128719625	-0.925049248	-0.380838450
L1CAM	54452	sarcoma:ESS	True	4	4	4	0.0817961725	0.3445890235	-0.2627928510	negative	-0.556880398	-0.3445890235	-0.1809966785	-0.0565556145	-0.3445890235
L1CAM	54452	sarcoma:EWS	True	4	4	4	0.0817961725	0.229259696	-0.1474635235	negative	-0.313646106	-0.229259696	-0.065667351	0.058773713	-0.229259696
L1CAM	54452	sarcoma:GIST	True	4	7	7	0.0817961725	0.100782071	-0.0189858985	negative	-0.252151492	-0.100782071	0.062810274	0.187251338	-0.100782071
L1CAM	54452	sarcoma:LMS	True	4	3	3	0.0817961725	0	0.0817961725	positive	0	0	0.163592345	0.288033409	0
L1CAM	54452	sarcoma:MLPS	True	4	6	6	0.0817961725	0	0.0817961725	positive	-0.108699929	0	0.163592345	0.288033409	0
L1CAM	54452	sarcoma:DDLPS	True	4	3	3	0.0817961725	0	0.0817961725	positive	-0.309931176	0	0.163592345	0.288033409	0
L1CAM	54452	sarcoma:SS	True	4	3	3	0.0817961725	0	0.0817961725	positive	-0.229018996	0	0.163592345	0.288033409	0
L1CAM	54452	sarcoma:pooled	True	4	30	30	0.0817961725	0.0503910355	0.0314051370	positive	-0.556880398	-0.0503910355	0.1132013095	0.2376423735	-0.0503910355
L1CAM	54452	adult:breast	True	4	5	5	0.0817961725	0.151013123	-0.0692169505	negative	-0.245335187	-0.151013123	0.012579222	0.137020286	-0.151013123
L1CAM	54452	adult:colon	True	4	3	3	0.0817961725	0.683246733	-0.6014505605	negative	-1.173556903	-0.683246733	-0.519654388	-0.395213324	-0.683246733
L1CAM	54452	adult:kidney	True	4	3	3	0.0817961725	0.625036191	-0.5432400185	negative	-0.625117478	-0.625036191	-0.461443846	-0.337002782	-0.625036191
L1CAM	54452	adult:lung	True	4	5	5	0.0817961725	0.177741307	-0.0959451345	negative	-0.252340846	-0.177741307	-0.014148962	0.110292102	-0.177741307
L1CAM	54452	adult:uterus	True	4	1	1	0.0817961725	0.210443939	-0.1286477665	negative	-0.210443939	-0.210443939	-0.046851594	0.077589470	-0.210443939
L1CAM	54452	adult:pooled	True	4	17	17	0.0817961725	0.210443939	-0.1286477665	negative	-1.173556903	-0.210443939	-0.046851594	0.077589470	-0.210443939
L1CAM	54452	fetal:bowel	True	4	3	3	0.0817961725	0.983197702	-0.9014015295	negative	-1.258482489	-0.983197702	-0.819605357	-0.695164293	-0.983197702
L1CAM	54452	fetal:kidney	True	4	3	3	0.0817961725	1.045930777	-0.9641346045	negative	-1.28303316	-1.045930777	-0.882338432	-0.757897368	-1.045930777
L1CAM	54452	fetal:lung	True	4	4	4	0.0817961725	0.1871537255	-0.1053575530	negative	-0.25012714	-0.1871537255	-0.0235613805	0.1008796835	-0.1871537255
L1CAM	54452	fetal:pooled	True	4	10	10	0.0817961725	0.7467951685	-0.6649989960	negative	-1.28303316	-0.7467951685	-0.5832028235	-0.4587617595	-0.7467951685
L1CAM	54452	normal:adult_fetal_pooled	True	4	27	27	0.0817961725	0.245335187	-0.1635390145	negative	-1.28303316	-0.245335187	-0.081742842	0.042698222	-0.245335187
