peak	hg18_coords	classification	gene_id	gene_symbol	peak_exon_gene_symbol	differentially_expressed_cancer_type	Breast_STT5463	Breast_STT5474	Breast_STT5477	Breast_STT5572	Breast_STT5575	Breast_STT5581	HNSCC_STT5542	HNSCC_STT5535	HNSCC_STT5544	HNSCC_STT5545	HNSCC_STT5546	Lung_SCC_STT5547	Lung_SCC_STT5548	PUC_STT5549	PUC_STT5550	NPC_STT5551	NPC_STT5552	NPC_STT5553	Lung_STT5554	Lung_STT5555	Lung_STT5556	Colon_STT5557	Colon_STT5558	Colon_STT5559	Prostate_STT5560	Prostate_STT5561	Prostate_STT5562	Skin_SCC_STT5563	Skin_SCC_STT5564	Skin_SCC_STT5565	ESS_STT5519	ESS_STT5520_rep1	ESS_STT5521	ESS_STT5520_rep2	ESS_STT5543	EWS_STT5522	EWS_STT5523	EWS_STT5598	EWS_STT5600	GIST_STT111	GIST_STT1823	GIST_STT5593	GIST_STT5594	GIST_STT5597	GIST_STT5599	GIST_STT2145	LMS_STT516_rep1	LMS_STT1220	LMS_STT5528	LMS_STT516_rep2	MLPS_STT5530	MLPS_STT5531	MLPS_STT5590	MLPS_STT5591	MLPS_STT5595	MLPS_STT5596	DDLPS_STT5517	DDLPS_STT5518	DDLPS_STT5534	EMC_STT5525	EMC_STT5526	EMC_STT5527	EMC_STT5592	SS_STT3705	SS_STT5532	SS_STT5533	STT5688_Fetal_normal_lung	STT5601_Adult_normal_lung	STT5603_Adult_normal_lung	STT5609_Adult_normal_uterus	STT5610_Adult_normal_colon	STT5680_Fetal_normal_bowel	STT5681_Fetal_normal_bowel	STT5682_Fetal_normal_bowel	STT5683_Fetal_normal_kidney	STT5684_Fetal_normal_kidney	STT5685_Fetal_normal_kidney	STT5686_Fetal_normal_lung	STT5687_Fetal_normal_lung	STT5588_Fetal_normal_lung	STT5692_Adult_normal_colon	STT5693_Adult_normal_colon	STT5694_Adult_normal_kidney	STT5695_Adult_normal_kidney	STT5696_Adult_normal_kidney	STT5697_Adult_normal_lung	STT5698_Adult_normal_lung	STT5699_Adult_normal_lung	STT5425_Adult_normal_breast	STT5451_Adult_normal_breast	STT5510_Adult_normal_breast	STT5620_Adult_normal_breast	STT5761_Adult_normal_breast
19547	chr15:71780942-71781113_+	intron	NM_025240	CD276		NPC_	0.168951569	0.201203116	0.329080119	0.214058699	0.153404255	0.08349555	0.223410636	0.328848441	0.291271498	0.408949718	0.128674407	0.284376412	0.188019235	0.219075938	0.251528252	0.298351852	0.301375168	0.764667748	0.128752077	0.14758356	0.178008499	0.231947577	0.269703092	0.323608009	0.209888838	0.219547567	0.191132108	0.264926287	0.094306601	0.184816178	0.263549731	0	0	0.327353914	0.387585754	0.175763885	0.124069388	0.181091807	0.181083664	0.13652005	0	0	0.257626717	0.093469652	0.33356507	0.231198945	0	0.147636853	0.349854158	0.265764263	0.237538716	0.430015762	0.247035824	0.217399858	0.185777738	0.27525939	0.155779159	0.565854321	0.155951467	0.296592303	0.283350253	0.288033409	0.197541798	0.32388177	0.313094558	0	0.588455329	0	0	0	0	0.480257542	0.268589144	0.510377712	0.355567153	0.256934822	0.348611002	0.231572733	0.178252571	0.155845639	0.189556255	0.091302685	0.297729151	0	0.220983665	0	0.095456246	0.061201645	0.298725451	0.151013123	0.100157671	0.147574597	0
19548	chr15:71792325-71792578_+	coding	NM_025240	CD276	CD276		0.2389336	0.224951923	0.268692792	0.33845652	0.187881074	0.28923707	0.223410636	0	0	0.333906046	0.363946183	0.220277021	0.188019235	0.346389472	0.125764126	0	0.301375168	0	0.352602086	0.330006872	0.503484066	0.299443035	0.269703092	0.186835171	0.363538132	0.310487147	0.286698162	0.441543811	0.400109022	0.337426633	0	0.122743887	0.196291344	0.133641676	0.258390502	0.175763885	0.214894483	0.25610249	0.256090973	0.193068506	0	0	0.345642511	0.186939304	0.281913938	0	0.163578653	0.33012604	0.534411053	0	0.335930474	0.192308895	0.2139393	0.188273799	0	0.27525939	0.311558319	0.178938848	0.220548679	0.419444858	0.163592345	0.203670377	0.197541798	0.428455309	0.180765228	0	0.151938513	0.307856973	0.203870451	0.235283477	0.165966009	0.540512031	0.449435601	0.279545386	0.224880413	0.434299116	0.420440688	0.453393944	0.30874251	0.220399016	0.109440355	0.18260537	0.163072972	0	0	0.14551484	0.134995518	0.356863847	0.188930564	0.151013123	0.300473012	0.233335926	0.203024295
19549	chr15:71792774-71793887_+	coding	NM_025240	CD276	CD276	GIST_	1.453376352	2.157663043	1.267421365	1.45181673	1.946481784	1.676161469	1.453600551	1.708746624	1.235760307	1.7457039	1.968339938	1.351910027	1.444203149	1.469606067	1.428405888	0.596703705	1.127642624	1.32444339	1.092497605	1.692391587	1.621734603	1.404512329	1.705752126	1.065124354	1.871427075	1.833583678	1.464999868	2.358025853	2.376451492	1.843535589	1.658479739	1.853392045	1.539354717	1.388845034	1.603270905	1.125437992	1.504261383	1.187498393	0.914427679	1.266034858	0.858519837	1.442979652	1.353460046	0.934696519	1.464867794	0.731115259	1.65206341	4.21993545	2.189501995	1.342043741	1.279185135	1.40002989	1.755519375	2.082391066	2.252435367	2.419309259	1.603844609	3.284880591	1.96647317	2.274304128	1.31892365	0.955298745	1.842547225	1.682939045	1.388484059	0.889926709	1.341884609	0.978922785	1.007045743	1.495485172	0.935170966	1.68204448	1.390451525	1.407014252	1.231720749	1.893065959	1.774463933	1.89078345	1.635655537	2.043896392	1.077862491	0.948845337	0.665742621	0.472544397	0.494134496	0.863946497	0.804328625	2.650108959	1.288334682	1.517663099	1.881791785	1.596263331	1.835658508
19943	chr16:758375-758553_+	coding	NM_005823	MSLN	MSLN		0.168951569	0	0	0	0	0	0	0.232530963	0.291271498	0	0.31518664	0.336478708	0.188019235	0	0	0	0	0.44148113	0.455207335	0.912753908	0	0.267829992	0.170575213	0.132112417	0.104944419	0	0	0	0.163343824	0	0	0	0	0	0	0	0.124069388	0	0	0	0	0	0.230428341	0.186939304	0	0	0.163578653	0	0	0	0	0	0	0	0	0	0	0	0	0	0.163592345	0	0	0	0	0.229778088	0	0.84621788	0.091173638	0.10522197	0.11735569	0.214777702	0.120116717	0.161395604	0.159014465	0.137337439	0.148648231	0.13369858	0.138073848	0.155845639	0	0.223644991	0.094150224	0	0	0.493464833	0.278300389	0.183604935	0	0	0	0.104350998	0
19944	chr16:758639-758842_+	coding	NM_005823	MSLN	MSLN	NPC_LungAdeno_	0.844757846	0.461014255	0.600815348	0.370760542	0.391105645	0.144618535	0.288421891	0.986545324	1.08006362	0.681582863	2.312562276	2.495392884	1.232924576	0.219075938	0.217829856	0.471735699	0.42620885	6.397669382	3.75373585	6.372209671	1.744119966	2.440047355	0.910622447	0.228825418	0.432696925	0.439095134	0.98854295	0.364106354	0.680054569	0.579549274	0.716932779	0.324749799	0.480813634	0.298831872	1.43284465	0.393019995	1.137114722	0.572662576	1.194328791	0.273040099	1.973795599	0.740593944	2.136904521	1.426752315	0.17829803	1.730134482	0.231335149	0.390610398	0	0.460317206	0.335930474	0.38461779	0.123517912	0.287592979	0	0	0.311558319	0.178938848	0.441097358	0.187581443	1.168283022	0.839754477	0.11405081	1.963428886	1.963612987	2.068002795	1.81692035	5.988941386	1.81433248	1.798033804	0.310493971	2.365806694	2.444013633	2.96722207	2.840089156	1.761456395	2.217301506	1.399051992	1.68729029	1.155782191	0.909079862	2.306183653	0.86802218	1.962624281	1.546885653	5.019207431	2.629815245	1.758948476	0.481680317	0.151013123	0.374755688	0.571553957	0.58314289
22547	chr17:68678545-68678755_+	coding	NM_001050	SSTR2	SSTR2	NPC_	0.337903138	0.611935388	0.465389567	0.545744741	0.343022342	0.08349555	0.341265384	0	0.145635749	0.23610723	0.463942173	0.127176997	0.265899352	0.154910081	0.125764126	1.334270046	0.301375168	0.88296226	0.22300514	0.368958899	0	0	0.361844669	0.295412344	0.257060278	0.32932135	0.448244526	0.29288703	0.21087597	0.199624288	0.577408531	0.490975547	0.392582688	0.327353914	0.992367555	0.287021222	0.124069388	0.128051245	0.221781289	0.193068506	0	0.966667662	0	0.264372099	0.218369598	0	0.817893263	0.956796163	0.728279505	0.703146146	0.237538716	0.471058666	0.247035824	0.266259361	0.455060663	0.55051878	0.908340785	0.253057745	0.623805866	1.044409273	0.566700506	0.407340754	0.22810162	0.537097154	0.180765228	0	0.214873505	0.27150433	0.241222771	0.420887878	0.331932018	0.124001964	0	0.322791207	0.159014465	0.194224469	0.257466288	0.283617518	0.079716973	0.110199508	0.394592811	0.15814089	0.710818606	0.236272198	0.732919901	0.10289453	0	0.377272276	0.267188166	0.427129612	0.44791872	0.276086791	0.304536442
22548	chr17:68682040-68682166_+	downstream	AK093950	SSTR2		NPC_	0.292632702	0.34849402	0.355447153	0.385899807	0.359764867	0	0.257972382	0.657696882	0.205960051	0.136316573	0.257348814	0.179855435	0	0.154910081	0.217829856	1.317486107	0	1.248697203	0.128752077	0.14758356	0	0.133914996	0.12061489	0.228825418	0	0.19013377	0.213692193	0.124887449	0.094306601	0	0.311836247	0.45926557	0.438920789	0.327353914	0.182709677	0.175763885	0	0.128051245	0.128045487	0	0	0.285054742	0.11521417	0.093469652	0.126075746	0	0.283326537	0.390610398	0.820480727	0.265764263	0.237538716	0.271965848	0.247035824	0.108699929	0	0.137629695	0.467337478	0.253057745	0	0.701865492	0.231354513	0.203670377	0.11405081	0.458037992	0.180765228	0.229778088	0	0.145125169	0	0.210443939	0.082983004	0.214777702	0	0.161395604	0.224880413	0.217149558	0.210220344	0.189078345	0.112736825	0.155845639	0.309544068	0.091302685	0.678926923	0.528320697	0.441967329	0	0.067497759	0.202982892	0.298725451	0.213564806	0.283288672	0.104350998	0.101512147
31563	chr2:162735439-162735739_-	coding	NM_004460	FAP	FAP	HN_GIST_	0.909832044	1.160193766	1.155691397	1.02099492	1.173316934	0.926010445	0.930132651	0.328848441	1.52744062	0.992399628	2.172274008	0.908225425	1.080088275	0.309820162	0.281217135	0.699697115	0.42620885	0.624348602	0.739624375	0.915731906	0.775921057	0.792251801	0.400034333	1.073286346	0.296827642	0.32932135	0.382264216	1.276664965	0.525076931	1.40346766	0.353589068	0.893588983	0.734454958	1.260773047	0.827253245	0.202954653	0.214894483	0.362183614	0.128045487	0.492230039	0.39741746	0.266644295	0.11521417	0	0.17829803	0	0.490735958	1.226363807	0.285654723	0.460317206	0.822858251	0.271965848	0.326797678	0.153724914	0.66983116	0.137629695	0.516661022	0.536816543	1.227963076	0.909334783	0.163592345	0.839754477	0.30175008	0.485822655	0	0	0.480471764	0.307856973	0	0.758766413	0.352067071	0.372005893	0.294224666	0.484186811	0.224880413	0.350143141	0.297296461	0.353733193	0.471611973	0.593442513	0.109440355	0	0.094150224	0.236272198	0.312518096	0.178218555	0.178582284	0.977311895	0.462783479	0.70831433	0.617413347	0.466671852	0.203024295
38986	chr8:42726927-42727058_-	coding	NM_004198	CHRNA6	CHRNA6		0	0.142272088	0.134346396	0	0.242553424	0	0	0.51995504	0.291271498	0.192780746	0	0.127176997	0.265899352	0.154910081	0	0.516760567	0.301375168	0	0	0	0	0	0.170575213	0.264224833	0.104944419	0	0	0.088308762	0	0.075450889	0.353589068	0.212598648	0	0	0.258390502	0.268483769	0.214894483	0.362183614	0.181083664	0	0	0.142527371	0.282215928	0	0.252151492	0	0	0.147636853	0	0	0	0	0.123517912	1.326851726	0	0	0.220305	0	0	0	0.163592345	0.997776998	0.11405081	0.229018996	0.361530455	0	0.455815538	0	0	0	0	0.214777702	0	0.559090771	0.449760826	0.217149558	0.148648231	0.094539173	0.138073848	0	0.154772034	0.091302685	0.163072972	0	0.220983665	0.07275742	0	0	0	0	0	0	0
39248	chr8:95208565-95208742_-	coding	NM_001144663	CDH17	CDH17	Colon_	0	0	0	0	0	0	0	0.232530963	0.145635749	0.136316573	0.222870611	0.220277021	0	0	0	1.05483309	0	0	0.091041467	0	0	1.359088775	1.065241861	3.08702366	0	0	0.252844013	0.088308762	0	0	0	0	0	0	0	0	0	0	0	0	0	0	0	0.093469652	0	0	0	0	0	0	0	0	0	0	0	0	0	0	0	0	0	0	0	0	0	0	0	0	0	0	0	1.380827435	1.441400604	1.768000255	0	0	0.105110172	0	0	0	1.500570543	1.60495474	0	0.334139347	0	0	0	0	0.133594083	0.261562401	0	0	0
39249	chr8:95230130-95230309_-	coding	NM_001144663	CDH17	CDH17		0.2389336	0	0	0	0	0	0.128986191	0.838402309	0.411920102	0.23610723	0.31518664	0.254353995	0.460551188	0.268312131	0	0.558165206	0	0.764667748	0.157688447	0.07379178	0.308319764	0.189384404	0.552726861	0.39633725	0.104944419	0	0	0.152955263	0	0	0.424961172	0	0	0	0.258390502	0.304431979	0.350921222	0.558162436	0.286318413	0	0.229449078	0.174559667	0.304828042	0.186939304	0.378227238	0	0	0.361634957	0	0	0	0	0.123517912	0.153724914	0	0	0.34833279	0	0	0.13264011	0.163592345	0	0	0.280489841	0.442782571	0.513799425	0.568501858	0	0.091173638	0	0	0.480257542	0.208048257	0.510377712	0.355567153	0.291336704	0.297296461	0.211396016	0.159433946	0	0.37911251	0.18260537	0.210526302	0	0	0.07275742	0.067497759	0	0	0	0	0	0
39250	chr8:95281965-95282168_-	intron	NM_001144663	CDH17		NPC_Colon_	0	0	0	0	0	0	0.128986191	0.697592888	0.252248516	0.136316573	0.181973092	0.127176997	0.325658868	0.154910081	0	0.760650959	0.42620885	0.624348602	0.182082934	0	0	1.002128069	0.934278917	1.031830959	0	0	0	0	0	0.075450889	0.204144744	0.122743887	0.138798941	0	0.365419353	0.268483769	0.124069388	0.362183614	0.181083664	0	0	0	0.162937442	0.186939304	0.252151492	0	0.163578653	0.33012604	0.142827362	0	0	0	0	0.153724914	0	0	0	0	0	0	0	0.203670377	0.161292202	0.229018996	0.361530455	0.324955289	0.480471764	0	0	0.10522197	0.082983004	0.581620767	0.679482761	0.994909319	0	0.217149558	0.105110172	0.13369858	0	0.110199508	0.882336348	1.052953932	0.094150224	0	0.312518096	0	0	0	0	0	0	0	0
42759	chr11:65835905-65836127_-	downstream	CR613070	CD248			0.292632702	0.586602846	0.355447153	0.524334587	0.447246416	0.264036112	0.364828042	0	0.291271498	0.272633145	0.340440481	0.220277021	0.188019235	0.154910081	0	0	0	0	0.287898397	0.376265726	0.178008499	0.463895154	0.319117002	0.295412344	0	0.245461642	0.213692193	0.624437246	0.326687648	0.261369546	0.781814847	1.097854698	0.588874032	1.239341916	0.428492173	0.287021222	1.170468264	0.512204979	1.14527365	0.193068506	0	0.349119333	0.162937442	0.186939304	0.17829803	0	0	0.295273706	0.553167993	0.265764263	1.929773654	1.053319199	0.494071649	0.108699929	0.415411651	0.599913933	0.539634838	4.523296596	0.731477216	0.838889715	0.432824661	0.288033409	0.279366289	0.705883953	0.766921909	0.397987323	0.960943528	0.177741307	0.182347275	0.297612673	0.14373078	0.372005893	0.16987069	0.42701263	0.449760826	0.388448939	0.504090676	0.567235035	0.464825836	0.705621141	0.109440355	0.15814089	0.312260968	0.528320697	0	0	0.22386474	0.504681692	0.462783479	0.151013123	0.686646396	0.2556067	0.287119711
42760	chr11:65838515-65839916_-	coding	NM_020404	CD248	CD248	ESS_GIST_	2.882097867	4.25034142	2.943382064	3.981721959	3.900512467	3.805235836	1.926174592	1.945493615	2.934479027	1.828878737	3.164971933	1.416183109	2.295067251	0.876303751	0.7224599	2.262364935	1.242601651	1.32444339	1.984202773	2.799228703	2.201843527	3.595810908	2.381953215	2.786914481	1.419661789	1.948291383	1.967825494	5.181700517	3.28317023	3.441917057	8.371594048	10.33529765	8.17972198	10.28259584	12.66179376	3.502070598	8.095943485	4.84737814	8.990580522	2.791159009	1.919708715	3.750664029	1.429770253	1.885679285	1.409569692	0.693596836	1.769373658	3.304560007	3.898428295	1.712066498	8.6823569	7.076340223	5.395343845	1.150371917	6.267073693	6.917175919	4.336708262	16.19964925	5.562026053	5.534447346	3.0779716	2.639869801	3.267908986	5.007090658	6.243600604	4.026037351	6.587896918	2.364694283	2.381011373	4.05343653	2.389276545	4.494964303	3.901482681	4.028429093	5.466953379	4.695655219	4.98359682	5.388732833	5.565934745	5.231865993	2.464231312	1.859977105	3.132529503	2.290743953	2.307137193	1.456966205	2.255879717	7.293017682	4.775871694	3.287788399	6.20977558	3.717298356	3.33602958
46886	chr15:73753713-73754754_-	coding	NM_001897	CSPG4	CSPG4	MLS_EMC_	1.620526522	2.568789427	1.171204727	2.097338347	1.821574601	1.655234787	1.787285091	2.47183804	3.769687891	2.506149695	4.224755268	1.179390956	1.247178513	1.039168416	0.834224835	1.430845219	1.622954949	0.624348602	1.204365404	2.25155638	1.457062358	2.300065592	1.353898777	1.50050861	1.335724388	1.431275026	1.593404548	4.819911332	2.072600777	5.552180684	3.401731847	3.21720133	1.387989405	3.199036708	2.728437313	1.029882381	1.209278807	1.971323857	1.454317167	9.054686505	2.115415973	3.761480674	2.779504548	2.613809921	2.460900386	4.441186709	5.417886969	4.416785387	4.489416376	5.520608894	6.621325141	6.931128468	5.011236021	9.412434732	3.196241058	4.360928881	3.725695613	2.611526507	3.835898884	8.961800368	8.49735867	9.417415181	4.302301323	2.968425457	4.368389109	3.567115184	3.110103786	2.113054357	2.640889701	3.411204725	6.548826073	2.636317921	2.691257865	2.652000383	2.679759394	2.287812557	2.458319973	2.673971599	3.255733315	3.793489016	1.870117601	2.943007195	2.550758776	1.976795037	2.500144765	2.724277219	2.190299674	2.749990881	1.782367379	1.532615806	2.103311084	1.501349423	1.652498036
53327	chr22:21220117-21220780_-	coding	NM_206953	PRAME	PRAME	MLS_	0	0.376416563	0	0.107029349	0	0	0.562237772	0.569582208	0.145635749	0.136316573	0.772046442	0	0.623589256	0	0	0	0.42620885	0	0	0	0	0.133914996	0.12061489	0	0	0	0	0	0.340027285	0.983759232	0.471452091	0	0.572282692	0	0.483404366	0	0	0	0	0	0.229449078	1.162275537	0.620447295	0	0	0	0.327157305	0.20879004	0	0.325493418	0	2.739979995	2.537383829	0.108699929	3.529777021	1.866900015	0	0.178938848	0	0	0	0.203670377	2.356743465	2.09899377	2.068952595	1.949731733	0	0	0	0	0	0.17536526	0	0	0	0	0	0.094539173	0	0	0	0.091302685	0.266297049	0.236272198	0	0	0	0	0	0	0	0.104350998	0
54378	chrX:132497416-132497700_-	coding	NM_004484	GPC3	GPC3	MLS_	0.168951569	0.569088352	0.600815348	0.414522887	0.325419567	0.144618535	0	0.900588546	0.145635749	0	0.181973092	0.127176997	0.728195367	0.40985355	0.217829856	0.210966618	0.301375168	0	1.049941418	0.460829518	0.853698769	0.231947577	0.208911117	0.295412344	0.296827642	0.347135183	0.286698162	0	0.133369674	0.150901778	0	0	0.339986581	0	0.129195251	0.101477326	0.175460611	0.221791262	0.128045487	0.236459662	0	0.774121773	0.11521417	0.647576745	0.398686515	0.326964684	0.163578653	0.147636853	0.201988392	0	0.712616149	1.200968666	2.063155889	0.108699929	5.6318545	1.831044002	1.312618529	0.253057745	0.220548679	0	0	0.203670377	0.747881175	0.32388177	0	0	1.60077156	1.235696288	1.027474714	0.210443939	0.219552393	1.430060414	1.353646654	1.25016497	3.251058415	2.466344876	2.2568111	1.835618693	2.134569886	2.14252331	0.189556255	0.129121496	0.659051571	1.250234957	1.62389166	0.965236255	0.691646211	0.266771785	0.462783479	0.724233494	1.128719625	0.684275257	0.4651871
54452	chrX:152780220-152780859_-	coding	NM_024003	L1CAM	L1CAM		0.413845136	0.376416563	0.134346396	0.151362357	0.153404255	0.25048665	0	0.232530963	0.145635749	0.192780746	0	0.127176997	0.265899352	0	0.217829856	0	0	0	0.203574909	0.127811112	0	0.354305777	0.170575213	0.264224833	0.314833258	0.155243573	0.382264216	0.152955263	0.432167137	0.483121415	0.372715604	0.613719433	0.138798941	0.500041363	0.316462443	0.101477326	0.277427585	0.181091807	0.313646106	0	0	0.100782071	0.11521417	0.161894186	0.252151492	0	0	0	0	0	0	0	0	0.108699929	0	0	0	0.309931176	0	0	0.163592345	0.288033409	0	0.229018996	0	0	0.214873505	0.177741307	0.128938995	0.210443939	1.173556903	1.258482489	0.983197702	0.89861269	0.594977647	1.045930777	1.28303316	0.25012714	0.159433946	0.110199508	0.109440355	0.683246733	0.364642251	0.625117478	0.625036191	0.126019548	0.22386474	0.252340846	0.133594083	0.151013123	0.245335187	0	0.175824197
