source_row,cas,source_name,cell_viability_percent,reported_sd_percent,mean_midrank,mean_plus_sd,mean_plus_sd_midrank,rank_denominator,role,active_moiety,chemical_family,reported_ic50_nM,ic50_source_name,catalogue_source_row,catalogue_id,catalogue_source_name,source_target,source_pathway,provider
4,1374356-45-2,(S)-crizotinib,10.518404211242393,9.058006165744617,13.0,19.57641037698701,13.0,221,not_identified_as_primary_proteasome_direct_in_bounded_review,,,2289.0,S-Crizotinib,4,S7505,(S)-crizotinib,MTH1,DNA Damage,Selleck  Chemicals
5,5451-09-2,5-Aminolevulinic acid HCl,137.1628574695412,24.006199738289773,208.0,161.16905720783097,207.0,221,not_identified_as_primary_proteasome_direct_in_bounded_review,,,,,5,S2553,5-Aminolevulinic acid HCl,Others,Others,Selleck  Chemicals
6,785804-17-3,Abarelix Acetate,84.91823711294319,19.06564201015602,141.0,103.9838791230992,150.0,221,not_identified_as_primary_proteasome_direct_in_bounded_review,,,,,6,P1005,Abarelix Acetate,Others,Endocrinology & Hormones,Selleck  Chemicals
7,1231929-97-7,Abemaciclib,80.49115139811718,24.209469846149933,139.0,104.70062124426711,151.0,221,not_identified_as_primary_proteasome_direct_in_bounded_review,,,,,7,S5716,Abemaciclib,CDK,Cell Cycle,Selleck  Chemicals
8,1231930-82-7,abemaciclib (LY2835219),61.159233037068674,7.0674362623854465,83.0,68.22666929945412,75.0,221,not_identified_as_primary_proteasome_direct_in_bounded_review,,,,,8,S7158,abemaciclib (LY2835219),CDK,Cell Cycle,Selleck  Chemicals
9,154229-18-2,Abiraterone Acetate,74.10847001130688,9.61467610178742,123.0,83.7231461130943,119.0,221,not_identified_as_primary_proteasome_direct_in_bounded_review,,,,,9,S2246,Abiraterone Acetate,P450 (e.g. CYP17),Metabolism,Selleck  Chemicals
10,1420477-60-6,Acalabrutinib (ACP-196),66.82048689065907,11.12162450592436,102.0,77.94211139658343,107.0,221,not_identified_as_primary_proteasome_direct_in_bounded_review,,,,,10,S8116,Acalabrutinib (ACP-196),BTK,Angiogenesis,Selleck  Chemicals
11,2922-28-3,Adenine HCl,66.97368922541384,8.17145833598004,103.0,75.14514756139387,97.0,221,not_identified_as_primary_proteasome_direct_in_bounded_review,,,,,11,S1983,Adenine HCl,DNA/RNA Synthesis,DNA Damage,Selleck  Chemicals
12,439081-18-2,Afatinib (BIBW2992),123.7063763291959,29.453838628943142,202.0,153.16021495813905,205.0,221,not_identified_as_primary_proteasome_direct_in_bounded_review,,,,,12,S1011,Afatinib (BIBW2992),"EGFR,HER2",Protein Tyrosine Kinase,Selleck  Chemicals
13,850140-73-7,Afatinib (BIBW2992) Dimaleate,66.47350681576158,34.40581374246546,101.0,100.87932055822705,145.0,221,not_identified_as_primary_proteasome_direct_in_bounded_review,,,,,13,S7810,Afatinib (BIBW2992) Dimaleate,"EGFR,HER2",Protein Tyrosine Kinase,Selleck  Chemicals
14,1217486-61-7,Alpelisib (BYL719),26.096070534727417,0.9960235285149803,25.0,27.0920940632424,21.0,221,not_identified_as_primary_proteasome_direct_in_bounded_review,,,,,14,S2814,Alpelisib (BYL719),PI3K,PI3K/Akt/mTOR,Selleck  Chemicals
15,58579-51-4,Anagrelide HCl,109.96531703784632,34.25101317444386,187.0,144.2163302122902,198.0,221,not_identified_as_primary_proteasome_direct_in_bounded_review,,,,,15,S3172,Anagrelide HCl,PDE,Metabolism,Selleck  Chemicals
16,1327-53-3,Arsenic (III) oxide,75.69587196435239,33.967523121542314,127.0,109.6633950858947,161.0,221,not_identified_as_primary_proteasome_direct_in_bounded_review,,,,,16,Sigma 202673,Arsenic (III) oxide,Others,Others,Sigma-Aldrich
17,71963-77-4,Artemether,69.27064144423409,8.151131325194116,114.0,77.4217727694282,106.0,221,not_identified_as_primary_proteasome_direct_in_bounded_review,,,,,17,S2264,Artemether,Anti-infection,Microbiology,Selleck  Chemicals
18,1492952-76-7,Asciminib (ABL001),68.88410523083878,20.088320125643314,110.0,88.97242535648209,129.0,221,not_identified_as_primary_proteasome_direct_in_bounded_review,,,,,18,S8555,Asciminib (ABL001),Bcr-Abl,Angiogenesis,Selleck  Chemicals
19,1703793-34-3,Avapritinib (BLU-285),56.06410456883733,11.779060437309028,68.0,67.84316500614636,72.0,221,not_identified_as_primary_proteasome_direct_in_bounded_review,,,,,19,S8553,Avapritinib (BLU-285),PDGFR,Protein Tyrosine Kinase,Selleck  Chemicals
20,319460-85-0,Axitinib,49.167227776860216,26.95361630226263,48.0,76.12084407912285,101.0,221,not_identified_as_primary_proteasome_direct_in_bounded_review,,,,,20,S1005,Axitinib,"c-Kit,PDGFR,VEGFR",Protein Tyrosine Kinase,Selleck  Chemicals
21,320-67-2,Azacitidine,122.05988845552827,26.912962280690618,201.0,148.97285073621887,203.0,221,not_identified_as_primary_proteasome_direct_in_bounded_review,,,,,21,S1782,Azacitidine,DNA Methyltransferase,DNA Damage,Selleck  Chemicals
22,134-58-7,Azaguanine-8,92.93128199916148,33.641202850863266,162.0,126.57248485002475,181.0,221,not_identified_as_primary_proteasome_direct_in_bounded_review,,,,,22,S4194,Azaguanine-8,Others,Others,Selleck  Chemicals
23,1143532-39-1,AZD5363,57.57985963286315,9.843276861565258,73.0,67.4231364944284,70.0,221,not_identified_as_primary_proteasome_direct_in_bounded_review,,,,,23,S8019,AZD5363,Akt,PI3K/Akt/mTOR,Selleck  Chemicals
24,414864-00-9,Belinostat (PXD101),20.628104633288007,9.309770939997204,19.0,29.93787557328521,22.0,221,not_identified_as_primary_proteasome_direct_in_bounded_review,,,812.0,Belinostat,24,S1085,Belinostat (PXD101),HDAC,Epigenetics,Selleck  Chemicals
25,16506-27-7,Bendamustine,98.63308112599603,29.055015745362283,170.0,127.68809687135831,183.0,221,not_identified_as_primary_proteasome_direct_in_bounded_review,,,,,25,S5939,Bendamustine,Others,Others,Selleck  Chemicals
26,3543-75-7,Bendamustine HCl,97.22028127501173,26.547076086542276,169.0,123.767357361554,179.0,221,not_identified_as_primary_proteasome_direct_in_bounded_review,,,,,26,S1212,Bendamustine HCl,DNA/RNA Synthesis,DNA Damage,Selleck  Chemicals
27,153559-49-0,Bexarotene,104.33473505011875,2.154663143318146,179.5,106.4893981934369,156.0,221,not_identified_as_primary_proteasome_direct_in_bounded_review,,,,,27,S2098,Bexarotene,Retinoid Receptor,Metabolism,Selleck  Chemicals
28,872511-34-7,BGJ398 (NVP-BGJ398|Infigratinib),8.899419409754415,4.695539491570635,10.0,13.59495890132505,8.0,221,not_identified_as_primary_proteasome_direct_in_bounded_review,,,63.3,BGJ398,28,S2183,BGJ398 (NVP-BGJ398|Infigratinib),FGFR,Angiogenesis,Selleck  Chemicals
29,606143-89-9,"Binimetinib (MEK162, ARRY-162, ARRY-438162)",68.55538726514645,2.593219507128495,108.0,71.14860677227495,83.0,221,not_identified_as_primary_proteasome_direct_in_bounded_review,,,,,29,S7007,"Binimetinib (MEK162, ARRY-162, ARRY-438162)",MEK,MAPK,Selleck  Chemicals
30,9041-93-4,Bleomycin sulfate,63.76202152122265,12.27751451475613,91.0,76.03953603597878,100.0,221,not_identified_as_primary_proteasome_direct_in_bounded_review,,,,,30,S1214,Bleomycin sulfate,DNA/RNA Synthesis,DNA Damage/DNA Repair,Selleck  Chemicals
31,179324-69-7,Bortezomib (PS-341),13.615285912111077,11.931955331393794,15.0,25.54724124350487,19.0,221,confirmed_proteasome_direct,bortezomib,boronic_acid_ester_lineage,135.0,Bortezomib,31,S1013,Bortezomib (PS-341),Proteasome,Proteases,Selleck  Chemicals
32,380843-75-4,Bosutinib,62.21843537096624,10.939003413873039,87.0,73.15743878483929,90.0,221,not_identified_as_primary_proteasome_direct_in_bounded_review,,,,,32,S1014,Bosutinib,Bcr-Abl,Protein Tyrosine Kinase,Selleck  Chemicals
33,1197953-54-0,Brigatinib (AP26113),10.098375699524397,5.716040181205781,12.0,15.814415880730177,11.0,221,not_identified_as_primary_proteasome_direct_in_bounded_review,,,1.73,Brigatinib,33,S8229,Brigatinib (AP26113),ALK,Angiogenesis,Selleck  Chemicals
34,55-98-1,Busulfan,112.99404164496332,17.27795916811706,191.0,130.27200081308038,186.0,221,not_identified_as_primary_proteasome_direct_in_bounded_review,,,,,34,S1692,Busulfan,DNA alkylator,DNA Damage,Selleck  Chemicals
35,183133-96-2,Cabazitaxel,61.302453216114216,2.744146456112702,84.0,64.04659967222692,62.0,221,not_identified_as_primary_proteasome_direct_in_bounded_review,,,,,35,S3022,Cabazitaxel,Microtubule Associated,Cytoskeletal Signaling,Selleck  Chemicals
36,849217-68-1,"Cabozantinib (XL184, BMS-907351)",50.59011853188162,8.008842249691924,53.0,58.598960781573545,51.0,221,not_identified_as_primary_proteasome_direct_in_bounded_review,,,,,36,S1119,"Cabozantinib (XL184, BMS-907351)","c-Met,VEGFR",Protein Tyrosine Kinase,Selleck  Chemicals
37,1140909-48-3,Cabozantinib malate (XL184),70.79516725318558,8.82192268113273,117.0,79.61708993431832,111.0,221,not_identified_as_primary_proteasome_direct_in_bounded_review,,,,,37,S4001,Cabozantinib malate (XL184),"TAM Receptor,VEGFR",Protein Tyrosine Kinase,Selleck  Chemicals
38,154361-50-9,Capecitabine,101.57026158322003,22.684944037198427,175.0,124.25520562041845,180.0,221,not_identified_as_primary_proteasome_direct_in_bounded_review,,,,,38,S1156,Capecitabine,DNA/RNA Synthesis,DNA Damage,Selleck  Chemicals
39,1029712-80-8,Capmatinib (INCB28060),79.60396333425028,8.108376487077848,137.0,87.71233982132813,125.0,221,not_identified_as_primary_proteasome_direct_in_bounded_review,,,,,39,S2788,Capmatinib (INCB28060),c-Met,Protein Tyrosine Kinase,Selleck  Chemicals
40,41575-94-4,Carboplatin,104.8969845833557,13.057408081668182,182.0,117.95439266502389,172.0,221,not_identified_as_primary_proteasome_direct_in_bounded_review,,,,,40,S1215,Carboplatin,DNA/RNA Synthesis,DNA Damage,Selleck  Chemicals
41,868540-17-4,Carfilzomib (PR-171),23.575521197260922,1.4432177658074252,24.0,25.018738963068348,17.0,221,confirmed_proteasome_direct,carfilzomib,peptide_epoxyketone,,,41,S2853,Carfilzomib (PR-171),Proteasome,Proteases,Selleck  Chemicals
42,154-93-8,Carmustine,87.34135403300596,8.049496271263948,147.0,95.3908503042699,137.5,221,not_identified_as_primary_proteasome_direct_in_bounded_review,,,,,42,S3669,Carmustine,DNA/RNA Synthesis,DNA Damage,Selleck  Chemicals
43,1032900-25-6,Ceritinib (LDK378),76.061114148455,1.2600855351539835,130.0,77.321199683609,105.0,221,not_identified_as_primary_proteasome_direct_in_bounded_review,,,,,43,S7083,Ceritinib (LDK378),ALK,Protein Tyrosine Kinase,Selleck  Chemicals
44,1380575-43-8,Ceritinib dihydrochloride,5.405013633805911,7.158746808411072,6.0,12.563760442216983,7.0,221,not_identified_as_primary_proteasome_direct_in_bounded_review,,,85.1,Ceritinib,44,S4967,Ceritinib dihydrochloride,ALK,Protein Tyrosine Kinase,Selleck  Chemicals
45,305-03-3,Chloroambucil,67.5631725382084,11.728685223533587,106.0,79.291857761742,110.0,221,not_identified_as_primary_proteasome_direct_in_bounded_review,,,,,45,S4288,Chloroambucil,DNA/RNA Synthesis,DNA Damage,Selleck  Chemicals
46,15663-27-1,Cisplatin (NSC 119875),90.76211205858488,25.165186484669537,155.0,115.92729854325441,167.0,221,not_identified_as_primary_proteasome_direct_in_bounded_review,,,,,46,S1166,Cisplatin (NSC 119875),DNA/RNA Synthesis,DNA Damage/DNA Repair,Selleck  Chemicals
47,4291-63-8,Cladribine,85.00374779261364,15.916049445453703,142.0,100.91979723806735,146.0,221,not_identified_as_primary_proteasome_direct_in_bounded_review,,,,,47,S1199,Cladribine,DNA/RNA Synthesis,DNA Damage,Selleck  Chemicals
48,123318-82-1,Clofarabine,76.12084407912286,0.16261608628815338,131.0,76.28346016541101,102.0,221,not_identified_as_primary_proteasome_direct_in_bounded_review,,,,,48,S1218,Clofarabine,DNA/RNA Synthesis,DNA Damage,Selleck  Chemicals
49,934660-93-2,"Cobimetinib (GDC-0973, RG7420)",49.50800736419556,10.829430758642253,51.0,60.33743812283781,54.0,221,not_identified_as_primary_proteasome_direct_in_bounded_review,,,,,49,S8041,"Cobimetinib (GDC-0973, RG7420)",MEK,MAPK,Selleck  Chemicals
50,18080-67-6,Conoidin A,92.64310930671328,4.218547226385094,160.0,96.86165653309838,140.0,221,not_identified_as_primary_proteasome_direct_in_bounded_review,,,,,50,S9787,Conoidin A,Others,Others,Selleck  Chemicals
51,670220-88-9,Crenolanib (CP-868596),3.73635867010531,0.7114453775107037,4.0,4.447804047616014,3.0,221,not_identified_as_primary_proteasome_direct_in_bounded_review,,,3352.0,Crenolanib,51,S2730,Crenolanib (CP-868596),PDGFR,Protein Tyrosine Kinase,Selleck  Chemicals
52,877399-52-5,Crizotinib (PF-02341066),-1.6909532097620548,1.544852819737526,1.0,-0.1461003900245288,1.0,221,not_identified_as_primary_proteasome_direct_in_bounded_review,,,208.0,Crizotinib,52,S1068,Crizotinib (PF-02341066),"ALK,c-Met",Protein Tyrosine Kinase,Selleck  Chemicals
53,1415560-69-8,Crizotinib hydrochloride,51.535101485965015,4.821196830154392,55.0,56.35629831611941,47.0,221,not_identified_as_primary_proteasome_direct_in_bounded_review,,,,,53,S5190,Crizotinib hydrochloride,c-Met,Protein Tyrosine Kinase,Selleck  Chemicals
54,50-18-0,Cyclophosphamide,61.03139827263276,9.989373735206298,82.0,71.02077200783906,81.0,221,not_identified_as_primary_proteasome_direct_in_bounded_review,,,,,54,S1217,Cyclophosphamide,DNA/RNA Synthesis,DNA Damage/DNA Repair,Selleck  Chemicals
55,6055-19-2,Cyclophosphamide Monohydrate,133.62595759277372,16.810437920038673,206.0,150.4363955128124,204.0,221,not_identified_as_primary_proteasome_direct_in_bounded_review,,,,,55,S2057,Cyclophosphamide Monohydrate,DNA alkylator,DNA Damage,Selleck  Chemicals
56,147-94-4,Cytarabine,110.74085952899739,10.025897953616528,188.0,120.76675748261391,174.0,221,not_identified_as_primary_proteasome_direct_in_bounded_review,,,,,56,S1648,Cytarabine,DNA/RNA Synthesis,DNA Damage,Selleck  Chemicals
57,1195765-45-7,Dabrafenib (GSK2118436),166.1695018611919,71.795002096223,218.0,237.96450395741488,220.0,221,not_identified_as_primary_proteasome_direct_in_bounded_review,,,,,57,S2807,Dabrafenib (GSK2118436),Raf,MAPK,Selleck  Chemicals
58,1195768-06-9,Dabrafenib Mesylate,186.3338965609238,86.6743739915897,220.0,273.0082705525135,221.0,221,not_identified_as_primary_proteasome_direct_in_bounded_review,,,,,58,S5069,Dabrafenib Mesylate,Raf,MAPK,Selleck  Chemicals
59,4342-03-4,Dacarbazine,88.23574250759083,34.02741605579763,150.0,122.26315856338846,177.0,221,not_identified_as_primary_proteasome_direct_in_bounded_review,,,,,59,S1221,Dacarbazine,DNA/RNA Synthesis,DNA Damage,Selleck  Chemicals
60,1110813-31-4,"Dacomitinib (PF299804, PF299)",74.86056941038962,5.366330847509303,125.0,80.22690025789892,113.0,221,not_identified_as_primary_proteasome_direct_in_bounded_review,,,,,60,S2727,"Dacomitinib (PF299804, PF299)",EGFR,Protein Tyrosine Kinase,Selleck  Chemicals
61,302962-49-8,Dasatinib,27.13274808481444,6.34202736523827,26.0,33.47477545005271,27.0,221,not_identified_as_primary_proteasome_direct_in_bounded_review,,,,,61,S1021,Dasatinib,"Bcr-Abl,c-Kit,Src",Angiogenesis,Selleck  Chemicals
62,854001-07-3,Dasatinib hydrochloride,39.87778384764904,3.5978809091255535,33.0,43.47566475677459,32.0,221,not_identified_as_primary_proteasome_direct_in_bounded_review,,,,,62,S5254,Dasatinib hydrochloride,Abl/Src,Kinase,Selleck  Chemicals
63,23541-50-6,Daunorubicin HCl,58.27372860899722,7.277069861395208,76.0,65.55079847039242,66.0,221,not_identified_as_primary_proteasome_direct_in_bounded_review,,,,,63,S3035,Daunorubicin HCl,Topoisomerase,DNA Damage,Selleck  Chemicals
64,2353-33-5,Decitabine,95.65510144448817,6.281046332880209,165.0,101.93614777736838,147.0,221,not_identified_as_primary_proteasome_direct_in_bounded_review,,,,,64,S1200,Decitabine,DNA Methyltransferase,Epigenetics,Selleck  Chemicals
65,114977-28-5,Docetaxel,62.96926810056787,24.046853759861758,89.0,87.01612186042962,124.0,221,not_identified_as_primary_proteasome_direct_in_bounded_review,,,,,65,S1148,Docetaxel,Microtubule Associated,Cytoskeletal Signaling,Selleck  Chemicals
66,23214-92-8,Doxorubicin,71.22165520909546,9.660655769513935,118.0,80.8823109786094,115.0,221,not_identified_as_primary_proteasome_direct_in_bounded_review,,,,,66,E2516,Doxorubicin,Topoisomerase,DNA Damage/DNA Repair,Selleck  Chemicals
67,25316-40-9,Doxorubicin (Adriamycin) HCl,73.01081142886179,2.1343361325321197,120.5,75.14514756139391,98.0,221,not_identified_as_primary_proteasome_direct_in_bounded_review,,,36.5,Doxorubicin (Adriamycin),67,S1208,Doxorubicin (Adriamycin) HCl,Topoisomerase,DNA Damage,Selleck  Chemicals
68,1201438-56-3,"Duvelisib (IPI-145, INK1197)",49.124503070887826,3.4332765305644912,46.0,52.55777960145232,41.0,221,not_identified_as_primary_proteasome_direct_in_bounded_review,,,,,68,S7028,"Duvelisib (IPI-145, INK1197)",PI3K,Angiogenesis,Selleck  Chemicals
69,1446502-11-9,Enasidenib (AG-221),96.05812372807266,14.536638927283704,166.0,110.59476265535636,163.0,221,not_identified_as_primary_proteasome_direct_in_bounded_review,,,,,69,S8205,Enasidenib (AG-221),Dehydrogenase,Metabolism,Selleck  Chemicals
70,1650550-25-6,Enasidenib Mesylate,94.46932022722632,16.05239399130953,164.0,110.52171421853585,162.0,221,not_identified_as_primary_proteasome_direct_in_bounded_review,,,,,70,S4929,Enasidenib Mesylate,Dehydrogenase,Metabolism,Selleck  Chemicals
71,1269440-17-6,Encorafenib (LGX818),65.10384862537683,6.318689784975081,98.0,71.4225384103519,84.0,221,not_identified_as_primary_proteasome_direct_in_bounded_review,,,,,71,S7108,Encorafenib (LGX818),Raf,MAPK,Selleck  Chemicals
72,1229208-44-9,Entospletinib (GS-9973),56.776326827837416,0.9313675694616421,70.0,57.70769439729906,49.0,221,not_identified_as_primary_proteasome_direct_in_bounded_review,,,,,72,S7523,Entospletinib (GS-9973),Syk,Angiogenesis,Selleck  Chemicals
73,1108743-60-7,Entrectinib (RXDX-101),27.283020461551995,3.7985187146671002,27.0,31.081539176219096,24.0,221,not_identified_as_primary_proteasome_direct_in_bounded_review,,,,,73,S7998,Entrectinib (RXDX-101),"Trk receptor,ALK",Protein Tyrosine Kinase,Selleck  Chemicals
74,915087-33-1,Enzalutamide,96.97122918832918,46.312708944210435,168.0,143.28393813253962,197.0,221,not_identified_as_primary_proteasome_direct_in_bounded_review,,,,,74,HY-70002 ,Enzalutamide,Androgen Receptor,Endocrinology & Hormones,MedChemExpress
75,51-42-3,Epinephrine bitartrate,67.42088346270627,3.658861941483625,105.0,71.0797454041899,82.0,221,not_identified_as_primary_proteasome_direct_in_bounded_review,,,,,75,S2521,Epinephrine bitartrate,Adrenergic Receptor,GPCR & G Protein,Selleck  Chemicals
76,56390-09-1,Epirubicin HCl,69.14867937951797,13.924002388423718,112.0,83.07268176794169,118.0,221,not_identified_as_primary_proteasome_direct_in_bounded_review,,,,,76,S1223,Epirubicin HCl,Topoisomerase,DNA Damage,Selleck  Chemicals
77,1346242-81-6,Erdafitinib (JNJ-42756493),45.873847632374634,4.346381990821005,39.0,50.220229623195635,40.0,221,not_identified_as_primary_proteasome_direct_in_bounded_review,,,,,77,S8401,Erdafitinib (JNJ-42756493),FGFR,Angiogenesis,Selleck  Chemicals
78,441045-17-6,Eribulin mesylate,60.793990852966076,5.642991744385256,80.0,66.43698259735133,68.0,221,not_identified_as_primary_proteasome_direct_in_bounded_review,,,30.6,Eribulin,78,E7389,Eribulin mesylate,"Microtubule Associated,AChR",Cytoskeletal Signaling,Selleck  Chemicals
79,183321-74-6,Erlotinib,49.58105580101608,7.651823756949572,52.0,57.232879557965646,48.0,221,not_identified_as_primary_proteasome_direct_in_bounded_review,,,,,79,S7786,Erlotinib,EGFR,Protein Tyrosine Kinase,Selleck  Chemicals
80,183319-69-9,Erlotinib HCl (OSI-744),68.02578609819767,11.742536218898792,107.0,79.76832231709646,112.0,221,not_identified_as_primary_proteasome_direct_in_bounded_review,,,,,80,S1023,Erlotinib HCl (OSI-744),"Autophagy,EGFR",Protein Tyrosine Kinase,Selleck  Chemicals
81,52205-73-9,Estramustine phosphate sodium,132.96584643164095,15.04797798502743,205.0,148.0138244166684,201.0,221,not_identified_as_primary_proteasome_direct_in_bounded_review,,,,,81,S2441,Estramustine phosphate sodium,Microtubule Associated,Cytoskeletal Signaling,Selleck  Chemicals
82,33419-42-0,Etoposide,220.50360169222358,9.086173821350968,221.0,229.58977551357455,219.0,221,not_identified_as_primary_proteasome_direct_in_bounded_review,,,,,82,S1225,Etoposide,Topoisomerase,DNA Damage,Selleck  Chemicals
83,159351-69-6,Everolimus (RAD001),155.72141831717755,17.23730514654499,216.0,172.95872346372255,211.0,221,not_identified_as_primary_proteasome_direct_in_bounded_review,,,,,83,S1120,Everolimus (RAD001),mTOR,PI3K/Akt/mTOR,Selleck  Chemicals
84,107868-30-4,Exemestane,146.49295542032442,38.94655266601446,213.0,185.4395080863389,216.0,221,not_identified_as_primary_proteasome_direct_in_bounded_review,,,,,84,S1196,Exemestane,Aromatase,Endocrinology & Hormones,Selleck  Chemicals
85,104227-87-4,Famciclovir,64.96131515759782,15.306239121873173,97.0,80.267554279471,114.0,221,not_identified_as_primary_proteasome_direct_in_bounded_review,,,,,85,S2467,Famciclovir,Anti-infection,Microbiology,Selleck  Chemicals
86,21679-14-1,Fludarabine,57.72489931777467,3.3946108012653546,74.0,61.11951011904003,55.0,221,not_identified_as_primary_proteasome_direct_in_bounded_review,,,,,86,S1491,Fludarabine,"DNA/RNA Synthesis,STAT",JAK/STAT,Selleck  Chemicals
87,75607-67-9,Fludarabine Phosphate,64.04659967222693,11.627050169603468,95.0,75.6736498418304,99.0,221,not_identified_as_primary_proteasome_direct_in_bounded_review,,,,,87,S1229,Fludarabine Phosphate,DNA/RNA Synthesis,DNA Damage,Selleck  Chemicals
88,51-21-8,"Fluorouracil (5-Fluoracil, 5-FU)",113.15665773125147,56.14320379098751,192.0,169.29986152223898,210.0,221,not_identified_as_primary_proteasome_direct_in_bounded_review,,,,,88,S1209,"Fluorouracil (5-Fluoracil, 5-FU)",DNA/RNA Synthesis,DNA Damage,Selleck  Chemicals
89,13311-84-7,Flutamide,121.65334823980788,9.756965177289636,200.0,131.4103134170975,187.0,221,not_identified_as_primary_proteasome_direct_in_bounded_review,,,,,89,S1908,Flutamide,Androgen Receptor,Endocrinology & Hormones,Selleck  Chemicals
90,849217-64-7,Foretinib (GSK1363089),2.150851828795748,1.9310660246719102,2.0,4.081917853467658,2.0,221,not_identified_as_primary_proteasome_direct_in_bounded_review,,,1493.0,Foretinib ,90,S1111,Foretinib (GSK1363089),"c-Met,VEGFR",Protein Tyrosine Kinase,Selleck  Chemicals
91,901119-35-5,Fostamatinib (R788),17.9855932311054,4.065402157204012,18.0,22.050995388309413,14.0,221,not_identified_as_primary_proteasome_direct_in_bounded_review,,,1615.0,Fostamatinib,91,S2625,Fostamatinib (R788),Syk,Angiogenesis,Selleck  Chemicals
92,129453-61-8,Fulvestrant,152.123537408052,27.624407658201406,215.0,179.7479450662534,214.0,221,not_identified_as_primary_proteasome_direct_in_bounded_review,,,,,92,S1191,Fulvestrant,Estrogen/progestogen Receptor,Endocrinology & Hormones,Selleck  Chemicals
93,184475-35-2,Gefitinib (ZD1839),41.46329068895861,4.980117642574902,36.0,46.44340833153351,34.0,221,not_identified_as_primary_proteasome_direct_in_bounded_review,,,,,93,S1025,Gefitinib (ZD1839),EGFR,Protein Tyrosine Kinase,Selleck  Chemicals
94,184475-55-6,Gefitinib hydrochloride,98.92527487327811,0.21914531046156505,171.0,99.14442018373968,143.0,221,not_identified_as_primary_proteasome_direct_in_bounded_review,,,,,94,S5098,Gefitinib hydrochloride,EGFR,Protein Tyrosine Kinase,Selleck  Chemicals
95,95058-81-4,Gemcitabine,54.39126954886737,13.761386302135625,61.0,68.15265585100299,73.0,221,not_identified_as_primary_proteasome_direct_in_bounded_review,,,,,95,S1714,Gemcitabine,"Autophagy,DNA/RNA Synthesis",DNA Damage,Selleck  Chemicals
96,122111-03-9,Gemcitabine HCl,63.8802873086331,7.761396412180368,92.0,71.64168372081346,85.0,221,not_identified_as_primary_proteasome_direct_in_bounded_review,,,71.1,Gemcitabine,96,S1149,Gemcitabine HCl,"DNA/RNA Synthesis,Autophagy",DNA Damage,Selleck  Chemicals
97,1254053-43-4,Gilteritinib (ASP2215),7.9982331409344125,0.8400570234359938,8.0,8.838290164370406,6.0,221,not_identified_as_primary_proteasome_direct_in_bounded_review,,,15.1,Gilteritinib,97,S7754,Gilteritinib (ASP2215),"FLT3,TAM Receptor",Protein Tyrosine Kinase,Selleck  Chemicals
98,145781-92-6,Goserelin Acetate,91.20040267950802,3.7072081686414435,156.0,94.90761084814946,135.5,221,not_identified_as_primary_proteasome_direct_in_bounded_review,,,,,98,P1089,Goserelin Acetate,Others,Others,Selleck  Chemicals
99,26833-87-4,Homoharringtonine,46.202565598066975,0.803532805025732,40.0,47.00609840309271,35.0,221,not_identified_as_primary_proteasome_direct_in_bounded_review,,,,,99,S9015,Homoharringtonine,STAT,IL-6/JAK1/STAT3 signal pathway,Selleck  Chemicals
100,127-07-1,Hydroxyurea,46.82962153646791,0.5081752696505042,41.0,47.33779680611842,37.0,221,not_identified_as_primary_proteasome_direct_in_bounded_review,,,,,100,S1896,Hydroxyurea,DNA/RNA Synthesis,DNA Damage,Selleck  Chemicals
101,936563-96-1,Ibrutinib (PCI-32765),104.33473505011875,35.85684702653945,179.5,140.1915820766582,196.0,221,not_identified_as_primary_proteasome_direct_in_bounded_review,,,,,101,S2680,Ibrutinib (PCI-32765),BTK,Angiogenesis,Selleck  Chemicals
102,870281-82-6,"Idelalisib (CAL-101, GS-1101)",112.85175256946115,8.435709476198362,190.0,121.28746204565951,176.0,221,not_identified_as_primary_proteasome_direct_in_bounded_review,,,,,102,S2226,"Idelalisib (CAL-101, GS-1101)",PI3K,PI3K/Akt/mTOR,Selleck  Chemicals
103,3778-73-2,Ifosfamide,143.42357679163538,24.69731810501448,210.0,168.12089489664987,208.0,221,not_identified_as_primary_proteasome_direct_in_bounded_review,,,653.0,Ifosfamide,103,S1302,Ifosfamide,DNA/RNA Synthesis,DNA Damage,Selleck  Chemicals
104,152459-95-5,Imatinib (STI571),53.31393797720831,6.545297473098515,59.0,59.85923545030683,52.0,221,not_identified_as_primary_proteasome_direct_in_bounded_review,,,,,104,S2475,Imatinib (STI571),PDGFR,Protein Tyrosine Kinase,Selleck  Chemicals
105,220127-57-1,Imatinib Mesylate (STI571),73.80356484951655,35.12507463824273,122.0,108.92863948775928,159.0,221,not_identified_as_primary_proteasome_direct_in_bounded_review,,,,,105,S1026,Imatinib Mesylate (STI571),"Bcr-Abl,c-Kit,PDGFR",Protein Tyrosine Kinase,Selleck  Chemicals
106,99011-02-6,Imiquimod,49.38017259975964,14.883619002181176,50.0,64.26379160194081,63.0,221,not_identified_as_primary_proteasome_direct_in_bounded_review,,,,,106,S1211,Imiquimod,Immunology & Inflammation related,Immunology & Inflammation,Selleck  Chemicals
107,97682-44-5,Irinotecan,87.73060193053324,19.102166228566286,148.0,106.83276815909953,157.0,221,not_identified_as_primary_proteasome_direct_in_bounded_review,,,,,107,S1198,Irinotecan,Topoisomerase,DNA Damage/DNA Repair,Selleck  Chemicals
108,136572-09-3,Irinotecan HCl Trihydrate,60.71296990331964,14.310215593358157,79.0,75.0231854966778,96.0,221,not_identified_as_primary_proteasome_direct_in_bounded_review,,,,,108,S2217,Irinotecan HCl Trihydrate,Topoisomerase,DNA Damage,Selleck  Chemicals
109,100286-90-6,Irinotecan hydrochloride,56.137153005657844,7.195271026821334,69.0,63.332424032479175,59.0,221,not_identified_as_primary_proteasome_direct_in_bounded_review,,,,,109,S5026,Irinotecan hydrochloride,Topoisomerase,DNA Damage/DNA Repair,Selleck  Chemicals
110,219989-84-1,Ixabepilone (BMS-247550),47.93746597255435,24.105984150771956,43.0,72.04345012332631,87.0,221,not_identified_as_primary_proteasome_direct_in_bounded_review,,,,,110,S7930,Ixabepilone (BMS-247550),Microtubule Associat,Cytoskeletal Signaling,Selleck  Chemicals
111,1072833-77-2,Ixazomib (MLN2238),12.842859502242312,2.3376062403923075,14.0,15.18046574263462,10.0,221,confirmed_proteasome_direct,ixazomib,boronic_acid_ester_lineage,,,111,S2180,Ixazomib (MLN2238),Proteasome,Proteases,Selleck  Chemicals
112,1239908-20-3,Ixazomib citrate,16.764045559396948,1.9723077941540799,17.0,18.736353353551028,12.0,221,confirmed_proteasome_prodrug,ixazomib,boronic_acid_ester_lineage,3511.0,Ixazomib citrate,112,S4432,Ixazomib citrate,Proteasome,Proteases,Selleck  Chemicals
113,1201902-80-8,Ixazomib Citrate (MLN9708),21.929033323593295,4.675212480784609,22.0,26.604245804377904,20.0,221,source_annotated_proteasome_analogue,,boronic_acid_ester_lineage,1982.0,Ixazomib,113,S2181,Ixazomib Citrate (MLN9708),Proteasome,Proteases,Selleck  Chemicals
114,231277-92-2,Lapatinib,50.691753585811725,10.712334684232612,54.0,61.40408827004434,56.0,221,not_identified_as_primary_proteasome_direct_in_bounded_review,,,,,114,S2111,Lapatinib,"EGFR,HER2",Protein Tyrosine Kinase,Selleck  Chemicals
115,388082-77-7,Lapatinib (GW-572016) Ditosylate,91.81329640593037,45.817082311689276,157.0,137.63037871761964,193.0,221,not_identified_as_primary_proteasome_direct_in_bounded_review,,,,,115,S1028,Lapatinib (GW-572016) Ditosylate,"EGFR,HER2",Protein Tyrosine Kinase,Selleck  Chemicals
116,1223403-58-4,Larotrectinib,85.1008582049945,0.8765812418462602,143.0,85.97743944684075,122.0,221,not_identified_as_primary_proteasome_direct_in_bounded_review,,,,,116,S5860,Larotrectinib,Trk receptor,Protein Tyrosine Kinase,Selleck  Chemicals
117,1223405-08-0,Larotrectinib (LOXO-101) sulfate,113.35234114533104,42.20373437305608,194.0,155.5560755183871,206.0,221,not_identified_as_primary_proteasome_direct_in_bounded_review,,,,,117,S7960,Larotrectinib (LOXO-101) sulfate,Trk receptor,Protein Tyrosine Kinase,Selleck  Chemicals
118,191732-72-6,Lenalidomide (CC-5013),75.91757397126267,9.065846810564924,128.0,84.98342078182759,120.0,221,not_identified_as_primary_proteasome_direct_in_bounded_review,,,,,118,S1029,Lenalidomide (CC-5013),TNF-alpha,Apoptosis,Selleck  Chemicals
119,417716-92-8,Lenvatinib (E7080),47.66302897869473,17.68449938383748,42.0,65.34752836253222,64.0,221,not_identified_as_primary_proteasome_direct_in_bounded_review,,,,,119,S1164,Lenvatinib (E7080),VEGFR,Protein Tyrosine Kinase,Selleck  Chemicals
120,857890-39-2,lenvatinib Mesylate,55.04173389402003,8.435709476198351,62.0,63.47744337021838,60.0,221,not_identified_as_primary_proteasome_direct_in_bounded_review,,,,,120,S5240,lenvatinib Mesylate,VEGFR,Protein Tyrosine Kinase,Selleck  Chemicals
121,112809-51-5,Letrozole,85.32000351545605,17.677721710566107,144.0,102.99772522602215,149.0,221,not_identified_as_primary_proteasome_direct_in_bounded_review,,,,,121,Cayman 11568,Letrozole,Aromatase,Endocrinology & Hormones,Cayman Chemical
122,6035-45-6,Leucovorin Calcium Pentahydrate,61.81666896845337,7.597037429334231,86.0,69.4137063977876,79.0,221,not_identified_as_primary_proteasome_direct_in_bounded_review,,,,,122,S1236,Leucovorin Calcium Pentahydrate,Others,Others,Selleck  Chemicals
123,74381-53-6,Leuprolide Acetate,67.29892139799014,17.76580742698156,104.0,85.0647288249717,121.0,221,not_identified_as_primary_proteasome_direct_in_bounded_review,,,,,123,S3718,Leuprolide Acetate,Estrogen/progestogen Receptor,Endocrinology & Hormones,Selleck  Chemicals
124,80433-71-2,Levoleucovorin calcium,90.23251089163608,0.018262109205132937,153.0,90.25077300084122,130.0,221,not_identified_as_primary_proteasome_direct_in_bounded_review,,,,,124,S2588,Levoleucovorin calcium,Others,Others,Selleck  Chemicals
125,859-18-7,Lincomycin HCl,92.17918260007875,6.992491710390908,158.0,99.17167431046965,144.0,221,not_identified_as_primary_proteasome_direct_in_bounded_review,,,,,125,S2479,Lincomycin HCl,Anti-infection,Microbiology,Selleck  Chemicals
126,13010-47-4,Lomustine,75.4500527231842,10.549718597944498,126.0,85.99977132112869,123.0,221,not_identified_as_primary_proteasome_direct_in_bounded_review,,,,,126,S1840,Lomustine,DNA/RNA Synthesis,DNA Damage,Selleck  Chemicals
127,3562-63-8,Megestrol,125.6244785311786,13.38612604736049,203.0,139.01060457853907,194.0,221,not_identified_as_primary_proteasome_direct_in_bounded_review,,,,,127,S5738,Megestrol,Estrogen/progestogen Receptor,Endocrinology & Hormones,Selleck  Chemicals
128,595-33-5,Megestrol Acetate,113.27861979596761,14.106945485497896,193.0,127.38556528146552,182.0,221,not_identified_as_primary_proteasome_direct_in_bounded_review,,,,,128,S1304,Megestrol Acetate,"Androgen Receptor,Estrogen/progestogen Receptor",Endocrinology & Hormones,Selleck  Chemicals
129,50-44-2,Mercaptopurine (6-MP),115.83982315500614,65.94082298984921,196.0,181.78064614485535,215.0,221,not_identified_as_primary_proteasome_direct_in_bounded_review,,,,,129,S1305,Mercaptopurine (6-MP),DNA/RNA Synthesis,DNA Damage,Selleck  Chemicals
130,59-05-2,Methotrexate,176.78020149149435,33.864799969509455,219.0,210.6450014610038,217.0,221,not_identified_as_primary_proteasome_direct_in_bounded_review,,,,,130,S1210,Methotrexate,DHFR,Metabolism,Selleck  Chemicals
131,120685-11-2,Midostaurin (PKC412),32.195527837732044,7.688347975359854,30.0,39.8838758130919,28.0,221,not_identified_as_primary_proteasome_direct_in_bounded_review,,,,,131,S8064,Midostaurin (PKC412),PKC,Cytoskeletal Signaling,Selleck  Chemicals
132,53-19-0,Mitotane,105.63566374042404,11.911628320607885,183.0,117.54729206103192,169.0,221,not_identified_as_primary_proteasome_direct_in_bounded_review,,,,,132,S1732,Mitotane,Others,Others,Selleck  Chemicals
133,70476-82-3,Mitoxantrone 2HCl,5.118595403554682,0.5081752696505033,5.0,5.626770673205185,4.0,221,not_identified_as_primary_proteasome_direct_in_bounded_review,,,12.9,Mitoxantrone,133,S2485,Mitoxantrone 2HCl,Topoisomerase,DNA Damage,Selleck  Chemicals
134,1847461-43-1,Mobocertinib (TAK788),16.490113921319992,16.161966646540307,16.0,32.652080567860295,26.0,221,not_identified_as_primary_proteasome_direct_in_bounded_review,,,3010.0,Mobocertinib,134,S6813,Mobocertinib (TAK788),EGFR,Protein Tyrosine Kinase,Selleck  Chemicals
135,121032-29-9,Nelarabine,112.7704445263171,23.233773328420952,189.0,136.00421785473804,192.0,221,not_identified_as_primary_proteasome_direct_in_bounded_review,,,,,135,S1213,Nelarabine,DNA/RNA Synthesis,DNA Damage,Selleck  Chemicals
136,641571-10-0,Nilotinib (AMN-107),29.734605465425012,1.910739013885891,29.0,31.645344479310904,25.0,221,not_identified_as_primary_proteasome_direct_in_bounded_review,,,,,136,S1033,Nilotinib (AMN-107),Bcr-Abl,Angiogenesis,Selleck  Chemicals
137,923288-95-3,Nilotinib hydrochloride,56.01743041174898,9.655330123359548,67.0,65.67276053510852,67.0,221,not_identified_as_primary_proteasome_direct_in_bounded_review,,,,,137,S5205,Nilotinib hydrochloride,Bcr-Abl,Angiogenesis,Selleck  Chemicals
138,923288-90-8,Nilotinib hydrochloride monohydrate,49.161027289298076,16.326325629386496,47.0,65.48735291868456,65.0,221,not_identified_as_primary_proteasome_direct_in_bounded_review,,,,,138,S4895,Nilotinib hydrochloride monohydrate,Bcr-Abl,Angiogenesis,Selleck  Chemicals
139,63612-50-0,Nilutamide,104.39571608247681,30.063648952523746,181.0,134.45936503500056,189.0,221,not_identified_as_primary_proteasome_direct_in_bounded_review,,,,,139,S4836,Nilutamide,Androgen Receptor,Endocrinology & Hormones,Selleck  Chemicals
140,656247-17-5,Nintedanib (BIBF 1120),40.60955623594576,6.443662419168363,34.0,47.05321865511412,36.0,221,not_identified_as_primary_proteasome_direct_in_bounded_review,,,,,140,S1010,Nintedanib (BIBF 1120),"FGFR,PDGFR,VEGFR",Protein Tyrosine Kinase,Selleck  Chemicals
141,1038915-60-4,Niraparib (MK-4827),59.02582800807995,4.817501556286764,78.0,63.84332956436671,61.0,221,not_identified_as_primary_proteasome_direct_in_bounded_review,,,,,141,S2741,Niraparib (MK-4827),PARP,DNA Damage,Selleck  Chemicals
142,1038915-73-9,Niraparib (MK-4827) tosylate,88.05931989622559,29.03675363615714,149.0,117.09607353238273,168.0,221,not_identified_as_primary_proteasome_direct_in_bounded_review,,,,,142,S7625,Niraparib (MK-4827) tosylate,PARP,DNA Damage,Selleck  Chemicals
143,763113-22-0,"Olaparib (AZD2281, Ku-0059436)",73.01081142886179,22.380038875408122,120.5,95.3908503042699,137.5,221,not_identified_as_primary_proteasome_direct_in_bounded_review,,,,,143,S1060,"Olaparib (AZD2281, Ku-0059436)",PARP,DNA Damage,Selleck  Chemicals
144,1421373-65-0,Osimertinib (AZD9291),23.19230799960281,21.220570896361394,23.0,44.412878895964205,33.0,221,not_identified_as_primary_proteasome_direct_in_bounded_review,,,,,144,S7297,Osimertinib (AZD9291),EGFR,Protein Tyrosine Kinase,Selleck  Chemicals
145,33069-62-4,Paclitaxel,89.15045799296175,29.575800693659204,152.0,118.72625868662095,173.0,221,not_identified_as_primary_proteasome_direct_in_bounded_review,,,,,145,S1150,Paclitaxel,"Autophagy,Microtubule Associated",Cytoskeletal Signaling,Selleck  Chemicals
146,571190-30-2,Palbociclib,71.53211106558268,2.501908961102849,119.0,74.03402002668554,92.0,221,not_identified_as_primary_proteasome_direct_in_bounded_review,,,,,146,S4482,Palbociclib,CDK,Cell Cycle,Selleck  Chemicals
147,827022-32-2,Palbociclib (PD-0332991) HCl,114.2471844963824,15.632365479591586,195.0,129.879549975974,185.0,221,not_identified_as_primary_proteasome_direct_in_bounded_review,,,,,147,S1116,Palbociclib (PD-0332991) HCl,CDK,Cell Cycle,Selleck  Chemicals
148,827022-33-3,Palbociclib (PD0332991) Isethionate,106.74145761307389,1.1505128799232054,186.0,107.8919704929971,158.0,221,not_identified_as_primary_proteasome_direct_in_bounded_review,,,,,148,S1579,Palbociclib (PD0332991) Isethionate,CDK,Cell Cycle,Selleck  Chemicals
149,31645-39-3,Palifosfamide,78.28909147148089,14.700997910129875,134.0,92.99008938161076,133.0,221,not_identified_as_primary_proteasome_direct_in_bounded_review,,,,,149,S5840,Palifosfamide,DNA alkylator,DNA Damage,Selleck  Chemicals
150,404950-80-7,Panobinostat (LBH589),9.773480873553279,4.065402157204025,11.0,13.838883030757303,9.0,221,not_identified_as_primary_proteasome_direct_in_bounded_review,,,3.37,Panobinostat,150,S1030,Panobinostat (LBH589),HDAC,Epigenetics,Selleck  Chemicals
151,444731-52-6,Pazopanib,57.4403211667704,19.534257365365324,72.0,76.97457853213572,103.0,221,not_identified_as_primary_proteasome_direct_in_bounded_review,,,,,151,S3012,Pazopanib,"c-Kit,PDGFR,VEGFR",Protein Tyrosine Kinase,Selleck  Chemicals
152,635702-64-6,Pazopanib HCl (GW786034 HCl),40.97544243009411,17.54221030833534,35.0,58.51765273842945,50.0,221,not_identified_as_primary_proteasome_direct_in_bounded_review,,,31.6,Pazopanib ,152,S1035,Pazopanib HCl (GW786034 HCl),"c-Kit,PDGFR,VEGFR",Protein Tyrosine Kinase,Selleck  Chemicals
153,137281-23-3,Pemetrexed,102.57769671430417,2.2279773230258897,177.0,104.80567403733005,152.0,221,not_identified_as_primary_proteasome_direct_in_bounded_review,,,,,153,S5971,Pemetrexed,Thymidylate Synthase,Apoptosis,Selleck  Chemicals
154,150399-23-8,Pemetrexed (LY-231514) disodium,78.87347896604507,16.034131882104386,135.0,94.90761084814946,135.5,221,not_identified_as_primary_proteasome_direct_in_bounded_review,,,,,154,S1135,Pemetrexed (LY-231514) disodium,"DHFR,DNA/RNA Synthesis",Metabolism,Selleck  Chemicals
155,1513857-77-6,Pemigatinib (INCB054828),106.74145761307386,33.32834929936278,185.0,140.06980691243663,195.0,221,not_identified_as_primary_proteasome_direct_in_bounded_review,,,,,155,S0088,Pemigatinib (INCB054828),FGFR,Angiogenesis,Selleck  Chemicals
156,53910-25-1,Pentostatin,76.1341625852755,19.631767395515087,132.0,95.76592998079059,139.0,221,not_identified_as_primary_proteasome_direct_in_bounded_review,,,,,156,S9521,Pentostatin,DNA/RNA synthesis,DNA damage,Selleck  Chemicals
157,1029044-16-3,Pexidartinib (PLX3397),52.2473237449651,19.485670521874017,57.0,71.73299426683911,86.0,221,not_identified_as_primary_proteasome_direct_in_bounded_review,,,,,157,S7818,Pexidartinib (PLX3397),"CSF-1R,c-Kit",Protein Tyrosine Kinase,Selleck  Chemicals
158,54-91-1,Pipobroman,135.01120266261557,10.171994827257585,207.0,145.18319748987315,199.0,221,not_identified_as_primary_proteasome_direct_in_bounded_review,,,,,158,S4447,Pipobroman,DNA alkylator,DNA Damage/DNA Repair,Selleck  Chemicals
159,1393466-87-9,PLX8394,65.30473182663326,3.031510128051629,100.0,68.33624195468488,76.0,221,not_identified_as_primary_proteasome_direct_in_bounded_review,,,,,159,S7965,PLX8394,Raf,MAPK,Selleck  Chemicals
160,19171-19-8,Pomalidomide,101.48895354007593,19.676546440867465,174.0,121.1654999809434,175.0,221,not_identified_as_primary_proteasome_direct_in_bounded_review,,,,,160,S1567,Pomalidomide,TNF-alpha,Apoptosis,Selleck  Chemicals
161,943319-70-8,Ponatinib (AP24534),3.2891644328128726,2.866108520828833,3.0,6.155272953641706,5.0,221,not_identified_as_primary_proteasome_direct_in_bounded_review,,,152.0,Ponatinib,161,S1490,Ponatinib (AP24534),"Bcr-Abl,FGFR,PDGFR,VEGFR",Angiogenesis,Selleck  Chemicals
162,1092364-38-9,Poziotinib (HM781-36B),65.23168338981273,3.4332765305644983,99.0,68.66495992037723,77.0,221,not_identified_as_primary_proteasome_direct_in_bounded_review,,,,,162,S7358,Poziotinib (HM781-36B),"HER2,EGFR",Protein Tyrosine Kinase,Selleck  Chemicals
163,146464-95-1,Pralatrexate,92.80931993444534,1.7684499383837462,161.0,94.5777698728291,134.0,221,not_identified_as_primary_proteasome_direct_in_bounded_review,,,,,163,S1497,Pralatrexate,DHFR,Metabolism,Selleck  Chemicals
164,2097132-94-8,Pralsetinib (BLU-667),39.29948831852772,3.3602280937439737,32.0,42.65971641227169,31.0,221,not_identified_as_primary_proteasome_direct_in_bounded_review,,,,,164,S8716,Pralsetinib (BLU-667),c-RET,Apoptosis,Selleck  Chemicals
165,53-03-2,Prednisone,88.49999364780909,29.37253058579903,151.0,117.87252423360812,171.0,221,not_identified_as_primary_proteasome_direct_in_bounded_review,,,,,165,S1622,Prednisone,"Glucocorticoid Receptor,Immunology & Inflammation related",Endocrinology & Hormones,Selleck  Chemicals
166,5608-24-2,PRIMA-1,78.06994616101932,19.15695255618169,133.0,97.22689871720101,141.0,221,not_identified_as_primary_proteasome_direct_in_bounded_review,,,,,166,S7723,PRIMA-1,p53,Apoptosis,Selleck  Chemicals
167,366-70-1,Procarbazine HCl,106.13880800930457,0.25566952887182737,184.0,106.3944775381764,155.0,221,not_identified_as_primary_proteasome_direct_in_bounded_review,,,,,167,S1995,Procarbazine HCl,DNA/RNA Synthesis,DNA Damage,Selleck  Chemicals
168,318-98-9,Propranolol HCl,116.46996048937274,18.07071258877192,197.0,134.54067307814466,191.0,221,not_identified_as_primary_proteasome_direct_in_bounded_review,,,,,168,S4076,Propranolol HCl,Adrenergic Receptor,GPCR & G Protein,Selleck  Chemicals
169,950769-58-1,Quizartinib (AC220),57.745226328560705,17.196651124973013,75.0,74.94187745353372,94.0,221,not_identified_as_primary_proteasome_direct_in_bounded_review,,,,,169,S1526,Quizartinib (AC220),FLT3,Angiogenesis,Selleck  Chemicals
170,84449-90-1,Raloxifene,63.904310596724784,14.086618474711896,94.0,77.99092907143668,108.0,221,not_identified_as_primary_proteasome_direct_in_bounded_review,,,,,170,S5781,Raloxifene,Estrogen/progestogen,Endocrinology & Hormones,Selleck  Chemicals
171,82640-04-8,Raloxifene HCl,83.49954899444815,31.405231664401054,140.0,114.9047806588492,166.0,221,not_identified_as_primary_proteasome_direct_in_bounded_review,,,,,171,S1227,Raloxifene HCl,Estrogen/progestogen Receptor,Endocrinology & Hormones,Selleck  Chemicals
172,755037-03-7,Regorafenib (BAY 73-4506),55.50925514209848,18.375617750562153,64.0,73.88487289266064,91.0,221,not_identified_as_primary_proteasome_direct_in_bounded_review,,,,,172,S1178,Regorafenib (BAY 73-4506),"c-RET,VEGFR",Protein Tyrosine Kinase,Selleck  Chemicals
173,835621-07-3,Regorafenib Hydrochloride,49.32538627214426,6.556097204641747,49.0,55.881483476786,45.0,221,not_identified_as_primary_proteasome_direct_in_bounded_review,,,,,173,S4947,Regorafenib Hydrochloride,VEGFR,Protein Tyrosine Kinase,Selleck  Chemicals
174,1019206-88-2,Regorafenib Monohydrate,55.448274109740424,7.703937087901633,63.0,63.15221119764206,58.0,221,not_identified_as_primary_proteasome_direct_in_bounded_review,,,,,174,S5077,Regorafenib Monohydrate,"VEGFR,PDGFR,c-Kit,c-RET,Raf",Protein Tyrosine Kinase,Selleck  Chemicals
175,1211441-98-3,Ribociclib (LEE011),52.59430381986259,7.633561647744426,58.0,60.22786546760702,53.0,221,not_identified_as_primary_proteasome_direct_in_bounded_review,,,,,175,S7440,Ribociclib (LEE011),CDK,Cell Cycle,Selleck  Chemicals
176,1211443-80-9,Ribociclib hydrochloride,86.58008905061004,2.3558120874618,146.0,88.93590113807184,128.0,221,not_identified_as_primary_proteasome_direct_in_bounded_review,,,,,176,S5187,Ribociclib hydrochloride,CDK,Cell Cycle,Selleck  Chemicals
177,1374639-75-4,Ribociclib succinate,33.4373512636809,6.8117667335136085,31.0,40.24911799719451,29.0,221,not_identified_as_primary_proteasome_direct_in_bounded_review,,,,,177,S5188,Ribociclib succinate,CDK,Cell Cycle,Selleck  Chemicals
178,1442472-39-0,Ripretinib (DCC-2618),60.8122529621712,7.414416337282867,81.0,68.22666929945407,74.0,221,not_identified_as_primary_proteasome_direct_in_bounded_review,,,,,178,S8757,Ripretinib (DCC-2618),c-Kit,Protein Tyrosine Kinase,Selleck  Chemicals
179,128517-07-7,Romidepsin,6.409429640088081,23.558120874618055,7.0,29.967550514706137,23.0,221,not_identified_as_primary_proteasome_direct_in_bounded_review,,,8.04,Romidepsin,179,S3020,Romidepsin,HDAC,Cytoskeletal Signaling,Selleck  Chemicals
180,283173-50-2,Rucaparib,55.88148347678603,6.793504624308466,66.0,62.6749881010945,57.0,221,not_identified_as_primary_proteasome_direct_in_bounded_review,,,,,180,S4948,Rucaparib,PARP,DNA Damage/DNA Repair,Selleck  Chemicals
181,459868-92-9,"Rucaparib (AG-014699,PF-01367338) phosphate",85.43061501912007,20.814859044884546,145.0,106.24547406400461,154.0,221,not_identified_as_primary_proteasome_direct_in_bounded_review,,,,,181,S1098,"Rucaparib (AG-014699,PF-01367338) phosphate",PARP,DNA Damage,Selleck  Chemicals
182,1859053-21-6,Rucaparib Camsylate,61.54273733037642,10.847692867847373,85.0,72.3904301982238,88.0,221,not_identified_as_primary_proteasome_direct_in_bounded_review,,,,,182,S5195,Rucaparib Camsylate,PARP,DNA Damage/DNA Repair,Selleck  Chemicals
183,1092939-17-7,Ruxolitinib (phosphate),101.11672797789376,11.066838178308906,172.0,112.18356615620266,165.0,221,not_identified_as_primary_proteasome_direct_in_bounded_review,,,,,183,Chemscene CS-0326,Ruxolitinib (phosphate),DNA/RNA Synthesis,JAK,Chemscene
184,1393477-72-9,Selinexor (KPT-330),64.6107716768383,8.254473360718876,96.0,72.86524503755717,89.0,221,not_identified_as_primary_proteasome_direct_in_bounded_review,,,,,184,S7252,Selinexor (KPT-330),CRM1,Transmembrane Transporters,Selleck  Chemicals
185,606143-52-6,Selumetinib (AZD6244),57.17607002655214,10.651353651874523,71.0,67.82742367842667,71.0,221,not_identified_as_primary_proteasome_direct_in_bounded_review,,,,,185,S1008,Selumetinib (AZD6244),MEK,MAPK,Selleck  Chemicals
186,2169919-21-3,SNDX-5613,120.40151529851133,14.061824087950349,198.0,134.46333938646168,190.0,221,not_identified_as_primary_proteasome_direct_in_bounded_review,,,,,186,S8996,SNDX-5613,MLL,Epigenetics,Selleck  Chemicals
187,956697-53-3,"Sonidegib (Erismodegib, NVP-LDE225)",146.18805025853413,30.95803742710852,212.0,177.14608768564264,212.0,221,not_identified_as_primary_proteasome_direct_in_bounded_review,,,,,187,S2151,"Sonidegib (Erismodegib, NVP-LDE225)",Hedgehog/Smoothened,Stem Cells &  Wnt,Selleck  Chemicals
188,284461-73-0,Sorafenib,28.415271232270076,13.11219440928355,28.0,41.527465641553626,30.0,221,not_identified_as_primary_proteasome_direct_in_bounded_review,,,,,188,S7397,Sorafenib,Raf,MAPK,Selleck  Chemicals
189,475207-59-1,Sorafenib Tosylate,70.30731899432112,20.164394699731904,116.0,90.47171369405302,131.0,221,not_identified_as_primary_proteasome_direct_in_bounded_review,,,,,189,S1040,Sorafenib Tosylate,"PDGFR,Raf,VEGFR",MAPK,Selleck  Chemicals
190,2296729-00-3,Sotorasib (AMG510),148.85388144010432,30.205528625285513,214.0,179.05941006538984,213.0,221,not_identified_as_primary_proteasome_direct_in_bounded_review,,,,,190,S8830,Sotorasib (AMG510),Ras,Cell Cycle,Selleck  Chemicals
191,2252403-56-6,Sotorasib (AMG510) racemate,120.9311164654601,8.93017140130875,199.0,129.86128786676883,184.0,221,not_identified_as_primary_proteasome_direct_in_bounded_review,,,,,191,S8955,Sotorasib (AMG510) racemate,Ras,Cell Cycle,Selleck  Chemicals
192,557795-19-4,Sunitinib,55.75364871235012,0.09131054602565314,65.0,55.84495925837577,44.0,221,not_identified_as_primary_proteasome_direct_in_bounded_review,,,,,192,S7781,Sunitinib,"PDGFR,c-Kit,VEGFR",Protein Tyrosine Kinase,Selleck  Chemicals
193,341031-54-7,Sunitinib Malate,21.461512075514833,0.5894833127945862,21.0,22.050995388309417,15.0,221,not_identified_as_primary_proteasome_direct_in_bounded_review,,,,,193,S1042,Sunitinib Malate,"c-Kit,PDGFR,VEGFR",Protein Tyrosine Kinase,Selleck  Chemicals
194,1207456-01-6,Talazoparib (BMN 673),62.748036537915006,3.743732387051712,88.0,66.49176892496672,69.0,221,not_identified_as_primary_proteasome_direct_in_bounded_review,,,,,194,S7048,Talazoparib (BMN 673),PARP,DNA Damage/DNA Repair,Selleck  Chemicals
195,10540-29-1,Tamoxifen,53.88309427921689,21.099437195888846,60.0,74.98253147510573,95.0,221,not_identified_as_primary_proteasome_direct_in_bounded_review,,,,,195,S1238,Tamoxifen,"Estrogen/progestogen Receptor,Autophagy",Angiogenesis,Selleck  Chemicals
196,54965-24-1,Tamoxifen Citrate,74.29141310838105,8.13080431440808,124.0,82.42221742278913,117.0,221,not_identified_as_primary_proteasome_direct_in_bounded_review,,,,,196,S1972,Tamoxifen Citrate,"Estrogen/progestogen Receptor,Autophagy",Endocrinology & Hormones,Selleck  Chemicals
197,733030-01-8,TAS-102,102.63248304191956,29.146326291387947,178.0,131.7788093333075,188.0,221,not_identified_as_primary_proteasome_direct_in_bounded_review,,,,,197,S8539,TAS-102,DNA/RNA Synthesis,DNA Damage,Selleck  Chemicals
198,1448169-71-8,TAS-120,142.26126001705228,26.66267943949018,209.0,168.92393945654246,209.0,221,not_identified_as_primary_proteasome_direct_in_bounded_review,,,,,198,S8848,TAS-120,FGFR,Protein Tyrosine Kinase,Selleck  Chemicals
199,1403254-99-8,Tazemetostat (EPZ-6438),90.32382143766173,8.711026090847163,154.0,99.03484752850889,142.0,221,not_identified_as_primary_proteasome_direct_in_bounded_review,,,,,199,S7128,Tazemetostat (EPZ-6438),Histone Methyltransferase,Epigenetics,Selleck  Chemicals
200,85622-93-1,Temozolomide,93.7646894413883,17.440575254405253,163.0,111.20526469579355,164.0,221,not_identified_as_primary_proteasome_direct_in_bounded_review,,,,,200,S1237,Temozolomide,"DNA/RNA Synthesis,Autophagy",DNA Damage,Selleck  Chemicals
201,162635-04-3,"Temsirolimus (CCI-779, NSC 683864)",164.13680078258986,54.029194669241356,217.0,218.1659954518312,218.0,221,not_identified_as_primary_proteasome_direct_in_bounded_review,,,,,201,S1044,"Temsirolimus (CCI-779, NSC 683864)",mTOR,PI3K/Akt/mTOR,Selleck  Chemicals
202,154-42-7,Thioguanine,69.37227649816418,18.660195901566468,115.0,88.03247239973065,126.0,221,not_identified_as_primary_proteasome_direct_in_bounded_review,,,,,202,S1774,Thioguanine,DNA Methyltransferase,Epigenetics,Selleck  Chemicals
203,52-24-4,Thiotepa,96.87472209164937,5.7118900308716505,167.0,102.58661212252102,148.0,221,not_identified_as_primary_proteasome_direct_in_bounded_review,,,,,203,S1775,Thiotepa,Others,Others,Selleck  Chemicals
204,192185-72-1,Tipifarnib,132.36568292404047,16.363243682746194,204.0,148.72892660678667,202.0,221,not_identified_as_primary_proteasome_direct_in_bounded_review,,,,,204,S1453,Tipifarnib,Transferase,Metabolism,Selleck  Chemicals
205,183204-72-0,Tipiracil hydrochloride,101.83451272343828,3.028724607117006,176.0,104.86323733055528,153.0,221,not_identified_as_primary_proteasome_direct_in_bounded_review,,,,,205,S3731,Tipiracil hydrochloride,Phosphorylase,Others,Selleck  Chemicals
206,475108-18-0,Tivozanib (AV-951),21.400531043156775,3.9840941140599515,20.0,25.384625157216725,18.0,221,not_identified_as_primary_proteasome_direct_in_bounded_review,,,,,206,S1207,Tivozanib (AV-951),"c-Kit,PDGFR,VEGFR",Protein Tyrosine Kinase,Selleck  Chemicals
207,1903783-48-1,TK216,68.59191148355671,0.14609687364104929,109.0,68.73800835719777,78.0,221,not_identified_as_primary_proteasome_direct_in_bounded_review,,,,,207,S9718,TK216,DNA/RNA Synthesis,DNA Damage/DNA Repair,Selleck  Chemicals
208,123948-87-8,Topotecan,51.681198359606064,1.3879202995899007,56.0,53.069118659195965,42.0,221,not_identified_as_primary_proteasome_direct_in_bounded_review,,,,,208,S9321,Topotecan,Others,Others,Selleck  Chemicals
209,119413-54-6,Topotecan HCl,68.94540927165778,12.33849554711417,111.0,81.28390481877196,116.0,221,not_identified_as_primary_proteasome_direct_in_bounded_review,,,,,209,S1231,Topotecan HCl,Topoisomerase,DNA Damage,Selleck  Chemicals
210,89778-27-8,Toremifene Citrate,75.99888201440675,3.252321725763217,129.0,79.25120374016996,109.0,221,not_identified_as_primary_proteasome_direct_in_bounded_review,,,,,210,S1776,Toremifene Citrate,Estrogen/progestogen Receptor,Endocrinology & Hormones,Selleck  Chemicals
211,1802220-02-5,TPX-0005,48.485329248708254,6.1908550205391935,44.0,54.67618426924745,43.0,221,not_identified_as_primary_proteasome_direct_in_bounded_review,,,,,211,S8583,TPX-0005,"Src,ALK",Protein Tyrosine Kinase,Selleck  Chemicals
212,114899-77-3,Trabectedin,8.14433001457546,16.326325629386496,9.0,24.470655643961955,16.0,221,not_identified_as_primary_proteasome_direct_in_bounded_review,,,177.0,Trabectedin,212,HY-50936 ,Trabectedin,DNA alkylator,DNA Damage,MedChemExpress
213,1187431-43-1,Trametinib DMSO solvate,45.19814959178481,10.939003413873039,38.0,56.13715300565785,46.0,221,not_identified_as_primary_proteasome_direct_in_bounded_review,,,,,213,S4484,Trametinib DMSO solvate,MEK,MAPK,Selleck  Chemicals
214,56124-62-0,Valrubicin,69.26760952414652,21.45797831602808,113.0,90.7255878401746,132.0,221,not_identified_as_primary_proteasome_direct_in_bounded_review,,,,,214,S9522,Valrubicin,PKC,TGF-beta/Smad,Selleck  Chemicals
215,443913-73-3,Vandetanib (ZD6474),92.5335366514825,16.43589828461726,159.0,108.96943493609976,160.0,221,not_identified_as_primary_proteasome_direct_in_bounded_review,,,,,215,S1046,Vandetanib (ZD6474),VEGFR,Protein Tyrosine Kinase,Selleck  Chemicals
216,918504-65-1,"Vemurafenib (PLX4032, RG7204)",143.74880896421172,1.8091039599557917,211.0,145.5579129241675,200.0,221,not_identified_as_primary_proteasome_direct_in_bounded_review,,,,,216,S1267,"Vemurafenib (PLX4032, RG7204)",Raf,MAPK,Selleck  Chemicals
217,1257044-40-8,"Venetoclax (ABT-199, GDC-0199)",79.54917700663486,9.204103039385735,136.0,88.75328004602059,127.0,221,not_identified_as_primary_proteasome_direct_in_bounded_review,,,,,217,S8048,"Venetoclax (ABT-199, GDC-0199)",Bcl-2,Apoptosis,Selleck  Chemicals
218,143-67-9,Vinblastine sulfate,63.883983585938765,13.415827118773295,93.0,77.29981070471206,104.0,221,not_identified_as_primary_proteasome_direct_in_bounded_review,,,,,218,S4505,Vinblastine sulfate,"Microtubule Associated,AChR",Cytoskeletal Signaling,Selleck  Chemicals
219,2068-78-2,Vincristine sulfate,48.78101457192584,0.8334074422268216,45.0,49.61442201415266,39.0,221,not_identified_as_primary_proteasome_direct_in_bounded_review,,,,,219,S1241,Vincristine sulfate,"Autophagy,Microtubule Associated",Cytoskeletal Signaling,Selleck  Chemicals
220,125317-39-7,Vinorelbine Tartrate,63.558751413362444,6.707913559386656,90.0,70.2666649727491,80.0,221,not_identified_as_primary_proteasome_direct_in_bounded_review,,,,,220,S4269,Vinorelbine Tartrate,Microtubule Associated,Cytoskeletal Signaling,Selleck  Chemicals
221,879085-55-9,Vismodegib (GDC-0449),80.47082438733116,37.157775716844746,138.0,117.62860010417592,170.0,221,not_identified_as_primary_proteasome_direct_in_bounded_review,,,,,221,S1082,Vismodegib (GDC-0449),Hedgehog/Smoothened,Stem Cells &  Wnt,Selleck  Chemicals
222,149647-78-9,"Vorinostat (SAHA, MK0683)",41.76819585074891,6.423335408382317,37.0,48.191531259131224,38.0,221,not_identified_as_primary_proteasome_direct_in_bounded_review,,,,,222,S1047,"Vorinostat (SAHA, MK0683)","Autophagy,HDAC",Epigenetics,Selleck  Chemicals
223,1691249-45-2,Zanubrutinib (BGB-3111),101.26282485153479,22.40760799469488,173.0,123.67043284622967,178.0,221,not_identified_as_primary_proteasome_direct_in_bounded_review,,,,,223,S8791,Zanubrutinib (BGB-3111),BTK,Protein Tyrosine Kinase,Selleck  Chemicals
224,118072-93-8,Zoledronic Acid,58.803420949606874,15.723676025617143,77.0,74.52709697522401,93.0,221,not_identified_as_primary_proteasome_direct_in_bounded_review,,,,,224,S1314,Zoledronic Acid,Ras,Cell Cycle,Selleck  Chemicals
