classification	overwrite_scope	conflicting_overwrite	nct_id	shard	query_family	outcome_measure_index	outcome_measure_title	outcome_measure_type	param_type	unit_of_measure	time_frame	population_description	group_id	group_title	n_classes_in_om	classes_contributing	class_titles_contributing	cells_CR	cells_PR	cells_SD	cells_PD	evaluable_n_sum_of_cells	reported_denominator_participants	all_categories_in_contributing_classes_sum	sum_minus_reported_denominator	categories_matched	categories_dropped	reason	source_pointer
valid	none	False	NCT03894540	ctg_results_bor_2018_2021	bor	3	Best Overall Response (BOR) in Part A	SECONDARY	COUNT_OF_PARTICIPANTS	Participants	RECIST assessments performed at baseline (within 28 days before start of study drug), every 6 weeks +/-1 week for first 24 weeks, then every 12 weeks +/-2 weeks thereafter. Up to data cut-off for study termination (maximum of 247 days).	Efficacy population included all participants who received at least one dose of IPN60090.	OG000	IPN60090 20 mg	1	0	<untitled>	0	0	1	0	1	1	1	0	CR | PR | SD | PD	Not evaluable	single class, unit Participants, sum of cells equals the reported denominator	ctg_results_bor_2018_2021.txt :: studies[nct=NCT03894540] :: outcomeMeasures[3] :: groups[OG000]
valid	none	False	NCT03894540	ctg_results_bor_2018_2021	bor	3	Best Overall Response (BOR) in Part A	SECONDARY	COUNT_OF_PARTICIPANTS	Participants	RECIST assessments performed at baseline (within 28 days before start of study drug), every 6 weeks +/-1 week for first 24 weeks, then every 12 weeks +/-2 weeks thereafter. Up to data cut-off for study termination (maximum of 247 days).	Efficacy population included all participants who received at least one dose of IPN60090.	OG001	IPN60090 40 mg	1	0	<untitled>	0	0	1	0	1	1	1	0	CR | PR | SD | PD	Not evaluable	single class, unit Participants, sum of cells equals the reported denominator	ctg_results_bor_2018_2021.txt :: studies[nct=NCT03894540] :: outcomeMeasures[3] :: groups[OG001]
valid	none	False	NCT03894540	ctg_results_bor_2018_2021	bor	3	Best Overall Response (BOR) in Part A	SECONDARY	COUNT_OF_PARTICIPANTS	Participants	RECIST assessments performed at baseline (within 28 days before start of study drug), every 6 weeks +/-1 week for first 24 weeks, then every 12 weeks +/-2 weeks thereafter. Up to data cut-off for study termination (maximum of 247 days).	Efficacy population included all participants who received at least one dose of IPN60090.	OG002	IPN60090 80 mg	1	0	<untitled>	0	0	1	0	1	1	1	0	CR | PR | SD | PD	Not evaluable	single class, unit Participants, sum of cells equals the reported denominator	ctg_results_bor_2018_2021.txt :: studies[nct=NCT03894540] :: outcomeMeasures[3] :: groups[OG002]
valid	none	False	NCT03894540	ctg_results_bor_2018_2021	bor	3	Best Overall Response (BOR) in Part A	SECONDARY	COUNT_OF_PARTICIPANTS	Participants	RECIST assessments performed at baseline (within 28 days before start of study drug), every 6 weeks +/-1 week for first 24 weeks, then every 12 weeks +/-2 weeks thereafter. Up to data cut-off for study termination (maximum of 247 days).	Efficacy population included all participants who received at least one dose of IPN60090.	OG003	IPN60090 120 mg	1	0	<untitled>	0	0	3	1	4	4	4	0	CR | PR | SD | PD	Not evaluable	single class, unit Participants, sum of cells equals the reported denominator	ctg_results_bor_2018_2021.txt :: studies[nct=NCT03894540] :: outcomeMeasures[3] :: groups[OG003]
valid	none	False	NCT03894540	ctg_results_bor_2018_2021	bor	3	Best Overall Response (BOR) in Part A	SECONDARY	COUNT_OF_PARTICIPANTS	Participants	RECIST assessments performed at baseline (within 28 days before start of study drug), every 6 weeks +/-1 week for first 24 weeks, then every 12 weeks +/-2 weeks thereafter. Up to data cut-off for study termination (maximum of 247 days).	Efficacy population included all participants who received at least one dose of IPN60090.	OG004	IPN60090 180 mg	1	0	<untitled>	0	0	9	2	11	11	11	0	CR | PR | SD | PD	Not evaluable	single class, unit Participants, sum of cells equals the reported denominator	ctg_results_bor_2018_2021.txt :: studies[nct=NCT03894540] :: outcomeMeasures[3] :: groups[OG004]
valid	none	False	NCT03894540	ctg_results_bor_2018_2021	bor	3	Best Overall Response (BOR) in Part A	SECONDARY	COUNT_OF_PARTICIPANTS	Participants	RECIST assessments performed at baseline (within 28 days before start of study drug), every 6 weeks +/-1 week for first 24 weeks, then every 12 weeks +/-2 weeks thereafter. Up to data cut-off for study termination (maximum of 247 days).	Efficacy population included all participants who received at least one dose of IPN60090.	OG005	IPN60090 240 mg	1	0	<untitled>	0	0	2	2	4	4	4	0	CR | PR | SD | PD	Not evaluable	single class, unit Participants, sum of cells equals the reported denominator	ctg_results_bor_2018_2021.txt :: studies[nct=NCT03894540] :: outcomeMeasures[3] :: groups[OG005]
unsupported	none	False	NCT03679754	ctg_results_bor_2018_2021	bor	10	Tumor Objective Response Rate (ORR)	SECONDARY	COUNT_OF_PARTICIPANTS	Participants	48 weeks	The Evaluable Safety Population (ESP) includes subjects who have received Ad-RTS-hIL-12 and at least one dose of veledimex after Ad-RTS-hIL-12 administration. The Evaluable Safety Population (ESP) inc	OG000	Ad-RTS-hIL-12 + Veledimex	1	0	<untitled>	1	1	27	6	35	36	36	-1	Complete Response | Partial Response | Stable Disease | Progressive Disease	Not Evaluable | No Response | Missing	sum of cells 35 != reported denominator 36 (difference -1)	ctg_results_bor_2018_2021.txt :: studies[nct=NCT03679754] :: outcomeMeasures[10] :: groups[OG000]
unsupported	none	False	NCT04099641	ctg_results_bor_2018_2021	bor	2	Objective Response Rate (ORR)	PRIMARY	COUNT_OF_PARTICIPANTS	Participants	From date of first dose until the date of CR, PR, first documented progression or date of death from any cause, whichever came first. Maximum exposure: 567 days.	The efficacy population include all participants enrolled in the study.	OG000	Group 1 (CPI Naïve)	1	0	<untitled>	2	6	16	31	55	61	61	-6	Complete Response | Partial Response | Stable Disease | Progressive Disease	Not Evaluable	sum of cells 55 != reported denominator 61 (difference -6)	ctg_results_bor_2018_2021.txt :: studies[nct=NCT04099641] :: outcomeMeasures[2] :: groups[OG000]
unsupported	none	False	NCT04099641	ctg_results_bor_2018_2021	bor	2	Objective Response Rate (ORR)	PRIMARY	COUNT_OF_PARTICIPANTS	Participants	From date of first dose until the date of CR, PR, first documented progression or date of death from any cause, whichever came first. Maximum exposure: 567 days.	The efficacy population include all participants enrolled in the study.	OG001	Group 2 (CPI Relapse)	1	0	<untitled>	0	1	9	8	18	19	19	-1	Complete Response | Partial Response | Stable Disease | Progressive Disease	Not Evaluable	sum of cells 18 != reported denominator 19 (difference -1)	ctg_results_bor_2018_2021.txt :: studies[nct=NCT04099641] :: outcomeMeasures[2] :: groups[OG001]
unsupported	none	False	NCT03256344	ctg_results_bor_2018_2021	bor	2	Best Overall Response (BOR)	SECONDARY	COUNT_OF_PARTICIPANTS	Participants	Every 12 weeks (± 28 days) up to approximately 3.5 years.	Safety Analysis Set: All participants who received at least 1 dose of talimogene laherparepvec or atezolizumab.	OG000	Talimogene Laherparepvec With Atezolizumab: Triple Negative Breast Cancer (TNBC)	1	0	<untitled>	0	1	1	3	5	10	10	-5	CR | PR | SD | PD	UE | Not done	sum of cells 5 != reported denominator 10 (difference -5)	ctg_results_bor_2018_2021.txt :: studies[nct=NCT03256344] :: outcomeMeasures[2] :: groups[OG000]
unsupported	none	False	NCT03256344	ctg_results_bor_2018_2021	bor	2	Best Overall Response (BOR)	SECONDARY	COUNT_OF_PARTICIPANTS	Participants	Every 12 weeks (± 28 days) up to approximately 3.5 years.	Safety Analysis Set: All participants who received at least 1 dose of talimogene laherparepvec or atezolizumab.	OG001	Talimogene Laherparepvec With Atezolizumab: Colorectal Cancer (CRC)	1	0	<untitled>	0	0	1	4	5	24	24	-19	CR | PR | SD | PD	UE | Not done	sum of cells 5 != reported denominator 24 (difference -19)	ctg_results_bor_2018_2021.txt :: studies[nct=NCT03256344] :: outcomeMeasures[2] :: groups[OG001]
unsupported	none	False	NCT04306900	ctg_results_bor_2018_2021	bor	3	Best Response (BOR)	SECONDARY	COUNT_OF_PARTICIPANTS	Participants	Through study completion, an average of 1 year		OG000	Cohort 1 - Safety Lead-in (TTX-030 + Budigalimab + mFOLFOX6)	1	0	<untitled>	0	1	2	3	6	7	7	-1	CR | PR | Stable Disease | PD	NE	sum of cells 6 != reported denominator 7 (difference -1)	ctg_results_bor_2018_2021.txt :: studies[nct=NCT04306900] :: outcomeMeasures[3] :: groups[OG000]
unsupported	none	False	NCT04306900	ctg_results_bor_2018_2021	bor	3	Best Response (BOR)	SECONDARY	COUNT_OF_PARTICIPANTS	Participants	Through study completion, an average of 1 year		OG001	Cohort 3B - Gastric (TTX-030 + Budigalimab + mFOLFOX6)	1	0	<untitled>	5	18	14	2	39	41	41	-2	CR | PR | Stable Disease | PD	NE	sum of cells 39 != reported denominator 41 (difference -2)	ctg_results_bor_2018_2021.txt :: studies[nct=NCT04306900] :: outcomeMeasures[3] :: groups[OG001]
valid	none	False	NCT04306900	ctg_results_bor_2018_2021	bor	3	Best Response (BOR)	SECONDARY	COUNT_OF_PARTICIPANTS	Participants	Through study completion, an average of 1 year		OG002	Cohort 12 - Gastric (Budigalimab + mFOLFOX6)	1	0	<untitled>	2	14	6	1	23	23	23	0	CR | PR | Stable Disease | PD	NE	single class, unit Participants, sum of cells equals the reported denominator	ctg_results_bor_2018_2021.txt :: studies[nct=NCT04306900] :: outcomeMeasures[3] :: groups[OG002]
valid	none	False	NCT04306900	ctg_results_bor_2018_2021	bor	3	Best Response (BOR)	SECONDARY	COUNT_OF_PARTICIPANTS	Participants	Through study completion, an average of 1 year		OG003	Cohort 3A - Gastric (TTX-030 + mFOLFOX6)	1	0	<untitled>	0	3	0	1	4	4	4	0	CR | PR | Stable Disease | PD	NE	single class, unit Participants, sum of cells equals the reported denominator	ctg_results_bor_2018_2021.txt :: studies[nct=NCT04306900] :: outcomeMeasures[3] :: groups[OG003]
valid	none	False	NCT04306900	ctg_results_bor_2018_2021	bor	3	Best Response (BOR)	SECONDARY	COUNT_OF_PARTICIPANTS	Participants	Through study completion, an average of 1 year		OG004	Cohort 2 - mCRPC (TTX-030 + Budigalimab + Docetaxel)	1	0	<untitled>	0	0	7	0	7	7	7	0	CR | PR | Stable Disease | PD	NE	single class, unit Participants, sum of cells equals the reported denominator	ctg_results_bor_2018_2021.txt :: studies[nct=NCT04306900] :: outcomeMeasures[3] :: groups[OG004]
unsupported	none	False	NCT04306900	ctg_results_bor_2018_2021	bor	3	Best Response (BOR)	SECONDARY	COUNT_OF_PARTICIPANTS	Participants	Through study completion, an average of 1 year		OG005	Cohort 9 - Pancreatic (TTX-030 + Budigalimab + Gemcitabine + Nab-Paclitaxel)	1	0	<untitled>	0	9	13	3	25	27	27	-2	CR | PR | Stable Disease | PD	NE	sum of cells 25 != reported denominator 27 (difference -2)	ctg_results_bor_2018_2021.txt :: studies[nct=NCT04306900] :: outcomeMeasures[3] :: groups[OG005]
valid	none	False	NCT04306900	ctg_results_bor_2018_2021	bor	3	Best Response (BOR)	SECONDARY	COUNT_OF_PARTICIPANTS	Participants	Through study completion, an average of 1 year		OG006	Cohort 11 - Pancreatic (TTX-030 + Gemcitabine + Nab-Paclitaxel)	1	0	<untitled>	0	4	10	3	17	17	17	0	CR | PR | Stable Disease | PD	NE	single class, unit Participants, sum of cells equals the reported denominator	ctg_results_bor_2018_2021.txt :: studies[nct=NCT04306900] :: outcomeMeasures[3] :: groups[OG006]
unsupported	none	False	NCT04306900	ctg_results_bor_2018_2021	bor	3	Best Response (BOR)	SECONDARY	COUNT_OF_PARTICIPANTS	Participants	Through study completion, an average of 1 year		OG007	Cohort 4 - CRC (TTX-030 + Budigalimab)	1	0	<untitled>	0	0	3	8	11	12	12	-1	CR | PR | Stable Disease | PD	NE	sum of cells 11 != reported denominator 12 (difference -1)	ctg_results_bor_2018_2021.txt :: studies[nct=NCT04306900] :: outcomeMeasures[3] :: groups[OG007]
unsupported	none	False	NCT04306900	ctg_results_bor_2018_2021	bor	3	Best Response (BOR)	SECONDARY	COUNT_OF_PARTICIPANTS	Participants	Through study completion, an average of 1 year		OG008	Cohort 6 - HNSCC (TTX-030 + Budigalimab)	1	0	<untitled>	0	0	3	1	4	5	5	-1	CR | PR | Stable Disease | PD	NE	sum of cells 4 != reported denominator 5 (difference -1)	ctg_results_bor_2018_2021.txt :: studies[nct=NCT04306900] :: outcomeMeasures[3] :: groups[OG008]
unsupported	none	False	NCT04306900	ctg_results_bor_2018_2021	bor	3	Best Response (BOR)	SECONDARY	COUNT_OF_PARTICIPANTS	Participants	Through study completion, an average of 1 year		OG009	Cohort 8 - GEC (TTX-030 + Budigalimab)	1	0	<untitled>	1	1	5	11	18	22	22	-4	CR | PR | Stable Disease | PD	NE	sum of cells 18 != reported denominator 22 (difference -4)	ctg_results_bor_2018_2021.txt :: studies[nct=NCT04306900] :: outcomeMeasures[3] :: groups[OG009]
valid	none	False	NCT04306900	ctg_results_bor_2018_2021	bor	3	Best Response (BOR)	SECONDARY	COUNT_OF_PARTICIPANTS	Participants	Through study completion, an average of 1 year		OG010	Cohort 10 - UCC (TTX-030 + Pembrolizumab)	1	0	<untitled>	1	0	2	5	8	8	8	0	CR | PR | Stable Disease | PD	NE	single class, unit Participants, sum of cells equals the reported denominator	ctg_results_bor_2018_2021.txt :: studies[nct=NCT04306900] :: outcomeMeasures[3] :: groups[OG010]
unsupported	none	False	NCT04539327	ctg_results_bor_2018_2021	bor	16	Objective Response Rate (ORR)	PRIMARY	COUNT_OF_PARTICIPANTS	Participants	0-24 months		OG000	Rucaparib - Treatment	1	0	<untitled>	4	0	4	11	19	28	28	-9	Complete Response | Partial Response | Stable Disease | Progressive Disease	Not asssessable	sum of cells 19 != reported denominator 28 (difference -9)	ctg_results_bor_2018_2021.txt :: studies[nct=NCT04539327] :: outcomeMeasures[16] :: groups[OG000]
valid	none	False	NCT03829501	ctg_results_bor_2018_2021	bor	6	Best Overall Response (BOR) Per RECIST 1.1	SECONDARY	COUNT_OF_PARTICIPANTS	Participants	From first dose of study treatment (Day 1) up to the end of the long term follow-up, approximately 236 and 162 weeks for Phase 1 and 2, respectively	Full Analysis Set: all participants who were allocated to study drug, regardless of treatment ultimately received.	OG000	Alomfilimab 0.8 mg	1	0	<untitled>	0	0	1	3	4	4	4	0	CR | PR | SD | PD	NE	single class, unit Participants, sum of cells equals the reported denominator	ctg_results_bor_2018_2021.txt :: studies[nct=NCT03829501] :: outcomeMeasures[6] :: groups[OG000]
unsupported	none	False	NCT03829501	ctg_results_bor_2018_2021	bor	6	Best Overall Response (BOR) Per RECIST 1.1	SECONDARY	COUNT_OF_PARTICIPANTS	Participants	From first dose of study treatment (Day 1) up to the end of the long term follow-up, approximately 236 and 162 weeks for Phase 1 and 2, respectively	Full Analysis Set: all participants who were allocated to study drug, regardless of treatment ultimately received.	OG001	Alomfilimab 2.4 mg	1	0	<untitled>	0	0	0	3	3	5	5	-2	CR | PR | SD | PD	NE	sum of cells 3 != reported denominator 5 (difference -2)	ctg_results_bor_2018_2021.txt :: studies[nct=NCT03829501] :: outcomeMeasures[6] :: groups[OG001]
valid	none	False	NCT03829501	ctg_results_bor_2018_2021	bor	6	Best Overall Response (BOR) Per RECIST 1.1	SECONDARY	COUNT_OF_PARTICIPANTS	Participants	From first dose of study treatment (Day 1) up to the end of the long term follow-up, approximately 236 and 162 weeks for Phase 1 and 2, respectively	Full Analysis Set: all participants who were allocated to study drug, regardless of treatment ultimately received.	OG002	Alomfilimab 8 mg	1	0	<untitled>	0	0	2	7	9	9	9	0	CR | PR | SD | PD	NE	single class, unit Participants, sum of cells equals the reported denominator	ctg_results_bor_2018_2021.txt :: studies[nct=NCT03829501] :: outcomeMeasures[6] :: groups[OG002]
unsupported	none	False	NCT03829501	ctg_results_bor_2018_2021	bor	6	Best Overall Response (BOR) Per RECIST 1.1	SECONDARY	COUNT_OF_PARTICIPANTS	Participants	From first dose of study treatment (Day 1) up to the end of the long term follow-up, approximately 236 and 162 weeks for Phase 1 and 2, respectively	Full Analysis Set: all participants who were allocated to study drug, regardless of treatment ultimately received.	OG003	Alomfilimab 24 mg	1	0	<untitled>	0	0	2	3	5	8	8	-3	CR | PR | SD | PD	NE	sum of cells 5 != reported denominator 8 (difference -3)	ctg_results_bor_2018_2021.txt :: studies[nct=NCT03829501] :: outcomeMeasures[6] :: groups[OG003]
unsupported	none	False	NCT03829501	ctg_results_bor_2018_2021	bor	6	Best Overall Response (BOR) Per RECIST 1.1	SECONDARY	COUNT_OF_PARTICIPANTS	Participants	From first dose of study treatment (Day 1) up to the end of the long term follow-up, approximately 236 and 162 weeks for Phase 1 and 2, respectively	Full Analysis Set: all participants who were allocated to study drug, regardless of treatment ultimately received.	OG004	Alomfilimab 80 mg	1	0	<untitled>	0	0	2	4	6	7	7	-1	CR | PR | SD | PD	NE	sum of cells 6 != reported denominator 7 (difference -1)	ctg_results_bor_2018_2021.txt :: studies[nct=NCT03829501] :: outcomeMeasures[6] :: groups[OG004]
valid	none	False	NCT03829501	ctg_results_bor_2018_2021	bor	6	Best Overall Response (BOR) Per RECIST 1.1	SECONDARY	COUNT_OF_PARTICIPANTS	Participants	From first dose of study treatment (Day 1) up to the end of the long term follow-up, approximately 236 and 162 weeks for Phase 1 and 2, respectively	Full Analysis Set: all participants who were allocated to study drug, regardless of treatment ultimately received.	OG005	Alomfilimab 240 mg	1	0	<untitled>	0	0	1	4	5	5	5	0	CR | PR | SD | PD	NE	single class, unit Participants, sum of cells equals the reported denominator	ctg_results_bor_2018_2021.txt :: studies[nct=NCT03829501] :: outcomeMeasures[6] :: groups[OG005]
unsupported	none	False	NCT03829501	ctg_results_bor_2018_2021	bor	6	Best Overall Response (BOR) Per RECIST 1.1	SECONDARY	COUNT_OF_PARTICIPANTS	Participants	From first dose of study treatment (Day 1) up to the end of the long term follow-up, approximately 236 and 162 weeks for Phase 1 and 2, respectively	Full Analysis Set: all participants who were allocated to study drug, regardless of treatment ultimately received.	OG006	Alomfilimab 0.8 mg + Atezolizumab	1	0	<untitled>	0	0	3	1	4	5	5	-1	CR | PR | SD | PD	NE	sum of cells 4 != reported denominator 5 (difference -1)	ctg_results_bor_2018_2021.txt :: studies[nct=NCT03829501] :: outcomeMeasures[6] :: groups[OG006]
unsupported	none	False	NCT03829501	ctg_results_bor_2018_2021	bor	6	Best Overall Response (BOR) Per RECIST 1.1	SECONDARY	COUNT_OF_PARTICIPANTS	Participants	From first dose of study treatment (Day 1) up to the end of the long term follow-up, approximately 236 and 162 weeks for Phase 1 and 2, respectively	Full Analysis Set: all participants who were allocated to study drug, regardless of treatment ultimately received.	OG007	Alomfilimab 2.4 mg + Atezolizumab	1	0	<untitled>	1	3	12	20	36	43	43	-7	CR | PR | SD | PD	NE	sum of cells 36 != reported denominator 43 (difference -7)	ctg_results_bor_2018_2021.txt :: studies[nct=NCT03829501] :: outcomeMeasures[6] :: groups[OG007]
unsupported	none	False	NCT03829501	ctg_results_bor_2018_2021	bor	6	Best Overall Response (BOR) Per RECIST 1.1	SECONDARY	COUNT_OF_PARTICIPANTS	Participants	From first dose of study treatment (Day 1) up to the end of the long term follow-up, approximately 236 and 162 weeks for Phase 1 and 2, respectively	Full Analysis Set: all participants who were allocated to study drug, regardless of treatment ultimately received.	OG008	Alomfilimab 8 mg + Atezolizumab	1	0	<untitled>	0	2	8	22	32	36	36	-4	CR | PR | SD | PD	NE	sum of cells 32 != reported denominator 36 (difference -4)	ctg_results_bor_2018_2021.txt :: studies[nct=NCT03829501] :: outcomeMeasures[6] :: groups[OG008]
valid	none	False	NCT03829501	ctg_results_bor_2018_2021	bor	6	Best Overall Response (BOR) Per RECIST 1.1	SECONDARY	COUNT_OF_PARTICIPANTS	Participants	From first dose of study treatment (Day 1) up to the end of the long term follow-up, approximately 236 and 162 weeks for Phase 1 and 2, respectively	Full Analysis Set: all participants who were allocated to study drug, regardless of treatment ultimately received.	OG009	Alomfilimab 24 mg + Atezolizumab	1	0	<untitled>	0	1	1	7	9	9	9	0	CR | PR | SD | PD	NE	single class, unit Participants, sum of cells equals the reported denominator	ctg_results_bor_2018_2021.txt :: studies[nct=NCT03829501] :: outcomeMeasures[6] :: groups[OG009]
unsupported	none	False	NCT03829501	ctg_results_bor_2018_2021	bor	6	Best Overall Response (BOR) Per RECIST 1.1	SECONDARY	COUNT_OF_PARTICIPANTS	Participants	From first dose of study treatment (Day 1) up to the end of the long term follow-up, approximately 236 and 162 weeks for Phase 1 and 2, respectively	Full Analysis Set: all participants who were allocated to study drug, regardless of treatment ultimately received.	OG010	Alomfilimab 80 mg + Atezolizumab	1	0	<untitled>	0	0	4	2	6	9	9	-3	CR | PR | SD | PD	NE	sum of cells 6 != reported denominator 9 (difference -3)	ctg_results_bor_2018_2021.txt :: studies[nct=NCT03829501] :: outcomeMeasures[6] :: groups[OG010]
valid	none	False	NCT03829501	ctg_results_bor_2018_2021	bor	6	Best Overall Response (BOR) Per RECIST 1.1	SECONDARY	COUNT_OF_PARTICIPANTS	Participants	From first dose of study treatment (Day 1) up to the end of the long term follow-up, approximately 236 and 162 weeks for Phase 1 and 2, respectively	Full Analysis Set: all participants who were allocated to study drug, regardless of treatment ultimately received.	OG011	Alomfilimab 2.4 mg + Atezolizumab in Anti-PD-(L)1 Naïve Pancreatic Cancer	1	0	<untitled>	0	0	6	9	15	15	15	0	CR | PR | SD | PD	NE	single class, unit Participants, sum of cells equals the reported denominator	ctg_results_bor_2018_2021.txt :: studies[nct=NCT03829501] :: outcomeMeasures[6] :: groups[OG011]
unsupported	none	False	NCT03829501	ctg_results_bor_2018_2021	bor	6	Best Overall Response (BOR) Per RECIST 1.1	SECONDARY	COUNT_OF_PARTICIPANTS	Participants	From first dose of study treatment (Day 1) up to the end of the long term follow-up, approximately 236 and 162 weeks for Phase 1 and 2, respectively	Full Analysis Set: all participants who were allocated to study drug, regardless of treatment ultimately received.	OG012	Alomfilimab 8 mg + Atezolizumab in Anti-PD-(L)1 Naïve Pancreatic Cancer	1	0	<untitled>	0	0	0	11	11	14	14	-3	CR | PR | SD | PD	NE	sum of cells 11 != reported denominator 14 (difference -3)	ctg_results_bor_2018_2021.txt :: studies[nct=NCT03829501] :: outcomeMeasures[6] :: groups[OG012]
unsupported	none	False	NCT03829501	ctg_results_bor_2018_2021	bor	6	Best Overall Response (BOR) Per RECIST 1.1	SECONDARY	COUNT_OF_PARTICIPANTS	Participants	From first dose of study treatment (Day 1) up to the end of the long term follow-up, approximately 236 and 162 weeks for Phase 1 and 2, respectively	Full Analysis Set: all participants who were allocated to study drug, regardless of treatment ultimately received.	OG013	Alomfilimab 2.4 mg + Atezolizumab in Anti-PD-(L)1 Naïve Triple Negative BC	1	0	<untitled>	0	0	1	5	6	7	7	-1	CR | PR | SD | PD	NE	sum of cells 6 != reported denominator 7 (difference -1)	ctg_results_bor_2018_2021.txt :: studies[nct=NCT03829501] :: outcomeMeasures[6] :: groups[OG013]
unsupported	none	False	NCT03829501	ctg_results_bor_2018_2021	bor	6	Best Overall Response (BOR) Per RECIST 1.1	SECONDARY	COUNT_OF_PARTICIPANTS	Participants	From first dose of study treatment (Day 1) up to the end of the long term follow-up, approximately 236 and 162 weeks for Phase 1 and 2, respectively	Full Analysis Set: all participants who were allocated to study drug, regardless of treatment ultimately received.	OG014	Alomfilimab 8 mg + Atezolizumab in Anti-PD-(L)1 Naïve Triple Negative BC	1	0	<untitled>	0	1	4	8	13	14	14	-1	CR | PR | SD | PD	NE	sum of cells 13 != reported denominator 14 (difference -1)	ctg_results_bor_2018_2021.txt :: studies[nct=NCT03829501] :: outcomeMeasures[6] :: groups[OG014]
unsupported	none	False	NCT03829501	ctg_results_bor_2018_2021	bor	6	Best Overall Response (BOR) Per RECIST 1.1	SECONDARY	COUNT_OF_PARTICIPANTS	Participants	From first dose of study treatment (Day 1) up to the end of the long term follow-up, approximately 236 and 162 weeks for Phase 1 and 2, respectively	Full Analysis Set: all participants who were allocated to study drug, regardless of treatment ultimately received.	OG015	Alomfilimab 8 mg + Atezolizumab in Anti-PD-(L)1 Naïve HNSCC	1	0	<untitled>	0	0	2	2	4	5	5	-1	CR | PR | SD | PD	NE	sum of cells 4 != reported denominator 5 (difference -1)	ctg_results_bor_2018_2021.txt :: studies[nct=NCT03829501] :: outcomeMeasures[6] :: groups[OG015]
unsupported	none	False	NCT03829501	ctg_results_bor_2018_2021	bor	6	Best Overall Response (BOR) Per RECIST 1.1	SECONDARY	COUNT_OF_PARTICIPANTS	Participants	From first dose of study treatment (Day 1) up to the end of the long term follow-up, approximately 236 and 162 weeks for Phase 1 and 2, respectively	Full Analysis Set: all participants who were allocated to study drug, regardless of treatment ultimately received.	OG016	Alomfilimab 24 mg + Atezolizumab in Anti-PD-(L)1 Naïve HNSCC	1	0	<untitled>	0	0	1	2	3	5	5	-2	CR | PR | SD | PD	NE	sum of cells 3 != reported denominator 5 (difference -2)	ctg_results_bor_2018_2021.txt :: studies[nct=NCT03829501] :: outcomeMeasures[6] :: groups[OG016]
unsupported	none	False	NCT03829501	ctg_results_bor_2018_2021	bor	6	Best Overall Response (BOR) Per RECIST 1.1	SECONDARY	COUNT_OF_PARTICIPANTS	Participants	From first dose of study treatment (Day 1) up to the end of the long term follow-up, approximately 236 and 162 weeks for Phase 1 and 2, respectively	Full Analysis Set: all participants who were allocated to study drug, regardless of treatment ultimately received.	OG017	Alomfilimab 2.4 mg + Atezolizumab in Anti-PD-(L)1 Pre-treated Pancreatic Cancer	1	0	<untitled>	0	0	0	1	1	2	2	-1	CR | PR | SD | PD	NE	sum of cells 1 != reported denominator 2 (difference -1)	ctg_results_bor_2018_2021.txt :: studies[nct=NCT03829501] :: outcomeMeasures[6] :: groups[OG017]
valid	none	False	NCT03829501	ctg_results_bor_2018_2021	bor	6	Best Overall Response (BOR) Per RECIST 1.1	SECONDARY	COUNT_OF_PARTICIPANTS	Participants	From first dose of study treatment (Day 1) up to the end of the long term follow-up, approximately 236 and 162 weeks for Phase 1 and 2, respectively	Full Analysis Set: all participants who were allocated to study drug, regardless of treatment ultimately received.	OG018	Alomfilimab 8 mg + Atezolizumab in Anti-PD-(L)1 Pre-treated Pancreatic Cancer	1	0	<untitled>	0	0	1	0	1	1	1	0	CR | PR | SD | PD	NE	single class, unit Participants, sum of cells equals the reported denominator	ctg_results_bor_2018_2021.txt :: studies[nct=NCT03829501] :: outcomeMeasures[6] :: groups[OG018]
valid	none	False	NCT03829501	ctg_results_bor_2018_2021	bor	6	Best Overall Response (BOR) Per RECIST 1.1	SECONDARY	COUNT_OF_PARTICIPANTS	Participants	From first dose of study treatment (Day 1) up to the end of the long term follow-up, approximately 236 and 162 weeks for Phase 1 and 2, respectively	Full Analysis Set: all participants who were allocated to study drug, regardless of treatment ultimately received.	OG019	Alomfilimab 2.4 mg + Atezolizumab in Anti-PD-(L)1 Pre-treated Triple Negative BC	1	0	<untitled>	0	0	0	1	1	1	1	0	CR | PR | SD | PD	NE	single class, unit Participants, sum of cells equals the reported denominator	ctg_results_bor_2018_2021.txt :: studies[nct=NCT03829501] :: outcomeMeasures[6] :: groups[OG019]
unsupported	none	False	NCT03829501	ctg_results_bor_2018_2021	bor	6	Best Overall Response (BOR) Per RECIST 1.1	SECONDARY	COUNT_OF_PARTICIPANTS	Participants	From first dose of study treatment (Day 1) up to the end of the long term follow-up, approximately 236 and 162 weeks for Phase 1 and 2, respectively	Full Analysis Set: all participants who were allocated to study drug, regardless of treatment ultimately received.	OG020	Alomfilimab 8 mg + Atezolizumab in Anti-PD-(L)1 Pre-treated Triple Negative BC	1	0	<untitled>	0	0	2	3	5	6	6	-1	CR | PR | SD | PD	NE	sum of cells 5 != reported denominator 6 (difference -1)	ctg_results_bor_2018_2021.txt :: studies[nct=NCT03829501] :: outcomeMeasures[6] :: groups[OG020]
valid	none	False	NCT03829501	ctg_results_bor_2018_2021	bor	6	Best Overall Response (BOR) Per RECIST 1.1	SECONDARY	COUNT_OF_PARTICIPANTS	Participants	From first dose of study treatment (Day 1) up to the end of the long term follow-up, approximately 236 and 162 weeks for Phase 1 and 2, respectively	Full Analysis Set: all participants who were allocated to study drug, regardless of treatment ultimately received.	OG021	Alomfilimab 8 mg + Atezolizumab in Anti-PD-(L)1 Pre-treated HNSCC	1	0	<untitled>	0	1	0	2	3	3	3	0	CR | PR | SD | PD	NE	single class, unit Participants, sum of cells equals the reported denominator	ctg_results_bor_2018_2021.txt :: studies[nct=NCT03829501] :: outcomeMeasures[6] :: groups[OG021]
unsupported	none	False	NCT03829501	ctg_results_bor_2018_2021	bor	6	Best Overall Response (BOR) Per RECIST 1.1	SECONDARY	COUNT_OF_PARTICIPANTS	Participants	From first dose of study treatment (Day 1) up to the end of the long term follow-up, approximately 236 and 162 weeks for Phase 1 and 2, respectively	Full Analysis Set: all participants who were allocated to study drug, regardless of treatment ultimately received.	OG022	Alomfilimab 24 mg + Atezolizumab in Anti-PD-(L)1 Pre-treated HNSCC	1	0	<untitled>	0	0	3	4	7	9	9	-2	CR | PR | SD | PD	NE	sum of cells 7 != reported denominator 9 (difference -2)	ctg_results_bor_2018_2021.txt :: studies[nct=NCT03829501] :: outcomeMeasures[6] :: groups[OG022]
unsupported	none	False	NCT04753658	ctg_results_bor_2018_2021	bor	5	Number of Participants With Best Overall Response Based on HCP Reported Objective Response	PRIMARY	COUNT_OF_PARTICIPANTS	Participants	From start of lorlatinib treatment until CR, PR, MR, SD or PD, Up to maximum of 36.2 months of treatment (data was retrieved and evaluated retrospectively during approximately 18 months of this study)	All participants for whom data was collected using the data collection tool and observed in this study were included in the analysis.	OG000	Lorlatinib	1	0	<untitled>	5	3	3	3	14	15	15	-1	CR | PR | SD | PD	MR	sum of cells 14 != reported denominator 15 (difference -1)	ctg_results_bor_2018_2021.txt :: studies[nct=NCT04753658] :: outcomeMeasures[5] :: groups[OG000]
unsupported	none	False	NCT03455829	ctg_results_bor_2018_2021	bor	2	Best Overall Tumor Response	SECONDARY	COUNT_OF_PARTICIPANTS	Participants	21 months	The response evaluable analysis set includes all patients who received study drug, had a measurable lesion (target lesions) at the baseline tumor assessment, and either (i) had at least 1 post-baselin	OG000	Part 1: Cohort 1 Lerociclib at 200 mg QD	1	0	<untitled>	0	2	2	1	5	6	6	-1	Complete Response (CR) | Partial Response (PR) | Stable Disease (SD) | Progressive Disease (PD)	Not Evaluable (NE)	sum of cells 5 != reported denominator 6 (difference -1)	ctg_results_bor_2018_2021.txt :: studies[nct=NCT03455829] :: outcomeMeasures[2] :: groups[OG000]
valid	none	False	NCT03455829	ctg_results_bor_2018_2021	bor	2	Best Overall Tumor Response	SECONDARY	COUNT_OF_PARTICIPANTS	Participants	21 months	The response evaluable analysis set includes all patients who received study drug, had a measurable lesion (target lesions) at the baseline tumor assessment, and either (i) had at least 1 post-baselin	OG001	Part 1: Cohort 2 Lerociclib at 300 mg QD	1	0	<untitled>	0	1	4	1	6	6	6	0	Complete Response (CR) | Partial Response (PR) | Stable Disease (SD) | Progressive Disease (PD)	Not Evaluable (NE)	single class, unit Participants, sum of cells equals the reported denominator	ctg_results_bor_2018_2021.txt :: studies[nct=NCT03455829] :: outcomeMeasures[2] :: groups[OG001]
valid	none	False	NCT03455829	ctg_results_bor_2018_2021	bor	2	Best Overall Tumor Response	SECONDARY	COUNT_OF_PARTICIPANTS	Participants	21 months	The response evaluable analysis set includes all patients who received study drug, had a measurable lesion (target lesions) at the baseline tumor assessment, and either (i) had at least 1 post-baselin	OG002	Part 1: Cohort 3 Lerociclib at 400 mg QD	1	0	<untitled>	0	0	1	3	4	4	4	0	Complete Response (CR) | Partial Response (PR) | Stable Disease (SD) | Progressive Disease (PD)	Not Evaluable (NE)	single class, unit Participants, sum of cells equals the reported denominator	ctg_results_bor_2018_2021.txt :: studies[nct=NCT03455829] :: outcomeMeasures[2] :: groups[OG002]
unsupported	none	False	NCT03455829	ctg_results_bor_2018_2021	bor	2	Best Overall Tumor Response	SECONDARY	COUNT_OF_PARTICIPANTS	Participants	21 months	The response evaluable analysis set includes all patients who received study drug, had a measurable lesion (target lesions) at the baseline tumor assessment, and either (i) had at least 1 post-baselin	OG003	Part 1: Cohort 4 Lerociclib at 150 mg BID	1	0	<untitled>	0	1	3	2	6	7	7	-1	Complete Response (CR) | Partial Response (PR) | Stable Disease (SD) | Progressive Disease (PD)	Not Evaluable (NE)	sum of cells 6 != reported denominator 7 (difference -1)	ctg_results_bor_2018_2021.txt :: studies[nct=NCT03455829] :: outcomeMeasures[2] :: groups[OG003]
unsupported	none	False	NCT03455829	ctg_results_bor_2018_2021	bor	2	Best Overall Tumor Response	SECONDARY	COUNT_OF_PARTICIPANTS	Participants	21 months	The response evaluable analysis set includes all patients who received study drug, had a measurable lesion (target lesions) at the baseline tumor assessment, and either (i) had at least 1 post-baselin	OG004	Part 1: Cohort 5 Lerociclib at 200 mg BID	1	0	<untitled>	0	3	0	1	4	5	5	-1	Complete Response (CR) | Partial Response (PR) | Stable Disease (SD) | Progressive Disease (PD)	Not Evaluable (NE)	sum of cells 4 != reported denominator 5 (difference -1)	ctg_results_bor_2018_2021.txt :: studies[nct=NCT03455829] :: outcomeMeasures[2] :: groups[OG004]
unsupported	none	False	NCT04329949	ctg_results_bor_2018_2021	bor	2	Best Overall Response (BOR)	SECONDARY	COUNT_OF_PARTICIPANTS	Participants	Baseline and up to 32 weeks	Evaluable Population: Patients in the ITT population who had at least 1 post-baseline radiographic tumor assessment	OG000	Relacorilant With Nab-paclitaxel	1	0	<untitled>	0	0	20	10	30	31	31	-1	Complete response | Partial response | Stable disease | Progressive disease	Non-evaluable	sum of cells 30 != reported denominator 31 (difference -1)	ctg_results_bor_2018_2021.txt :: studies[nct=NCT04329949] :: outcomeMeasures[2] :: groups[OG000]
unsupported	none	False	NCT03965689	ctg_results_bor_2018_2021	bor	0	Number of Participants With an Overall Response	PRIMARY	COUNT_OF_PARTICIPANTS	Participants	Up to 2.5 years		OG000	Treatment (Paclitaxel, Carboplatin, Pevonedistat)	1	0	<untitled>	0	4	15	4	23	25	25	-2	Complete Response (CR) | Partial Response (PR) | Stable Disease (SD) | Progressive Disease (PD)	Not Assessed (NA)	sum of cells 23 != reported denominator 25 (difference -2)	ctg_results_bor_2018_2021.txt :: studies[nct=NCT03965689] :: outcomeMeasures[0] :: groups[OG000]
unsupported	none	False	NCT03451825	ctg_results_bor_2018_2021	bor	2	Number of Participants With Confirmed Best Overall Response (BOR) as Per Response Evaluation Criteria in Solid Tumors (RECIST Version 1.1) and as Adjudicated by the Investigator	SECONDARY	COUNT_OF_PARTICIPANTS	Participants	Baseline up to 1182 days	Full analysis set included all participants who received any dose of avelumab.	OG000	Avelumab 10 Miligram Per Kilogram (mg/kg)	1	0	<untitled>	0	0	0	5	5	6	6	-1	Complete Response (CR) | Partial Response (PR) | Stable Disease (SD) | Progressive Disease (PD)	Non-CR/Non-PR | Not Evaluable	sum of cells 5 != reported denominator 6 (difference -1)	ctg_results_bor_2018_2021.txt :: studies[nct=NCT03451825] :: outcomeMeasures[2] :: groups[OG000]
unsupported	none	False	NCT03451825	ctg_results_bor_2018_2021	bor	2	Number of Participants With Confirmed Best Overall Response (BOR) as Per Response Evaluation Criteria in Solid Tumors (RECIST Version 1.1) and as Adjudicated by the Investigator	SECONDARY	COUNT_OF_PARTICIPANTS	Participants	Baseline up to 1182 days	Full analysis set included all participants who received any dose of avelumab.	OG001	Avelumab 20 mg/kg	1	0	<untitled>	0	0	4	9	13	15	15	-2	Complete Response (CR) | Partial Response (PR) | Stable Disease (SD) | Progressive Disease (PD)	Non-CR/Non-PR | Not Evaluable	sum of cells 13 != reported denominator 15 (difference -2)	ctg_results_bor_2018_2021.txt :: studies[nct=NCT03451825] :: outcomeMeasures[2] :: groups[OG001]
valid	none	False	NCT03711188	ctg_results_bor_2018_2021	bor	2	Best Overall Response (BOR) Using RECIST 1.1	SECONDARY	COUNT_OF_PARTICIPANTS	Participants	18 months	Intent to treat population - all patients who received at least one dose of IMM-101	OG000	Cohort A	1	0	<untitled>	2	6	1	2	11	11	11	0	Complete Response (CR) | Partial Response (PR) | Stable Disease | Disease Progression		single class, unit Participants, sum of cells equals the reported denominator	ctg_results_bor_2018_2021.txt :: studies[nct=NCT03711188] :: outcomeMeasures[2] :: groups[OG000]
valid	none	False	NCT03711188	ctg_results_bor_2018_2021	bor	2	Best Overall Response (BOR) Using RECIST 1.1	SECONDARY	COUNT_OF_PARTICIPANTS	Participants	18 months	Intent to treat population - all patients who received at least one dose of IMM-101	OG001	Cohort B	1	0	<untitled>	0	0	0	5	5	5	5	0	Complete Response (CR) | Partial Response (PR) | Stable Disease | Disease Progression		single class, unit Participants, sum of cells equals the reported denominator	ctg_results_bor_2018_2021.txt :: studies[nct=NCT03711188] :: outcomeMeasures[2] :: groups[OG001]
valid	none	False	NCT04099888	ctg_results_bor_2018_2021	bor	2	Best Overall Response (BOR)	SECONDARY	COUNT_OF_PARTICIPANTS	Participants	Up to 18 months	Modified intent-to-treat (mITT) analysis set (all randomized participants who received at least 1 dose of study treatment and had a RECIST assessment at baseline).	OG000	PCI Treatment in Conjunction With Standard of Care (SoC)	1	0	<untitled>	0	3	12	4	19	19	19	0	Complete response | Partial response | Stable disease | Progressive disease		single class, unit Participants, sum of cells equals the reported denominator	ctg_results_bor_2018_2021.txt :: studies[nct=NCT04099888] :: outcomeMeasures[2] :: groups[OG000]
valid	none	False	NCT04099888	ctg_results_bor_2018_2021	bor	2	Best Overall Response (BOR)	SECONDARY	COUNT_OF_PARTICIPANTS	Participants	Up to 18 months	Modified intent-to-treat (mITT) analysis set (all randomized participants who received at least 1 dose of study treatment and had a RECIST assessment at baseline).	OG001	Standard of Care (SoC)	1	0	<untitled>	0	3	11	1	15	15	15	0	Complete response | Partial response | Stable disease | Progressive disease		single class, unit Participants, sum of cells equals the reported denominator	ctg_results_bor_2018_2021.txt :: studies[nct=NCT04099888] :: outcomeMeasures[2] :: groups[OG001]
unsupported	none	False	NCT04764474	ctg_results_bor_2018_2021	bor	3	Number of Patients With Best Overall Response (BOR)	SECONDARY	COUNT_OF_PARTICIPANTS	Participants	Tumor assessments performed every 8 weeks (+/-7 days) for the first 24 weeks and every 12 weeks (+/-14 days) thereafter until end of treatment, or end of efficacy follow-up period, approximately 45 months	The efficacy analysis set included all enrolled patients who received at least 1 dose of study drug from Cycle 1 Day 1 in continuous cycle (i.e., excluding single oral dose from the PK week for the do	OG000	Cohort 1: HMPL-306 Dose Level 1	1	0	<untitled>	0	0	1	0	1	3	3	-2	CR | PR | SD | PD	CRmrd- | CRh | CRi | MLFS | Not evaluable	sum of cells 1 != reported denominator 3 (difference -2)	ctg_results_bor_2018_2021.txt :: studies[nct=NCT04764474] :: outcomeMeasures[3] :: groups[OG000]
unsupported	none	False	NCT04764474	ctg_results_bor_2018_2021	bor	3	Number of Patients With Best Overall Response (BOR)	SECONDARY	COUNT_OF_PARTICIPANTS	Participants	Tumor assessments performed every 8 weeks (+/-7 days) for the first 24 weeks and every 12 weeks (+/-14 days) thereafter until end of treatment, or end of efficacy follow-up period, approximately 45 months	The efficacy analysis set included all enrolled patients who received at least 1 dose of study drug from Cycle 1 Day 1 in continuous cycle (i.e., excluding single oral dose from the PK week for the do	OG001	Cohort 2: HMPL-306 Dose Level 2	1	0	<untitled>	0	0	0	1	1	3	3	-2	CR | PR | SD | PD	CRmrd- | CRh | CRi | MLFS | Not evaluable	sum of cells 1 != reported denominator 3 (difference -2)	ctg_results_bor_2018_2021.txt :: studies[nct=NCT04764474] :: outcomeMeasures[3] :: groups[OG001]
unsupported	none	False	NCT04764474	ctg_results_bor_2018_2021	bor	3	Number of Patients With Best Overall Response (BOR)	SECONDARY	COUNT_OF_PARTICIPANTS	Participants	Tumor assessments performed every 8 weeks (+/-7 days) for the first 24 weeks and every 12 weeks (+/-14 days) thereafter until end of treatment, or end of efficacy follow-up period, approximately 45 months	The efficacy analysis set included all enrolled patients who received at least 1 dose of study drug from Cycle 1 Day 1 in continuous cycle (i.e., excluding single oral dose from the PK week for the do	OG002	Cohort 3: HMPL-306 Dose Level 3	1	0	<untitled>	3	0	1	3	7	10	10	-3	CR | PR | SD | PD	CRmrd- | CRh | CRi | MLFS | Not evaluable	sum of cells 7 != reported denominator 10 (difference -3)	ctg_results_bor_2018_2021.txt :: studies[nct=NCT04764474] :: outcomeMeasures[3] :: groups[OG002]
unsupported	none	False	NCT04764474	ctg_results_bor_2018_2021	bor	3	Number of Patients With Best Overall Response (BOR)	SECONDARY	COUNT_OF_PARTICIPANTS	Participants	Tumor assessments performed every 8 weeks (+/-7 days) for the first 24 weeks and every 12 weeks (+/-14 days) thereafter until end of treatment, or end of efficacy follow-up period, approximately 45 months	The efficacy analysis set included all enrolled patients who received at least 1 dose of study drug from Cycle 1 Day 1 in continuous cycle (i.e., excluding single oral dose from the PK week for the do	OG003	Cohort 4: HMPL-306 Dose Level 4	1	0	<untitled>	0	0	0	2	2	5	5	-3	CR | PR | SD | PD	CRmrd- | CRh | CRi | MLFS | Not evaluable	sum of cells 2 != reported denominator 5 (difference -3)	ctg_results_bor_2018_2021.txt :: studies[nct=NCT04764474] :: outcomeMeasures[3] :: groups[OG003]
unsupported	none	False	NCT04764474	ctg_results_bor_2018_2021	bor	3	Number of Patients With Best Overall Response (BOR)	SECONDARY	COUNT_OF_PARTICIPANTS	Participants	Tumor assessments performed every 8 weeks (+/-7 days) for the first 24 weeks and every 12 weeks (+/-14 days) thereafter until end of treatment, or end of efficacy follow-up period, approximately 45 months	The efficacy analysis set included all enrolled patients who received at least 1 dose of study drug from Cycle 1 Day 1 in continuous cycle (i.e., excluding single oral dose from the PK week for the do	OG004	Cohort 5: HMPL-306 Dose Level 5	1	0	<untitled>	0	0	0	2	2	5	5	-3	CR | PR | SD | PD	CRmrd- | CRh | CRi | MLFS | Not evaluable	sum of cells 2 != reported denominator 5 (difference -3)	ctg_results_bor_2018_2021.txt :: studies[nct=NCT04764474] :: outcomeMeasures[3] :: groups[OG004]
unsupported	none	False	NCT04764474	ctg_results_bor_2018_2021	bor	3	Number of Patients With Best Overall Response (BOR)	SECONDARY	COUNT_OF_PARTICIPANTS	Participants	Tumor assessments performed every 8 weeks (+/-7 days) for the first 24 weeks and every 12 weeks (+/-14 days) thereafter until end of treatment, or end of efficacy follow-up period, approximately 45 months	The efficacy analysis set included all enrolled patients who received at least 1 dose of study drug from Cycle 1 Day 1 in continuous cycle (i.e., excluding single oral dose from the PK week for the do	OG005	Cohort 6: HMPL-306 Dose Level 6	1	0	<untitled>	0	0	1	2	3	4	4	-1	CR | PR | SD | PD	CRmrd- | CRh | CRi | MLFS | Not evaluable	sum of cells 3 != reported denominator 4 (difference -1)	ctg_results_bor_2018_2021.txt :: studies[nct=NCT04764474] :: outcomeMeasures[3] :: groups[OG005]
unsupported	none	False	NCT04764474	ctg_results_bor_2018_2021	bor	3	Number of Patients With Best Overall Response (BOR)	SECONDARY	COUNT_OF_PARTICIPANTS	Participants	Tumor assessments performed every 8 weeks (+/-7 days) for the first 24 weeks and every 12 weeks (+/-14 days) thereafter until end of treatment, or end of efficacy follow-up period, approximately 45 months	The efficacy analysis set included all enrolled patients who received at least 1 dose of study drug from Cycle 1 Day 1 in continuous cycle (i.e., excluding single oral dose from the PK week for the do	OG006	Cohort 7: HMPL-306 Dose Level 7	1	0	<untitled>	1	0	0	1	2	3	3	-1	CR | PR | SD | PD	CRmrd- | CRh | CRi | MLFS | Not evaluable	sum of cells 2 != reported denominator 3 (difference -1)	ctg_results_bor_2018_2021.txt :: studies[nct=NCT04764474] :: outcomeMeasures[3] :: groups[OG006]
unsupported	none	False	NCT04764474	ctg_results_bor_2018_2021	bor	3	Number of Patients With Best Overall Response (BOR)	SECONDARY	COUNT_OF_PARTICIPANTS	Participants	Tumor assessments performed every 8 weeks (+/-7 days) for the first 24 weeks and every 12 weeks (+/-14 days) thereafter until end of treatment, or end of efficacy follow-up period, approximately 45 months	The efficacy analysis set included all enrolled patients who received at least 1 dose of study drug from Cycle 1 Day 1 in continuous cycle (i.e., excluding single oral dose from the PK week for the do	OG007	Cohort 8: HMPL-306 Dose Level 8	1	0	<untitled>	3	0	0	2	5	8	8	-3	CR | PR | SD | PD	CRmrd- | CRh | CRi | MLFS | Not evaluable	sum of cells 5 != reported denominator 8 (difference -3)	ctg_results_bor_2018_2021.txt :: studies[nct=NCT04764474] :: outcomeMeasures[3] :: groups[OG007]
unsupported	none	False	NCT03445533	ctg_results_bor_2018_2021	bor	0	Summary of Independent Reviewer-Assessed Objective Response Rate (ORR) by RECIST v1.1	PRIMARY	COUNT_OF_PARTICIPANTS	Participants	Response is measured from the date of randomization, until disease progression, death, or start of new anti-cancer therapy (up to 36 months).	All percentages were based on the number of participants in the Intent-to-Treat (ITT) analysis set within each group. Participants with no disease assessment in the study were included in the Not Eval	OG000	Arm A: Ipilimumab	1	0	<untitled>	1	20	45	110	176	243	243	-67	Complete Response | Partial Response | Stable Disease | Progressive Disease	Not Evaluable	sum of cells 176 != reported denominator 243 (difference -67)	ctg_results_bor_2018_2021.txt :: studies[nct=NCT03445533] :: outcomeMeasures[0] :: groups[OG000]
unsupported	none	False	NCT03445533	ctg_results_bor_2018_2021	bor	0	Summary of Independent Reviewer-Assessed Objective Response Rate (ORR) by RECIST v1.1	PRIMARY	COUNT_OF_PARTICIPANTS	Participants	Response is measured from the date of randomization, until disease progression, death, or start of new anti-cancer therapy (up to 36 months).	All percentages were based on the number of participants in the Intent-to-Treat (ITT) analysis set within each group. Participants with no disease assessment in the study were included in the Not Eval	OG001	Arm B: IMO-2125 Plus Ipilimumab	1	0	<untitled>	1	20	61	89	171	238	238	-67	Complete Response | Partial Response | Stable Disease | Progressive Disease	Not Evaluable	sum of cells 171 != reported denominator 238 (difference -67)	ctg_results_bor_2018_2021.txt :: studies[nct=NCT03445533] :: outcomeMeasures[0] :: groups[OG001]
valid	none	False	NCT02913430	ctg_results_bor_2018_2021	bor	1	Best Overall Response (BOR)	SECONDARY	COUNT_OF_PARTICIPANTS	Participants	Up to 5 years	Treated patients that were radiologically evaluable.	OG000	Fulvestrant + Palbociclib	1	0	<untitled>	0	0	3	2	5	5	5	0	Complete Response (CR) | Partial Response (PR) | Stable Disease (SD) | Progressive Disease (PD)		single class, unit Participants, sum of cells equals the reported denominator	ctg_results_bor_2018_2021.txt :: studies[nct=NCT02913430] :: outcomeMeasures[1] :: groups[OG000]
valid	none	False	NCT02913430	ctg_results_bor_2018_2021	bor	1	Best Overall Response (BOR)	SECONDARY	COUNT_OF_PARTICIPANTS	Participants	Up to 5 years	Treated patients that were radiologically evaluable.	OG001	Tamoxifen + Palbociclib	1	0	<untitled>	0	0	2	0	2	2	2	0	Complete Response (CR) | Partial Response (PR) | Stable Disease (SD) | Progressive Disease (PD)		single class, unit Participants, sum of cells equals the reported denominator	ctg_results_bor_2018_2021.txt :: studies[nct=NCT02913430] :: outcomeMeasures[1] :: groups[OG001]
valid	none	False	NCT04313504	ctg_results_bor_2018_2021	bor	0	Overall Response	PRIMARY	COUNT_OF_PARTICIPANTS	Participants	8 weeks		OG000	Niraparib & Dostarlimab	1	0	<untitled>	0	1	1	8	10	10	10	0	Complete Response | Partial Response | Stable Disease | Progressive Disease		single class, unit Participants, sum of cells equals the reported denominator	ctg_results_bor_2018_2021.txt :: studies[nct=NCT04313504] :: outcomeMeasures[0] :: groups[OG000]
valid	none	False	NCT03724890	ctg_results_bor_2018_2021	bor	54	Part A: Number of Participants With Confirmed Best Overall Response (BOR) as Assessed by Response Evaluation Criteria in Solid Tumors Version 1.1 (RECIST v1.1)	SECONDARY	COUNT_OF_PARTICIPANTS	Participants	Time from first study intervention up to long term safety follow-up period (Up to 516 Days)	Full Analysis Set included all participants who received at least 1 dose of any study intervention.	OG000	Part A: M3814 100 mg BID + Avelumab 800 mg Q2W	1	0	<untitled>	0	0	2	2	4	4	4	0	Complete Response | Partial Response | Stable Disease or Non-CR/Non-PD | Progressive Disease	Not Evaluable	single class, unit Participants, sum of cells equals the reported denominator	ctg_results_bor_2018_2021.txt :: studies[nct=NCT03724890] :: outcomeMeasures[54] :: groups[OG000]
unsupported	none	False	NCT03724890	ctg_results_bor_2018_2021	bor	54	Part A: Number of Participants With Confirmed Best Overall Response (BOR) as Assessed by Response Evaluation Criteria in Solid Tumors Version 1.1 (RECIST v1.1)	SECONDARY	COUNT_OF_PARTICIPANTS	Participants	Time from first study intervention up to long term safety follow-up period (Up to 516 Days)	Full Analysis Set included all participants who received at least 1 dose of any study intervention.	OG001	Part A: M3814 200 mg BID + Avelumab 800 mg Q2W	1	0	<untitled>	0	0	1	7	8	11	11	-3	Complete Response | Partial Response | Stable Disease or Non-CR/Non-PD | Progressive Disease	Not Evaluable	sum of cells 8 != reported denominator 11 (difference -3)	ctg_results_bor_2018_2021.txt :: studies[nct=NCT03724890] :: outcomeMeasures[54] :: groups[OG001]
unsupported	none	False	NCT03724890	ctg_results_bor_2018_2021	bor	54	Part A: Number of Participants With Confirmed Best Overall Response (BOR) as Assessed by Response Evaluation Criteria in Solid Tumors Version 1.1 (RECIST v1.1)	SECONDARY	COUNT_OF_PARTICIPANTS	Participants	Time from first study intervention up to long term safety follow-up period (Up to 516 Days)	Full Analysis Set included all participants who received at least 1 dose of any study intervention.	OG002	Part A: M3814 250 mg BID + Avelumab 800 mg Q2W	1	0	<untitled>	0	0	1	0	1	4	4	-3	Complete Response | Partial Response | Stable Disease or Non-CR/Non-PD | Progressive Disease	Not Evaluable	sum of cells 1 != reported denominator 4 (difference -3)	ctg_results_bor_2018_2021.txt :: studies[nct=NCT03724890] :: outcomeMeasures[54] :: groups[OG002]
unsupported	none	False	NCT03724890	ctg_results_bor_2018_2021	bor	54	Part A: Number of Participants With Confirmed Best Overall Response (BOR) as Assessed by Response Evaluation Criteria in Solid Tumors Version 1.1 (RECIST v1.1)	SECONDARY	COUNT_OF_PARTICIPANTS	Participants	Time from first study intervention up to long term safety follow-up period (Up to 516 Days)	Full Analysis Set included all participants who received at least 1 dose of any study intervention.	OG003	Part A: M3814 300 mg BID + Avelumab 800 mg Q2W	1	0	<untitled>	0	0	0	2	2	6	6	-4	Complete Response | Partial Response | Stable Disease or Non-CR/Non-PD | Progressive Disease	Not Evaluable	sum of cells 2 != reported denominator 6 (difference -4)	ctg_results_bor_2018_2021.txt :: studies[nct=NCT03724890] :: outcomeMeasures[54] :: groups[OG003]
unsupported	none	False	NCT03724890	ctg_results_bor_2018_2021	bor	54	Part A: Number of Participants With Confirmed Best Overall Response (BOR) as Assessed by Response Evaluation Criteria in Solid Tumors Version 1.1 (RECIST v1.1)	SECONDARY	COUNT_OF_PARTICIPANTS	Participants	Time from first study intervention up to long term safety follow-up period (Up to 516 Days)	Full Analysis Set included all participants who received at least 1 dose of any study intervention.	OG004	Part A: M3814 400 mg BID + Avelumab 800 mg Q2W	1	0	<untitled>	0	0	1	1	2	4	4	-2	Complete Response | Partial Response | Stable Disease or Non-CR/Non-PD | Progressive Disease	Not Evaluable	sum of cells 2 != reported denominator 4 (difference -2)	ctg_results_bor_2018_2021.txt :: studies[nct=NCT03724890] :: outcomeMeasures[54] :: groups[OG004]
valid	none	False	NCT03724890	ctg_results_bor_2018_2021	bor	55	Part B: Number of Participants With Confirmed Best Overall Response (BOR) as Assessed by Response Evaluation Criteria in Solid Tumors Version 1.1 (RECIST v1.1)	SECONDARY	COUNT_OF_PARTICIPANTS	Participants	Time from first study intervention up to long term safety follow-up period (Up to 513 Days)	Full Analysis Set included all participants who received at least 1 dose of any study intervention.	OG000	Part B: M3814 100 mg BID + Avelumab 800 mg Q2W + RT	1	0	<untitled>	0	0	1	2	3	3	3	0	Complete Response | Partial Response | Stable Disease or Non-CR/Non-PD | Progressive Disease	Not Evaluable	single class, unit Participants, sum of cells equals the reported denominator	ctg_results_bor_2018_2021.txt :: studies[nct=NCT03724890] :: outcomeMeasures[55] :: groups[OG000]
valid	none	False	NCT03724890	ctg_results_bor_2018_2021	bor	55	Part B: Number of Participants With Confirmed Best Overall Response (BOR) as Assessed by Response Evaluation Criteria in Solid Tumors Version 1.1 (RECIST v1.1)	SECONDARY	COUNT_OF_PARTICIPANTS	Participants	Time from first study intervention up to long term safety follow-up period (Up to 513 Days)	Full Analysis Set included all participants who received at least 1 dose of any study intervention.	OG001	Part B: M3814 150 mg BID +Avelumab 800 mg Q2W + RT	1	0	<untitled>	0	0	1	2	3	3	3	0	Complete Response | Partial Response | Stable Disease or Non-CR/Non-PD | Progressive Disease	Not Evaluable	single class, unit Participants, sum of cells equals the reported denominator	ctg_results_bor_2018_2021.txt :: studies[nct=NCT03724890] :: outcomeMeasures[55] :: groups[OG001]
unsupported	none	False	NCT03724890	ctg_results_bor_2018_2021	bor	55	Part B: Number of Participants With Confirmed Best Overall Response (BOR) as Assessed by Response Evaluation Criteria in Solid Tumors Version 1.1 (RECIST v1.1)	SECONDARY	COUNT_OF_PARTICIPANTS	Participants	Time from first study intervention up to long term safety follow-up period (Up to 513 Days)	Full Analysis Set included all participants who received at least 1 dose of any study intervention.	OG002	Part B: M3814 200 mg BID + Avelumab 800 mg Q2W + RT	1	0	<untitled>	0	0	2	1	3	4	4	-1	Complete Response | Partial Response | Stable Disease or Non-CR/Non-PD | Progressive Disease	Not Evaluable	sum of cells 3 != reported denominator 4 (difference -1)	ctg_results_bor_2018_2021.txt :: studies[nct=NCT03724890] :: outcomeMeasures[55] :: groups[OG002]
unsupported	none	False	NCT03724890	ctg_results_bor_2018_2021	bor	55	Part B: Number of Participants With Confirmed Best Overall Response (BOR) as Assessed by Response Evaluation Criteria in Solid Tumors Version 1.1 (RECIST v1.1)	SECONDARY	COUNT_OF_PARTICIPANTS	Participants	Time from first study intervention up to long term safety follow-up period (Up to 513 Days)	Full Analysis Set included all participants who received at least 1 dose of any study intervention.	OG003	Part B: M3814 250 mg BID + Avelumab 800 mg Q2W + RT	1	0	<untitled>	0	0	2	3	5	9	9	-4	Complete Response | Partial Response | Stable Disease or Non-CR/Non-PD | Progressive Disease	Not Evaluable	sum of cells 5 != reported denominator 9 (difference -4)	ctg_results_bor_2018_2021.txt :: studies[nct=NCT03724890] :: outcomeMeasures[55] :: groups[OG003]
unsupported	none	False	NCT03724890	ctg_results_bor_2018_2021	bor	56	Part FE: Number of Participants With Confirmed Best Overall Response (BOR) as Assessed by Response Evaluation Criteria in Solid Tumors Version 1.1 (RECIST v1.1)	SECONDARY	COUNT_OF_PARTICIPANTS	Participants	Time from first study intervention up to long term safety follow-up period (Up to 404 Days)	Full Analysis Set included all participants who receive at least one dose of study intervention.	OG000	Part Food Effect: M3814 100 mg BID + Avelumab 800 mg Q2W	1	0	<untitled>	0	0	2	1	3	4	4	-1	Complete Response | Partial Response | Stable Disease or Non-CR/Non-PD | Progressive Disease	Not Evaluable	sum of cells 3 != reported denominator 4 (difference -1)	ctg_results_bor_2018_2021.txt :: studies[nct=NCT03724890] :: outcomeMeasures[56] :: groups[OG000]
unsupported	none	False	NCT03724890	ctg_results_bor_2018_2021	bor	56	Part FE: Number of Participants With Confirmed Best Overall Response (BOR) as Assessed by Response Evaluation Criteria in Solid Tumors Version 1.1 (RECIST v1.1)	SECONDARY	COUNT_OF_PARTICIPANTS	Participants	Time from first study intervention up to long term safety follow-up period (Up to 404 Days)	Full Analysis Set included all participants who receive at least one dose of study intervention.	OG001	Part Food Effect: M3814 200 mg BID + Avelumab 800 mg Q2W	1	0	<untitled>	0	1	1	1	3	5	5	-2	Complete Response | Partial Response | Stable Disease or Non-CR/Non-PD | Progressive Disease	Not Evaluable	sum of cells 3 != reported denominator 5 (difference -2)	ctg_results_bor_2018_2021.txt :: studies[nct=NCT03724890] :: outcomeMeasures[56] :: groups[OG001]
unsupported	none	False	NCT03409614	ctg_results_bor_2018_2021	bor	6	Part 1: Best Overall Response (BOR) Per IRC	SECONDARY	COUNT_OF_PARTICIPANTS	Participants	Up to 32 months	Part 1 participants only	OG000	Part 1: Cemiplimab + Chemotherapy	1	0	<untitled>	3	41	41	4	89	108	108	-19	Complete Response (CR) | Partial Response (PR) | Stable Disease (SD) | Progressive Disease (PD)	Non-CR / Non-PD | Not Evaluable (NE)	sum of cells 89 != reported denominator 108 (difference -19)	ctg_results_bor_2018_2021.txt :: studies[nct=NCT03409614] :: outcomeMeasures[6] :: groups[OG000]
unsupported	none	False	NCT03409614	ctg_results_bor_2018_2021	bor	6	Part 1: Best Overall Response (BOR) Per IRC	SECONDARY	COUNT_OF_PARTICIPANTS	Participants	Up to 32 months	Part 1 participants only	OG001	Part 1: Cemiplimab+AbbrevChemo+Ipilimumab	1	0	<untitled>	5	35	44	15	99	109	109	-10	Complete Response (CR) | Partial Response (PR) | Stable Disease (SD) | Progressive Disease (PD)	Non-CR / Non-PD | Not Evaluable (NE)	sum of cells 99 != reported denominator 109 (difference -10)	ctg_results_bor_2018_2021.txt :: studies[nct=NCT03409614] :: outcomeMeasures[6] :: groups[OG001]
unsupported	none	False	NCT03409614	ctg_results_bor_2018_2021	bor	6	Part 1: Best Overall Response (BOR) Per IRC	SECONDARY	COUNT_OF_PARTICIPANTS	Participants	Up to 32 months	Part 1 participants only	OG002	Part 1: Chemotherapy	1	0	<untitled>	2	28	51	8	89	106	106	-17	Complete Response (CR) | Partial Response (PR) | Stable Disease (SD) | Progressive Disease (PD)	Non-CR / Non-PD | Not Evaluable (NE)	sum of cells 89 != reported denominator 106 (difference -17)	ctg_results_bor_2018_2021.txt :: studies[nct=NCT03409614] :: outcomeMeasures[6] :: groups[OG002]
unsupported	none	False	NCT03409614	ctg_results_bor_2018_2021	bor	7	Part 2: BOR Per IRC	SECONDARY	COUNT_OF_PARTICIPANTS	Participants	Up to 32 months	Part 2 participants only	OG000	Part 2: Cemiplimab + Chemotherapy	1	0	<untitled>	20	116	121	22	279	312	312	-33	CR | PR | SD | PD	Non-CR/Non-PD | NE	sum of cells 279 != reported denominator 312 (difference -33)	ctg_results_bor_2018_2021.txt :: studies[nct=NCT03409614] :: outcomeMeasures[7] :: groups[OG000]
unsupported	none	False	NCT03409614	ctg_results_bor_2018_2021	bor	7	Part 2: BOR Per IRC	SECONDARY	COUNT_OF_PARTICIPANTS	Participants	Up to 32 months	Part 2 participants only	OG001	Part 2: Placebo + Chemotherapy	1	0	<untitled>	0	34	75	24	133	154	154	-21	CR | PR | SD | PD	Non-CR/Non-PD | NE	sum of cells 133 != reported denominator 154 (difference -21)	ctg_results_bor_2018_2021.txt :: studies[nct=NCT03409614] :: outcomeMeasures[7] :: groups[OG001]
unsupported	none	False	NCT03750786	ctg_results_bor_2018_2021	bor	0	Overall Response Rate	PRIMARY	COUNT_OF_PARTICIPANTS	Participants	Until disease progression, an average of ten months		OG000	Group A	1	0	<untitled>	2	116	106	7	231	245	245	-14	Complete Response | Partial Response | Stable Disease | Progressive Disease	Non-CR/Non-PD | No BOR Available | Not Evaluable	sum of cells 231 != reported denominator 245 (difference -14)	ctg_results_bor_2018_2021.txt :: studies[nct=NCT03750786] :: outcomeMeasures[0] :: groups[OG000]
unsupported	none	False	NCT03750786	ctg_results_bor_2018_2021	bor	0	Overall Response Rate	PRIMARY	COUNT_OF_PARTICIPANTS	Participants	Until disease progression, an average of ten months		OG001	Group B	1	0	<untitled>	5	116	86	11	218	245	245	-27	Complete Response | Partial Response | Stable Disease | Progressive Disease	Non-CR/Non-PD | No BOR Available | Not Evaluable	sum of cells 218 != reported denominator 245 (difference -27)	ctg_results_bor_2018_2021.txt :: studies[nct=NCT03750786] :: outcomeMeasures[0] :: groups[OG001]
valid	none	False	NCT04387071	ctg_results_bor_2018_2021	bor	0	Disease Control Rate	PRIMARY	COUNT_OF_PARTICIPANTS	Participants	Through end of treatment, up to 2 months	All enrolled subjects were included in the analysis.	OG000	Treatment (CMP-001, INCAGN01949)	1	0	<untitled>	0	0	0	2	2	2	2	0	Complete Response | Partial Response | Stable Disease | Progressive disease	No response	single class, unit Participants, sum of cells equals the reported denominator	ctg_results_bor_2018_2021.txt :: studies[nct=NCT04387071] :: outcomeMeasures[0] :: groups[OG000]
unsupported	none	False	NCT03386357	ctg_results_bor_2018_2021	bor	1	Response Rate According to RECIST	SECONDARY	COUNT_OF_PARTICIPANTS	Participants	restaging every 9 weeks up to 12 months		OG000	A (Pembrolizumab+RT)	1	0	<untitled>	6	13	9	19	47	57	57	-10	CR | PR | SD | PD	missing RECIST result | no restaging	sum of cells 47 != reported denominator 57 (difference -10)	ctg_results_bor_2018_2021.txt :: studies[nct=NCT03386357] :: outcomeMeasures[1] :: groups[OG000]
unsupported	none	False	NCT03386357	ctg_results_bor_2018_2021	bor	1	Response Rate According to RECIST	SECONDARY	COUNT_OF_PARTICIPANTS	Participants	restaging every 9 weeks up to 12 months		OG001	B (Pembrolizumab)	1	0	<untitled>	3	11	11	21	46	58	58	-12	CR | PR | SD | PD	missing RECIST result | no restaging	sum of cells 46 != reported denominator 58 (difference -12)	ctg_results_bor_2018_2021.txt :: studies[nct=NCT03386357] :: outcomeMeasures[1] :: groups[OG001]
unsupported	none	False	NCT03854227	ctg_results_bor_2018_2021	bor	5	Part 2: Number of Participants With Best Overall Response (BOR) Based on Investigator Assessment (RECIST, Version 1.1)	PRIMARY	COUNT_OF_PARTICIPANTS	Participants	From baseline up to 28 ~ 35 days after end of treatment (maximum of 6 months).	The analysis population included all participants in Part 2 who received at least one dose of study treatment and had baseline disease assessment or measurable disease at baseline, if applicable and a	OG000	Part 2A: [2L+ Non-small Cell Lung Cancer (NSCLC)] PF-06939999 6mg QD	1	0	<untitled>	0	1	4	4	9	11	11	-2	Complete response (CR) | Partial response (PR) | Stable disease (SD) | Progressive disease (PD)	Non-CR/Non-PD | Not evaluable (NE)	sum of cells 9 != reported denominator 11 (difference -2)	ctg_results_bor_2018_2021.txt :: studies[nct=NCT03854227] :: outcomeMeasures[5] :: groups[OG000]
valid	none	False	NCT03854227	ctg_results_bor_2018_2021	bor	5	Part 2: Number of Participants With Best Overall Response (BOR) Based on Investigator Assessment (RECIST, Version 1.1)	PRIMARY	COUNT_OF_PARTICIPANTS	Participants	From baseline up to 28 ~ 35 days after end of treatment (maximum of 6 months).	The analysis population included all participants in Part 2 who received at least one dose of study treatment and had baseline disease assessment or measurable disease at baseline, if applicable and a	OG001	Part 2B: (2L+ Urothelial Carcinoma) PF-06939999 6mg QD	1	0	<untitled>	0	0	2	0	2	2	2	0	Complete response (CR) | Partial response (PR) | Stable disease (SD) | Progressive disease (PD)	Non-CR/Non-PD | Not evaluable (NE)	single class, unit Participants, sum of cells equals the reported denominator	ctg_results_bor_2018_2021.txt :: studies[nct=NCT03854227] :: outcomeMeasures[5] :: groups[OG001]
valid	none	False	NCT03854227	ctg_results_bor_2018_2021	bor	5	Part 2: Number of Participants With Best Overall Response (BOR) Based on Investigator Assessment (RECIST, Version 1.1)	PRIMARY	COUNT_OF_PARTICIPANTS	Participants	From baseline up to 28 ~ 35 days after end of treatment (maximum of 6 months).	The analysis population included all participants in Part 2 who received at least one dose of study treatment and had baseline disease assessment or measurable disease at baseline, if applicable and a	OG002	Part 2C: [2L+ Head and Neck Squamous Cell Carcinoma (HNSCC)] PF-06939999 6mg QD	1	0	<untitled>	0	0	4	4	8	8	8	0	Complete response (CR) | Partial response (PR) | Stable disease (SD) | Progressive disease (PD)	Non-CR/Non-PD | Not evaluable (NE)	single class, unit Participants, sum of cells equals the reported denominator	ctg_results_bor_2018_2021.txt :: studies[nct=NCT03854227] :: outcomeMeasures[5] :: groups[OG002]
valid	none	False	NCT04044768	ctg_results_bor_2018_2021	bor	4	Best Overall Response (BOR) (Cohort 1)	SECONDARY	COUNT_OF_PARTICIPANTS	Participants	From T-cell infusion until disease progression/recurrence as of data cut off (up to 2.6 years). Response was assessed at Week 4, Week 8, Week 12, Week 16, and Week 24, and every 2 months +/- 28 days until confirmed disease progression.	Participants who received afamitresgene autoleucel	OG000	Synovial Sarcoma	1	0	<untitled>	0	17	23	4	44	44	44	0	Complete Response | Partial Response | Stable Disease | Progressive Disease		single class, unit Participants, sum of cells equals the reported denominator	ctg_results_bor_2018_2021.txt :: studies[nct=NCT04044768] :: outcomeMeasures[4] :: groups[OG000]
valid	none	False	NCT04044768	ctg_results_bor_2018_2021	bor	4	Best Overall Response (BOR) (Cohort 1)	SECONDARY	COUNT_OF_PARTICIPANTS	Participants	From T-cell infusion until disease progression/recurrence as of data cut off (up to 2.6 years). Response was assessed at Week 4, Week 8, Week 12, Week 16, and Week 24, and every 2 months +/- 28 days until confirmed disease progression.	Participants who received afamitresgene autoleucel	OG001	MRCLS	1	0	<untitled>	0	2	4	2	8	8	8	0	Complete Response | Partial Response | Stable Disease | Progressive Disease		single class, unit Participants, sum of cells equals the reported denominator	ctg_results_bor_2018_2021.txt :: studies[nct=NCT04044768] :: outcomeMeasures[4] :: groups[OG001]
valid	none	False	NCT03609359	ctg_results_bor_2018_2021	bor	0	Objective Response Rate (ORR)	PRIMARY	COUNT_OF_PARTICIPANTS	Participants	12 months	ORR will be defined as the proportion of patients who achieved CR or PR for best overall response (confirmation required) according to immune-related RECIST (irRECIST) and RECIST v1.1.	OG000	Lenvatinib + Pembrolizumab	1	0	<untitled>	1	19	9	0	29	29	29	0	Complete Response (CR) | Partial Response (PR) | Stable disease (SD) | Progressive disease (PD)	Not Evaluable (NE)	single class, unit Participants, sum of cells equals the reported denominator	ctg_results_bor_2018_2021.txt :: studies[nct=NCT03609359] :: outcomeMeasures[0] :: groups[OG000]
valid	none	False	NCT03761914	ctg_results_bor_2018_2021	bor	0	Overall Response Rate (ORR) - Best Overall Response	PRIMARY	COUNT_OF_PARTICIPANTS	Participants	33 months	Participants who have received at least one dose of pembrolizumab (mITT population). Patients only enrolled in the Ovarian Cancer (OvC) arm. One subject enrolled in the Colorectal Cancer (CRC) arm but	OG000	Ovarian Cancer (OvC)	1	0	<untitled>	0	1	7	8	16	16	16	0	Complete response | Partial response | Stable disease | Progressive disease		single class, unit Participants, sum of cells equals the reported denominator	ctg_results_bor_2018_2021.txt :: studies[nct=NCT03761914] :: outcomeMeasures[0] :: groups[OG000]
unsupported	cross_class	True	NCT04208958	ctg_results_bor_2018_2021	bor	3	Best Overall Response	SECONDARY	COUNT_OF_PARTICIPANTS	Participants	Up to 2 years	The analysis population included all subjects who received at least one dose of VE800 or nivolumab.	OG000	VE800 combination treatment with nivolumab	3	0;1;2	CRC | Melanoma | Gastric	0	1	2	16	19	54	54	-35	CR | CR | CR | PR | PR | PR | SD | SD | SD | PD | PD | PD	NE | Unknown | Unknown | NE | NE | Unknown	cross-class overwrite with conflicting values for PD,PR,SD (last class wins) ; cells drawn from 3 different classes (CRC; Melanoma; Gastric)	ctg_results_bor_2018_2021.txt :: studies[nct=NCT04208958] :: outcomeMeasures[3] :: groups[OG000]
valid	none	False	NCT03415854	ctg_results_bor_2018_2021	bor	0	Best Overall Response (BOR)	PRIMARY	COUNT_OF_PARTICIPANTS	Participants	From enrollment until the end of 3+ treatment cycles (each cycle is 21 days), up to 190 days.		OG000	Paricalcitol (Zemplar)	1	0	<untitled>	0	0	3	11	14	14	14	0	Complete response (CR) | Partial response (PR) | Stable disease (SD) | Progressive disease (PD)		single class, unit Participants, sum of cells equals the reported denominator	ctg_results_bor_2018_2021.txt :: studies[nct=NCT03415854] :: outcomeMeasures[0] :: groups[OG000]
valid	none	False	NCT04639245	ctg_results_bor_2018_2021	bor	1	Best Overall Response	PRIMARY	COUNT_OF_PARTICIPANTS	Participants	1 year post infusion		OG000	Treatment (FH-MagIC TCR-T Cells, Atezolizumab)	1	0	<untitled>	0	0	1	0	1	1	1	0	Complete response | Partial response | Stable disease | Progressive disease		single class, unit Participants, sum of cells equals the reported denominator	ctg_results_bor_2018_2021.txt :: studies[nct=NCT04639245] :: outcomeMeasures[1] :: groups[OG000]
unsupported	none	False	NCT04634825	ctg_results_bor_2018_2021	bor	7	Best Overall Response (BOR)	SECONDARY	COUNT_OF_PARTICIPANTS	Participants	Tumor assessment is conducted 6 weeks after first dose, then every 9 weeks until disease progression, up to 16.5 months		OG000	Retifanlimab Cohort	1	0	<untitled>	0	3	20	15	38	48	48	-10	Complete Response | Partial Response | Stable Disease | Progressive Disease	Not Evaluable	sum of cells 38 != reported denominator 48 (difference -10)	ctg_results_bor_2018_2021.txt :: studies[nct=NCT04634825] :: outcomeMeasures[7] :: groups[OG000]
unsupported	none	False	NCT04634825	ctg_results_bor_2018_2021	bor	7	Best Overall Response (BOR)	SECONDARY	COUNT_OF_PARTICIPANTS	Participants	Tumor assessment is conducted 6 weeks after first dose, then every 9 weeks until disease progression, up to 16.5 months		OG001	Tebotelimab Cohort	1	0	<untitled>	0	2	5	2	9	14	14	-5	Complete Response | Partial Response | Stable Disease | Progressive Disease	Not Evaluable	sum of cells 9 != reported denominator 14 (difference -5)	ctg_results_bor_2018_2021.txt :: studies[nct=NCT04634825] :: outcomeMeasures[7] :: groups[OG001]
valid	none	False	NCT04020185	ctg_results_bor_2018_2021	bor	1	Best Overall Response	SECONDARY	COUNT_OF_PARTICIPANTS	Participants	9 months		OG000	Monotherapy 100 μg	1	0	<untitled>	0	0	0	4	4	4	4	0	Complete Response | Partial Response | Stable Disease | Progressive Disease	Not Evaluable	single class, unit Participants, sum of cells equals the reported denominator	ctg_results_bor_2018_2021.txt :: studies[nct=NCT04020185] :: outcomeMeasures[1] :: groups[OG000]
valid	none	False	NCT04020185	ctg_results_bor_2018_2021	bor	1	Best Overall Response	SECONDARY	COUNT_OF_PARTICIPANTS	Participants	9 months		OG001	Monotherapy 200 μg	1	0	<untitled>	0	0	0	3	3	3	3	0	Complete Response | Partial Response | Stable Disease | Progressive Disease	Not Evaluable	single class, unit Participants, sum of cells equals the reported denominator	ctg_results_bor_2018_2021.txt :: studies[nct=NCT04020185] :: outcomeMeasures[1] :: groups[OG001]
valid	none	False	NCT04020185	ctg_results_bor_2018_2021	bor	1	Best Overall Response	SECONDARY	COUNT_OF_PARTICIPANTS	Participants	9 months		OG002	Monotherapy 400 μg	1	0	<untitled>	0	0	1	2	3	3	3	0	Complete Response | Partial Response | Stable Disease | Progressive Disease	Not Evaluable	single class, unit Participants, sum of cells equals the reported denominator	ctg_results_bor_2018_2021.txt :: studies[nct=NCT04020185] :: outcomeMeasures[1] :: groups[OG002]
valid	none	False	NCT04020185	ctg_results_bor_2018_2021	bor	1	Best Overall Response	SECONDARY	COUNT_OF_PARTICIPANTS	Participants	9 months		OG003	Monotherapy 800 μg	1	0	<untitled>	0	0	0	2	2	2	2	0	Complete Response | Partial Response | Stable Disease | Progressive Disease	Not Evaluable	single class, unit Participants, sum of cells equals the reported denominator	ctg_results_bor_2018_2021.txt :: studies[nct=NCT04020185] :: outcomeMeasures[1] :: groups[OG003]
valid	none	False	NCT04020185	ctg_results_bor_2018_2021	bor	1	Best Overall Response	SECONDARY	COUNT_OF_PARTICIPANTS	Participants	9 months		OG004	Monotherapy 1200 μg	1	0	<untitled>	0	0	0	6	6	6	6	0	Complete Response | Partial Response | Stable Disease | Progressive Disease	Not Evaluable	single class, unit Participants, sum of cells equals the reported denominator	ctg_results_bor_2018_2021.txt :: studies[nct=NCT04020185] :: outcomeMeasures[1] :: groups[OG004]
valid	none	False	NCT04020185	ctg_results_bor_2018_2021	bor	1	Best Overall Response	SECONDARY	COUNT_OF_PARTICIPANTS	Participants	9 months		OG005	Combination Therapy 800 μg	1	0	<untitled>	0	0	1	3	4	4	4	0	Complete Response | Partial Response | Stable Disease | Progressive Disease	Not Evaluable	single class, unit Participants, sum of cells equals the reported denominator	ctg_results_bor_2018_2021.txt :: studies[nct=NCT04020185] :: outcomeMeasures[1] :: groups[OG005]
valid	none	False	NCT04020185	ctg_results_bor_2018_2021	bor	1	Best Overall Response	SECONDARY	COUNT_OF_PARTICIPANTS	Participants	9 months		OG006	Combination Therapy 1200 μg	1	0	<untitled>	0	1	0	4	5	5	5	0	Complete Response | Partial Response | Stable Disease | Progressive Disease	Not Evaluable	single class, unit Participants, sum of cells equals the reported denominator	ctg_results_bor_2018_2021.txt :: studies[nct=NCT04020185] :: outcomeMeasures[1] :: groups[OG006]
valid	none	False	NCT04020185	ctg_results_bor_2018_2021	bor	1	Best Overall Response	SECONDARY	COUNT_OF_PARTICIPANTS	Participants	9 months		OG007	Combination Therapy 2400 μg	1	0	<untitled>	0	0	1	3	4	4	4	0	Complete Response | Partial Response | Stable Disease | Progressive Disease	Not Evaluable	single class, unit Participants, sum of cells equals the reported denominator	ctg_results_bor_2018_2021.txt :: studies[nct=NCT04020185] :: outcomeMeasures[1] :: groups[OG007]
valid	none	False	NCT04753216	ctg_results_bor_2018_2021	bor	1	Overall Best Response	SECONDARY	COUNT_OF_PARTICIPANTS	Participants	Approximately 29 Weeks		OG000	Treatment (Bevacizumab, Irinotecan Sucrosofate)	1	0	<untitled>	0	2	0	0	2	2	2	0	Complete Response | Partial Response | Stable Disease | Progressive Disease		single class, unit Participants, sum of cells equals the reported denominator	ctg_results_bor_2018_2021.txt :: studies[nct=NCT04753216] :: outcomeMeasures[1] :: groups[OG000]
unsupported	none	False	NCT04649060	ctg_results_bor_2018_2021	bor	3	Best Response	SECONDARY	COUNT_OF_PARTICIPANTS	Participants	From the date of randomization until the end of study (approximately 12 months).	Analysis was performed using the Full Analysis Set (FAS).	OG000	Arm A (Melflufen+Dexamethasone+Daratumumab)	1	0	<untitled>	1	11	3	1	16	27	27	-11	Complete Response (CR) | Partial Response (PR) | Stable Disease (SD) | Progressive Disease (PD)	Very Good Partial Response (VGPR) | Minimal Response (MR) | Not Evaluable (NE)	sum of cells 16 != reported denominator 27 (difference -11)	ctg_results_bor_2018_2021.txt :: studies[nct=NCT04649060] :: outcomeMeasures[3] :: groups[OG000]
unsupported	none	False	NCT04649060	ctg_results_bor_2018_2021	bor	3	Best Response	SECONDARY	COUNT_OF_PARTICIPANTS	Participants	From the date of randomization until the end of study (approximately 12 months).	Analysis was performed using the Full Analysis Set (FAS).	OG001	Arm B (Daratumumab)	1	0	<untitled>	0	5	5	5	15	27	27	-12	Complete Response (CR) | Partial Response (PR) | Stable Disease (SD) | Progressive Disease (PD)	Very Good Partial Response (VGPR) | Minimal Response (MR) | Not Evaluable (NE)	sum of cells 15 != reported denominator 27 (difference -12)	ctg_results_bor_2018_2021.txt :: studies[nct=NCT04649060] :: outcomeMeasures[3] :: groups[OG001]
unsupported	none	False	NCT03212274	ctg_results_bor_2018_2021	bor	0	Overall Response Rate	PRIMARY	COUNT_OF_PARTICIPANTS	Participants	Up to completion of 8 weeks of treatment		OG000	Cohort 1A-Glioma Naïve to IDH I	1	0	<untitled>	0	0	9	6	15	16	16	-1	Complete Response (CR) | Partial Response (PR) | Stable Disease (SD) | Progressive Disease (PD)	Not Evaluable	sum of cells 15 != reported denominator 16 (difference -1)	ctg_results_bor_2018_2021.txt :: studies[nct=NCT03212274] :: outcomeMeasures[0] :: groups[OG000]
unsupported	none	False	NCT03212274	ctg_results_bor_2018_2021	bor	0	Overall Response Rate	PRIMARY	COUNT_OF_PARTICIPANTS	Participants	Up to completion of 8 weeks of treatment		OG001	Cohort 1B- Glioma Pretreated	1	0	<untitled>	0	0	8	5	13	16	16	-3	Complete Response (CR) | Partial Response (PR) | Stable Disease (SD) | Progressive Disease (PD)	Not Evaluable	sum of cells 13 != reported denominator 16 (difference -3)	ctg_results_bor_2018_2021.txt :: studies[nct=NCT03212274] :: outcomeMeasures[0] :: groups[OG001]
valid	none	False	NCT03212274	ctg_results_bor_2018_2021	bor	0	Overall Response Rate	PRIMARY	COUNT_OF_PARTICIPANTS	Participants	Up to completion of 8 weeks of treatment		OG002	Cohort 2A- Cholangio Naive	1	0	<untitled>	0	0	6	9	15	15	15	0	Complete Response (CR) | Partial Response (PR) | Stable Disease (SD) | Progressive Disease (PD)	Not Evaluable	single class, unit Participants, sum of cells equals the reported denominator	ctg_results_bor_2018_2021.txt :: studies[nct=NCT03212274] :: outcomeMeasures[0] :: groups[OG002]
unsupported	none	False	NCT03212274	ctg_results_bor_2018_2021	bor	0	Overall Response Rate	PRIMARY	COUNT_OF_PARTICIPANTS	Participants	Up to completion of 8 weeks of treatment		OG003	Cohort 2B-Cholangio- Pretreated	1	0	<untitled>	0	0	8	4	12	16	16	-4	Complete Response (CR) | Partial Response (PR) | Stable Disease (SD) | Progressive Disease (PD)	Not Evaluable	sum of cells 12 != reported denominator 16 (difference -4)	ctg_results_bor_2018_2021.txt :: studies[nct=NCT03212274] :: outcomeMeasures[0] :: groups[OG003]
unsupported	none	False	NCT03212274	ctg_results_bor_2018_2021	bor	0	Overall Response Rate	PRIMARY	COUNT_OF_PARTICIPANTS	Participants	Up to completion of 8 weeks of treatment		OG004	Cohort 3A Other -Naive	1	0	<untitled>	0	0	7	15	22	25	25	-3	Complete Response (CR) | Partial Response (PR) | Stable Disease (SD) | Progressive Disease (PD)	Not Evaluable	sum of cells 22 != reported denominator 25 (difference -3)	ctg_results_bor_2018_2021.txt :: studies[nct=NCT03212274] :: outcomeMeasures[0] :: groups[OG004]
valid	none	False	NCT03212274	ctg_results_bor_2018_2021	bor	0	Overall Response Rate	PRIMARY	COUNT_OF_PARTICIPANTS	Participants	Up to completion of 8 weeks of treatment		OG005	Cohort 3B Other -Pretreated	1	0	<untitled>	0	0	1	0	1	1	1	0	Complete Response (CR) | Partial Response (PR) | Stable Disease (SD) | Progressive Disease (PD)	Not Evaluable	single class, unit Participants, sum of cells equals the reported denominator	ctg_results_bor_2018_2021.txt :: studies[nct=NCT03212274] :: outcomeMeasures[0] :: groups[OG005]
unsupported	none	False	NCT04068181	ctg_results_bor_2018_2021	bor	3	BOR Per Modified RECIST v1.1	SECONDARY	COUNT_OF_PARTICIPANTS	Participants	Every 12 weeks. Maximum overall time on-study (treatment + follow up) was 46.23 months	Full Analysis Set: Includes all enrolled participants who have received at least 1 dose of talimogene laherparepvec and 1 dose of pembrolizumab in combination.	OG000	Cohort 1 - Locally Recurrent/Metastatic - Primary Resistance	1	0	<untitled>	0	1	7	11	19	26	26	-7	CR | PR | SD | PD	UE | Non-CR/Non-PD | Not Done	sum of cells 19 != reported denominator 26 (difference -7)	ctg_results_bor_2018_2021.txt :: studies[nct=NCT04068181] :: outcomeMeasures[3] :: groups[OG000]
unsupported	none	False	NCT04068181	ctg_results_bor_2018_2021	bor	3	BOR Per Modified RECIST v1.1	SECONDARY	COUNT_OF_PARTICIPANTS	Participants	Every 12 weeks. Maximum overall time on-study (treatment + follow up) was 46.23 months	Full Analysis Set: Includes all enrolled participants who have received at least 1 dose of talimogene laherparepvec and 1 dose of pembrolizumab in combination.	OG001	Cohort 2 - Locally Recurrent/Metastatic - Acquired Resistance	1	0	<untitled>	0	1	4	5	10	15	15	-5	CR | PR | SD | PD	UE | Non-CR/Non-PD | Not Done	sum of cells 10 != reported denominator 15 (difference -5)	ctg_results_bor_2018_2021.txt :: studies[nct=NCT04068181] :: outcomeMeasures[3] :: groups[OG001]
valid	none	False	NCT04068181	ctg_results_bor_2018_2021	bor	3	BOR Per Modified RECIST v1.1	SECONDARY	COUNT_OF_PARTICIPANTS	Participants	Every 12 weeks. Maximum overall time on-study (treatment + follow up) was 46.23 months	Full Analysis Set: Includes all enrolled participants who have received at least 1 dose of talimogene laherparepvec and 1 dose of pembrolizumab in combination.	OG002	Cohort 3 - Adjuvant Setting - Disease Free Interval < 6 Months	1	0	<untitled>	3	3	0	9	15	15	15	0	CR | PR | SD | PD	UE | Non-CR/Non-PD | Not Done	single class, unit Participants, sum of cells equals the reported denominator	ctg_results_bor_2018_2021.txt :: studies[nct=NCT04068181] :: outcomeMeasures[3] :: groups[OG002]
unsupported	none	False	NCT04068181	ctg_results_bor_2018_2021	bor	3	BOR Per Modified RECIST v1.1	SECONDARY	COUNT_OF_PARTICIPANTS	Participants	Every 12 weeks. Maximum overall time on-study (treatment + follow up) was 46.23 months	Full Analysis Set: Includes all enrolled participants who have received at least 1 dose of talimogene laherparepvec and 1 dose of pembrolizumab in combination.	OG003	Cohort 4 - Adjuvant Setting - Disease Free Interval ≥ 6 Months	1	0	<untitled>	3	4	6	1	14	15	15	-1	CR | PR | SD | PD	UE | Non-CR/Non-PD | Not Done	sum of cells 14 != reported denominator 15 (difference -1)	ctg_results_bor_2018_2021.txt :: studies[nct=NCT04068181] :: outcomeMeasures[3] :: groups[OG003]
unsupported	within_class	False	NCT03671564	ctg_results_bor_2018_2021	bor	7	Number of Participants With Best Response Following Administration of Milademetan in Participants With Relapsed or Refractory Acute Myeloid Leukemia	SECONDARY	COUNT_OF_PARTICIPANTS	Participants	From the start of study treatment to the end of study treatment, up to 1 year	Best Response was assessed on the Efficacy Analysis Set.	OG000	Milademetan (90 mg/Day)	1	0	<untitled>	0	0	1	1	2	4	4	-2	Complete remission (CR) | CR with partial hematological recovery (CRh) | CR with incomplete hematological recovery (CRi) | Partial remission (PR) | Stable disease (SD) | Progressive disease (PD)	Morphologic leukemia-free state (MLFS) | Not applicable (NA) | Not Evaluable (NE)	repeated cross-class assignment (values agreed) for CR ; sum of cells 2 != reported denominator 4 (difference -2)	ctg_results_bor_2018_2021.txt :: studies[nct=NCT03671564] :: outcomeMeasures[7] :: groups[OG000]
unsupported	within_class	False	NCT03671564	ctg_results_bor_2018_2021	bor	7	Number of Participants With Best Response Following Administration of Milademetan in Participants With Relapsed or Refractory Acute Myeloid Leukemia	SECONDARY	COUNT_OF_PARTICIPANTS	Participants	From the start of study treatment to the end of study treatment, up to 1 year	Best Response was assessed on the Efficacy Analysis Set.	OG001	Milademetan (120 mg/Day)	1	0	<untitled>	0	0	0	1	1	5	5	-4	Complete remission (CR) | CR with partial hematological recovery (CRh) | CR with incomplete hematological recovery (CRi) | Partial remission (PR) | Stable disease (SD) | Progressive disease (PD)	Morphologic leukemia-free state (MLFS) | Not applicable (NA) | Not Evaluable (NE)	repeated cross-class assignment (values agreed) for CR ; sum of cells 1 != reported denominator 5 (difference -4)	ctg_results_bor_2018_2021.txt :: studies[nct=NCT03671564] :: outcomeMeasures[7] :: groups[OG001]
valid	none	False	NCT03573947	ctg_results_bor_2018_2021	bor	2	Estimate the Overall Response Rate With the Study Combination.	SECONDARY	COUNT_OF_PARTICIPANTS	Participants	up to 4 years		OG000	nivolumab, ipilimumab and paclitaxel	1	0	<untitled>	2	20	19	5	46	46	46	0	Complete response | Partial response | Stable disease | Progressive disease		single class, unit Participants, sum of cells equals the reported denominator	ctg_results_bor_2018_2021.txt :: studies[nct=NCT03573947] :: outcomeMeasures[2] :: groups[OG000]
