gene	SRR35940646:Si19	SRR35940647:Si17	SRR35940648:Si16	SRR35940649:Si15	SRR35940650:Si14	SRR35940651:Si10	SRR35940652:Si09	SRR35940653:Si05	SRR35940654:Si22	SRR35940655:Si20	SRR35940656:Si02	SRR35940657:Si01
AARS1	491	987	359	435	683	61	107	888	471	448	446	138
ABHD14B	176	795	374	287	1048	215	62	213	926	1682	329	266
ABHD17A	103	399	252	92	516	111	87	121	257	339	97	288
ABI1	228	640	1771	534	799	178	104	236	559	881	294	354
ABLIM2	206	351	29	270	217	77	145	268	406	1624	246	124
ABR	225	540	822	407	633	99	53	47	708	456	179	643
ACACA	116	408	225	149	305	163	84	75	279	671	86	186
ACAP2	222	344	977	227	188	112	101	286	520	663	72	59
ACAP3	168	279	1194	235	416	101	64	438	184	1600	192	98
ACOX1	119	457	355	219	465	116	87	59	428	370	64	108
ACTB	243	633	1546	399	639	187	120	138	464	517	256	481
ACTG1	625	1981	2130	913	1839	645	270	500	1115	1358	429	835
ACTR1A	76	317	487	187	410	137	58	78	850	534	131	101
ACTR3	421	795	2850	331	633	219	106	426	676	1430	299	436
ADCY3	360	462	451	236	474	31	98	58	511	695	75	41
ADPGK	382	823	1784	302	737	226	112	139	484	1095	235	371
AEBP2	724	1137	1591	811	1966	317	124	374	1456	5136	1001	189
AFDN	423	690	378	347	560	33	63	224	362	407	88	94
AFG2A	421	621	436	564	465	40	50	417	306	926	346	145
AGO1	197	690	231	572	389	86	75	81	464	752	314	215
AGO4	334	591	435	146	447	284	61	200	240	483	189	359
AHNAK	1012	936	4497	1651	3054	756	484	1007	815	543	892	1659
AHNAK2	129	460	193	160	81	116	60	219	525	474	98	218
AIRIM	23	471	111	228	354	171	104	121	577	307	221	289
AKAP13	395	998	2503	1187	1277	388	121	264	1001	1220	356	448
AKAP9	436	1759	1269	1067	983	336	139	294	1182	1727	535	428
ALDH1L2	138	570	70	52	250	48	67	44	393	324	85	115
ALDOA	1849	7373	4581	3308	8785	1121	652	905	7813	4776	3988	3439
AMY2A	635	592	333	838	363	153	193	93	458	994	665	93
ANAPC16	68	48	115	41	210	183	112	297	194	190	252	43
ANAPC5	438	1172	689	341	805	250	109	165	1420	3227	443	67
ANGPTL2	290	108	685	81	274	55	41	89	69	60	53	219
ANKFY1	167	595	957	289	638	147	75	112	494	1606	106	210
ANKRD10	1034	1759	1330	1301	2041	276	313	703	2821	3201	1465	572
ANKRD11	367	1622	1517	564	1237	340	143	179	1073	1398	866	466
ANKRD36	145	662	276	145	459	56	97	343	300	493	240	60
ANP32E	233	1384	403	336	903	56	135	85	517	641	230	171
ANXA11	50	296	1192	400	679	105	88	138	603	372	97	157
ANXA5	158	608	430	86	167	69	61	100	365	1580	66	80
APAF1	140	372	421	167	73	61	73	129	301	764	91	48
APH1A	599	4196	1606	518	2365	201	116	233	1712	1699	736	1139
API5	350	1268	1040	541	749	156	111	110	1451	1439	103	461
APOL6	266	158	738	188	559	46	75	47	362	469	110	176
APP	120	902	575	331	650	190	99	710	2030	404	358	429
APRT	130	1111	369	593	810	133	77	161	1575	762	388	292
ARAP1	277	422	1014	437	594	139	63	169	510	1080	334	303
ARFGAP1	99	275	100	176	31	66	32	136	89	354	59	61
ARHGAP21	485	570	1517	899	800	514	225	848	506	572	432	354
ARIH2	74	584	905	337	572	191	97	121	372	1506	167	51
ARMC8	89	381	511	271	240	124	69	228	257	463	412	320
ASAP1	572	1268	3496	632	1259	260	176	393	1214	1859	497	425
ASB1	42	170	363	167	206	38	37	77	50	241	110	23
ASH2L	928	1973	977	1279	1870	562	208	717	1743	1932	786	398
ATF6B	136	259	604	380	512	146	134	400	460	383	251	329
ATG16L2	189	264	373	153	348	103	93	191	166	430	114	539
ATP2A2	261	1718	456	345	850	56	94	132	1613	1914	190	141
ATP5F1A	1320	6445	1055	2118	3672	273	279	432	3263	4152	745	67
ATP5F1B	2068	10008	933	2624	7367	133	551	401	15667	11557	1547	903
ATP5F1C	72	466	221	138	288	22	46	32	706	445	43	104
ATP5PO	320	2013	445	489	858	79	37	99	1126	869	236	185
ATP6AP2	257	469	1554	458	862	123	50	61	637	559	129	293
ATP6V1B2	80	122	169	57	32	38	82	44	199	188	206	228
ATP6V1G1	80	451	318	149	320	20	21	108	441	366	98	176
ATP6V1G2-DDX39B	437	649	597	184	514	134	161	183	672	894	215	154
ATRX	278	641	483	418	643	238	56	278	560	1085	244	56
AUP1	640	3765	3783	1166	2828	148	179	427	1371	3019	791	849
BAX	302	1599	2160	124	1000	357	197	197	1732	1981	409	133
BAZ2A	612	939	866	1039	1422	314	196	84	1899	2484	258	319
BCAP31	203	1336	1563	536	1204	215	42	89	1055	575	215	293
BCAR1	169	796	820	648	994	137	86	117	588	638	595	224
BCAT1	1156	3949	964	1903	3006	573	491	1034	4112	886	411	550
BCKDHB	97	1073	239	470	1172	153	214	180	1436	1242	388	66
BCL6	97	221	481	245	321	36	68	121	1345	957	189	165
BCL7C	613	2336	2362	729	1642	163	227	271	804	1229	174	407
BCL9L	370	1139	1088	452	1177	420	252	862	724	507	588	716
BEX3	701	1535	1791	962	1737	143	168	259	820	2203	149	361
BGN	777	5241	247	3318	8615	246	352	600	7077	639	290	1201
BHLHE40	304	291	1329	117	298	369	137	189	178	666	424	932
BIVM-ERCC5	236	409	435	197	395	115	62	146	632	718	405	125
BMERB1	226	217	449	476	755	41	25	66	544	201	133	198
BOC	921	538	188	243	290	1357	66	132	265	511	69	307
BRCC3	50	122	288	97	315	126	64	56	86	388	155	95
BRD1	205	966	458	396	504	127	73	470	674	761	266	210
BRD9	200	1144	482	587	642	71	47	89	516	1341	73	197
BSG	808	2991	1617	942	6148	149	247	463	6177	2131	596	668
BTAF1	267	490	612	266	786	122	55	84	450	1661	510	220
BTBD3	1853	3144	311	3225	5487	914	317	1506	4092	1525	1004	874
BTF3	405	1584	1167	985	1741	102	143	429	1922	2713	272	138
C6orf47	278	190	450	86	316	72	84	154	190	430	275	135
CABIN1	240	418	388	438	619	218	243	340	414	579	213	218
CALCOCO1	226	450	235	530	378	284	133	241	478	779	274	45
CALCOCO2	505	466	1209	1075	1027	318	218	197	1403	1364	206	117
CALD1	529	1238	5613	270	875	230	69	245	1395	879	548	672
CALM3	553	643	284	539	489	908	172	1147	79	734	779	553
CALR	1405	6788	4708	1655	2616	662	306	186	5195	2385	296	501
CCDC85B	47	285	294	248	438	60	60	107	384	335	122	171
CCDC93	169	376	566	131	352	59	57	98	262	592	138	138
CCNI	365	1165	459	349	1050	50	199	506	654	1440	218	417
CCNL1	117	92	214	77	115	83	75	111	124	626	158	64
CCNL2	600	1175	847	787	832	53	163	712	695	1811	481	65
CCT7	992	3783	1952	1879	4253	487	467	151	2926	4337	1117	522
CD151	1214	3813	4452	1564	4813	435	342	211	3882	3643	623	944
CD44	1330	2839	6328	2694	4660	515	523	1337	1381	555	587	1140
CD46	480	1197	511	511	1241	226	70	302	472	2589	367	546
CD55	1661	10358	2278	3864	11307	748	1307	13340	2050	2280	742	515
CD81	688	1703	2623	1236	4096	54	290	154	1301	1370	91	675
CD99	102	937	2111	358	709	43	63	69	1539	341	129	760
CD99L2	595	1983	3715	768	1579	384	59	119	1829	556	192	588
CDC16	311	813	459	205	553	160	136	223	687	1536	267	171
CDC5L	181	393	699	511	439	70	39	135	571	721	331	40
CDK5RAP1	116	134	79	89	118	73	26	72	82	261	38	138
CDK5RAP2	172	312	338	159	156	70	71	73	371	338	90	191
CDK5RAP3	200	579	429	170	405	192	66	247	150	621	238	130
CDKAL1	184	354	370	306	217	105	32	71	299	650	115	39
CENPC	321	606	648	404	320	60	115	310	254	536	447	311
CHCHD10	531	2302	566	939	2009	47	57	546	967	840	810	521
CHCHD5	68	195	160	17	126	43	23	55	204	231	24	92
CHD2	254	485	497	364	359	155	62	83	251	794	325	237
CHID1	625	3287	803	670	2140	99	113	334	1150	2609	175	658
CHKB-CPT1B	474	1127	1171	681	692	261	54	94	880	2109	315	363
CHSY1	818	809	760	836	1058	195	503	432	360	780	56	285
CIRBP	983	1256	533	1375	1406	94	63	528	688	1123	631	82
CIRSR	374	936	1274	630	829	279	196	82	727	871	536	116
CLIC4	295	855	2453	545	1435	97	265	93	422	1688	357	668
CLIP2	30	319	118	228	139	50	107	115	117	177	153	19
CNBP	297	1451	894	879	1320	52	114	140	1687	1542	206	309
CNOT1	147	378	371	257	597	57	170	107	379	483	218	112
CNOT8	206	845	969	324	609	70	56	140	495	869	167	225
CNTRL	108	195	292	120	40	62	25	96	95	391	103	23
COL1A1	2202	4075	12176	247	1669	1152	316	716	1751	1095	78	4560
COL4A1	356	1107	4167	214	490	111	27	293	1122	851	194	466
COL6A1	629	2101	9453	779	2622	459	352	483	1185	698	134	1467
COL6A3	1383	1943	1272	971	3796	506	270	549	2977	645	360	1102
COPA	998	7935	1964	1855	3750	472	251	750	3446	4956	566	640
COPS6	197	500	1005	367	494	50	110	73	935	670	43	229
COQ10A	89	193	63	189	227	65	40	31	463	393	60	85
CORO1B	291	970	1990	451	928	214	74	123	1150	1087	446	467
COX8A	740	2875	1313	1427	2878	195	303	390	1403	1057	395	371
CPE	502	357	66	710	1724	269	92	113	810	55	839	210
CPSF1	378	1563	586	640	325	322	40	213	1094	5467	476	233
CPXM1	33	3359	140	100	822	112	68	99	1078	609	150	86
CREB3L2	668	1388	251	712	969	134	113	140	825	2455	127	61
CRTAP	412	1553	899	494	1924	70	161	287	2165	823	131	237
CRY1	35	419	192	172	1195	59	50	281	1939	411	83	80
CRY2	400	300	546	1128	1027	183	68	465	349	890	194	227
CSDE1	597	2652	1810	1171	2595	293	371	75	1840	2847	627	813
CSF1R	338	179	3269	223	457	99	191	72	266	836	155	1191
CSGALNACT2	1187	748	197	717	1828	173	254	768	474	614	659	346
CSNK1A1	22	227	196	95	216	47	21	74	147	253	47	55
CSNK2A3	40	469	244	293	186	53	38	99	575	485	160	145
CSPG4	355	645	30	1604	1394	45	80	382	219	65	35	227
CSRNP1	233	32	240	340	588	566	238	222	132	1233	70	726
CTBP1	408	1112	1199	678	1103	314	51	69	1310	2683	361	354
CTDNEP1	392	1567	1803	831	948	167	32	559	1314	2237	401	337
CTNNB1	772	1809	1407	963	1653	191	212	326	1703	2347	375	384
CTNNBIP1	371	769	749	775	1027	245	177	93	486	870	432	56
CTTN	157	235	273	199	287	83	31	210	187	360	287	79
CUEDC2	331	436	730	578	1191	64	45	198	786	614	241	81
CUTA	180	796	466	479	741	116	42	84	769	860	206	336
CWC15	82	317	208	86	258	77	94	126	201	268	78	107
DACT1	77	97	96	32	96	120	58	198	30	21	136	132
DAP	318	2241	2081	481	553	182	19	82	724	1118	515	245
DBI	23	221	557	181	160	136	149	70	354	392	33	188
DBNL	355	836	1185	642	879	205	311	567	266	902	502	588
DDAH2	133	515	1082	60	416	105	45	70	189	316	45	124
DDRGK1	193	1048	746	571	705	64	114	288	920	1006	99	348
DDX17	1054	1338	608	1146	1141	232	243	554	1632	2881	1020	386
DDX3X	183	702	976	540	1362	265	48	111	1215	2092	164	323
DDX5	882	1170	1093	893	1954	465	144	927	1146	3213	828	274
DEAF1	426	1033	308	603	918	48	58	380	537	976	420	106
DEK	277	462	867	520	267	64	212	51	606	764	272	126
DELE1	395	681	280	521	440	67	235	164	120	368	440	58
DHX30	235	689	308	411	483	72	199	189	363	577	86	62
DKK3	891	3143	60	2756	4233	3058	1260	370	974	48	97	7346
DLG1	462	1086	1224	299	486	148	326	143	955	1123	158	95
DMWD	317	438	683	293	484	46	68	352	315	642	191	86
DNAJC3	103	492	421	288	361	193	67	123	383	1500	938	151
DNM1L	165	374	211	341	335	54	60	83	226	1073	94	78
DNM2	209	269	558	292	296	51	49	282	176	529	100	159
DOCK1	226	217	363	196	551	198	63	211	734	370	42	165
DPYSL2	235	312	1047	310	757	144	92	82	683	122	70	231
DST	244	112	1087	599	862	105	56	312	405	137	294	408
DUSP1	567	238	2008	462	1572	220	549	363	1725	1843	84	1776
DYNLL1	311	636	423	183	622	247	334	46	1002	1022	206	170
ECHDC2	597	1018	172	794	1720	108	165	685	849	660	1203	269
ECI1	325	2996	315	914	1511	174	132	183	2993	2258	141	231
ECSIT	346	2206	479	596	1646	131	147	709	1205	1680	448	242
EEF1A1	243	558	175	253	315	19	46	179	1146	1802	269	53
EEF1D	237	1060	136	312	465	123	45	671	410	736	377	83
EEF2	1561	7260	1766	2445	6423	390	537	1371	4768	6673	4337	1368
EGLN1	146	300	158	74	237	79	79	175	277	324	63	31
EHD4	35	125	858	40	221	57	113	92	507	259	70	280
EIF2D	123	1248	304	256	388	131	72	275	433	657	196	221
EIF2S3	495	1120	1160	670	1257	88	121	76	898	2351	258	131
EIF2S3B	775	1684	1488	856	3292	735	523	492	2457	5313	1664	624
EIF3B	438	2930	1859	1271	2897	190	253	698	2804	2490	1024	562
EIF3E	1370	9084	4351	2516	7239	526	381	138	8160	15947	5397	1483
EIF3H	389	2513	732	766	1636	164	111	274	2944	2878	707	136
EIF4A2	429	1387	468	887	1351	58	57	283	3692	3437	580	55
EIF4EBP1	26	1566	349	384	294	58	52	80	392	533	131	68
EIF4G1	515	2747	1667	787	1128	156	42	237	1840	1892	731	939
EIF4G2	118	404	683	200	269	56	142	310	1503	1255	148	83
ELL	129	68	284	49	138	48	135	164	57	332	108	93
ELP1	140	380	308	219	206	33	41	134	296	801	133	198
ELP2	398	1009	945	580	847	83	96	127	1317	2554	493	163
EMC7	67	575	597	301	603	43	79	302	455	567	179	248
EME2	45	70	75	113	153	36	98	247	76	255	54	65
ENDOV	74	197	181	166	240	81	44	222	137	260	181	149
ENO1	61	242	78	48	201	23	69	103	183	349	182	72
ENSG00000241489.8	95	200	473	558	235	129	243	183	141	477	96	68
ENSG00000254536.2	251	554	364	498	496	190	40	337	392	1393	242	69
ENSG00000255339.6	104	134	190	49	271	39	26	26	203	231	149	59
ENSG00000255508.7	449	2127	431	1050	1392	20	53	573	494	1518	1182	630
ENSG00000256206.2	219	1143	965	407	1058	55	89	119	1460	1663	210	329
ENSG00000257524.6	134	217	804	180	318	83	394	119	285	251	72	107
ENSG00000258674.5	407	1077	404	584	1219	75	144	179	1175	348	107	319
ENSG00000260272.1	164	293	640	177	347	46	62	149	290	482	25	50
ENSG00000261832.6	381	788	822	627	382	41	235	309	2240	2213	264	60
ENSG00000264058.2	587	2588	2767	438	1497	48	193	134	1994	2147	248	57
ENSG00000267360.6	231	244	1155	269	390	56	42	149	272	395	51	111
ENSG00000268193.5	378	2046	738	1044	1587	69	136	230	1322	1837	374	221
ENSG00000269825.6	503	536	2638	598	458	246	58	200	707	1641	394	162
ENSG00000272822.2	224	576	724	369	790	59	83	255	699	828	153	283
ENSG00000273269.3	359	483	363	426	513	53	40	86	283	519	209	41
ENSG00000273345.6	69	310	222	120	387	73	63	73	274	461	62	69
ENSG00000279073.3	1696	3641	478	2250	2555	539	482	1899	2095	6504	1996	249
ENSG00000283465.4	509	1739	274	973	679	40	74	97	1167	1988	2521	93
ENSG00000283738.3	4815	7628	8675	6163	7767	2762	987	6056	12556	17585	8447	4392
ENSG00000283782.2	680	1555	2269	905	1282	383	78	122	1628	2596	1019	369
ENSG00000285238.2	287	1290	764	610	1321	235	212	311	910	1424	353	299
ENSG00000285502.1	42	345	285	149	243	23	29	103	508	344	97	173
ENSG00000285589.1	152	853	569	819	802	44	57	64	554	1071	325	329
ENSG00000285629.1	487	2583	1040	837	1785	100	160	477	1592	2412	1074	509
ENSG00000285779.1	187	609	1354	124	811	111	40	65	283	284	91	454
ENSG00000285932.1	250	457	416	303	703	184	61	289	606	909	42	136
ENSG00000286001.1	390	1620	977	529	1276	208	296	80	1345	1781	364	509
ENSG00000286070.2	158	641	304	240	395	21	24	123	329	581	204	34
ENSG00000286185.1	290	478	1472	436	607	139	44	266	375	457	138	234
ENSG00000289517.1	286	726	496	441	1042	86	82	104	1210	1212	98	300
ENSG00000289685.2	341	806	641	538	230	64	54	266	415	1222	432	90
ENSG00000289720.1	687	1292	1765	750	1303	208	151	282	1142	1768	355	463
ENSG00000289758.1	72	109	808	121	154	82	83	84	360	278	54	270
ENSG00000290230.1	177	1030	577	444	1160	29	86	108	804	1602	68	386
ENSG00000290317.1	126	811	141	283	381	75	22	94	205	618	325	81
ENSG00000290318.1	187	693	2435	363	556	204	121	44	565	906	69	217
ENSG00000291101.2	42	167	266	313	47	113	64	241	235	103	271	582
ENSG00000310796.1	605	1893	1963	692	1635	210	140	129	2006	1677	691	1057
EP300	198	297	358	422	364	57	203	69	312	384	132	239
EPB41L3	138	937	478	474	942	65	100	470	178	105	142	197
EPHX1	883	1804	673	3284	3999	160	265	179	9422	674	1202	2108
EPM2AIP1	277	762	198	244	657	69	235	285	460	971	256	308
EPS15	72	393	312	307	524	100	110	184	159	433	83	340
ERCC1	281	769	249	257	399	55	58	94	482	497	297	171
ERCC3	119	380	191	320	332	56	93	104	240	397	202	160
ERF	840	2352	1456	1703	2520	90	107	581	2464	5314	1176	83
EVL	320	352	598	199	406	139	172	185	384	944	185	202
EXOC3	494	437	507	886	568	28	60	168	494	793	209	203
FADS1	96	459	258	286	462	27	134	54	626	336	252	176
FAM156A	726	1994	1652	793	1781	371	224	1098	834	2754	779	538
FAM168A	334	409	206	299	470	67	93	83	352	341	73	117
FAM168B	278	653	372	170	550	229	91	113	441	1203	235	374
FAM193B	427	761	1133	328	671	207	213	540	290	1478	886	89
FAM20C	1308	4830	687	3342	3349	323	102	626	5253	4187	867	1527
FAU	287	776	373	487	671	156	166	212	913	1323	530	236
FBXL13	141	319	288	245	310	225	345	457	1069	20	333	388
FKBP11	254	1912	321	305	1421	97	40	53	1355	2474	419	174
FKBP3	139	135	71	42	76	29	43	39	78	281	138	53
FKBP4	247	2832	742	850	1592	79	63	469	4547	4904	1313	184
FKBP9	237	1665	2644	413	982	36	167	77	639	396	203	423
FLNA	330	1190	2788	383	759	314	57	210	741	909	111	709
FLNB	1003	6094	5313	1109	4892	484	384	1000	3737	1125	1327	546
FN1	3055	42715	13092	4721	1564	523	1851	1015	589	1410	106	4529
FN3K	122	858	46	162	716	65	43	59	573	601	162	163
FNBP4	534	1142	1113	583	1105	355	175	459	895	3728	880	385
FNDC3B	203	743	593	65	493	206	102	148	434	368	42	81
FOS	401	156	374	258	902	488	732	591	157	1493	104	2600
FRMD4B	96	481	395	216	770	49	67	189	761	437	91	382
FUBP1	599	2125	712	1120	1488	99	317	600	1938	3123	836	422
FUS	783	2463	1749	1182	2057	170	61	864	2764	2649	830	231
G3BP2	32	701	391	274	328	68	116	78	394	742	171	117
GALNS	166	1175	974	670	1420	144	63	288	681	488	228	856
GALNT1	308	1304	865	394	974	241	151	632	1283	887	937	600
GARS1	90	399	655	185	366	55	52	102	373	817	73	73
GAS6	307	1163	806	550	733	139	171	81	1873	757	536	934
GCOM1	898	3736	128	977	4334	226	394	209	2834	593	24	412
GGT6	568	150	254	554	660	466	262	481	570	287	332	637
GLG1	843	2370	2537	1450	2679	398	283	584	1084	1243	806	577
GMDS	97	539	299	131	419	373	64	136	432	938	99	100
GNAI2	93	193	354	198	237	189	141	101	358	393	72	165
GNAS	205	918	468	547	1021	91	102	174	968	990	198	382
GNB1	322	560	357	174	327	60	221	169	1209	379	198	155
GOLGA6L9	583	318	768	518	584	265	130	233	347	870	532	371
GOLGA8A	3118	10594	152	6353	5116	1537	662	1384	8028	37624	3493	860
GOLIM4	644	3331	4050	1288	2052	139	256	1489	2973	4019	1809	270
GOPC	418	1292	1769	458	1184	156	57	171	1043	1350	433	183
GPATCH2L	505	996	1240	562	1272	249	240	228	1179	2124	421	508
GPRIN3	942	578	163	853	566	56	119	570	2245	2890	58	496
GPS1	456	1676	808	446	1106	122	82	362	1252	1782	72	409
GPSM1	116	150	80	247	185	49	35	41	90	155	116	34
GPX1	300	1205	1155	505	1062	128	322	427	746	1335	749	941
GRIA3	264	210	42	712	271	125	241	896	689	407	566	155
GRIPAP1	214	237	213	317	452	120	134	104	284	758	273	44
GSR	116	639	464	153	663	51	119	55	674	721	320	158
GSTP1	857	2659	998	2158	3779	128	581	527	2103	843	1008	2499
GTF2F1	262	910	465	407	1052	74	76	87	747	703	356	156
GTPBP1	285	1701	521	572	1723	196	72	171	1087	1095	452	62
GTPBP4	253	1153	768	348	1123	76	59	103	1196	1529	157	113
GTPBP6	71	404	388	169	94	54	67	259	504	392	124	117
GUK1	296	755	1039	288	1013	339	256	201	282	1066	403	563
H1-2	136	262	306	274	727	56	40	76	279	457	307	44
H1-4	222	369	308	331	370	19	59	306	779	476	323	67
H3-5	307	852	612	361	784	79	79	102	267	576	195	246
H4C1	297	714	691	265	441	52	48	130	35	575	125	80
HARS1	133	452	348	145	267	145	39	78	357	618	45	53
HBEGF	178	400	196	193	1237	77	94	155	113	756	104	77
HBS1L	185	375	48	103	111	142	45	72	158	220	81	31
HCFC1	91	359	287	93	431	37	44	136	277	240	59	104
HCN4	131	4790	24	532	3849	48	64	845	2566	1576	1193	60
HDAC5	211	552	455	466	795	42	135	373	334	359	443	246
HDAC6	481	1099	1192	489	946	86	236	315	1112	1770	374	266
HDGF	1447	6234	3020	1963	5562	602	600	442	4527	4975	1228	1068
HDLBP	317	2173	1052	406	1192	65	135	323	854	1718	416	40
HECA	171	327	699	134	477	21	75	122	214	362	34	209
HECTD4	686	1330	1151	1337	2649	747	161	787	1689	5259	1035	623
HEYL	737	1485	286	139	604	22	109	80	1216	101	34	98
HGSNAT	272	558	597	425	469	143	96	26	587	555	93	84
HIGD2A	273	1256	1650	470	879	47	88	230	1287	1280	399	157
HMBOX1	91	862	959	374	701	164	21	324	1144	1052	313	117
HMGN1	385	3182	1546	1043	1212	60	195	785	1928	1202	728	551
HNRNPA2B1	2131	2349	4167	2956	3278	710	547	1626	1126	11064	1956	285
HNRNPC	241	1023	523	369	1035	67	57	80	448	1030	446	495
HNRNPCL3	230	1671	1082	614	1694	284	303	237	2664	2111	823	429
HNRNPH1	2577	7040	6920	3871	5892	306	651	1505	3637	10575	2888	549
HNRNPH2	454	1425	1338	741	1488	296	219	560	1265	934	538	494
HNRNPH3	929	2457	1995	1321	1716	389	176	351	2057	4418	652	702
HNRNPU	1006	2820	1249	1283	2803	127	183	537	2741	2186	449	498
HNRNPUL1	684	2242	6139	1567	1900	131	395	264	1126	1935	927	847
HNRNPUL2-BSCL2	240	809	1100	304	796	73	104	210	551	781	163	262
HOXC10	243	655	340	517	1053	69	35	104	2152	174	547	247
HOXC9	110	372	127	264	156	78	167	36	198	153	334	49
HP1BP3	565	1640	1851	507	964	328	47	67	1809	1479	425	155
HPS6	109	112	273	91	313	75	64	84	234	233	122	334
HSD17B4	159	390	590	216	365	48	103	249	476	737	256	243
HSP90AB1	1183	4606	1705	2218	3526	758	369	957	4771	7063	1938	253
HSP90B1	377	3281	2313	1041	2492	62	71	460	7344	4419	901	419
HSPA5	79	644	618	147	259	40	47	68	1421	517	95	20
HSPA8	195	909	955	300	1262	92	24	80	691	2450	87	228
HSPB1	254	559	1241	471	541	143	187	192	1309	945	110	271
HUS1	355	853	1072	307	471	177	49	289	545	722	155	179
HYDIN	157	705	56	54	437	147	29	531	548	41	146	45
IFIT1	65	17	2806	48	273	138	63	105	37	32	67	151
IGFBP2	3448	3018	731	4314	10727	1686	1268	103	9968	840	73	923
IGFBP5	2143	6969	18768	5104	11442	637	881	275	6269	4503	4898	2340
IK	139	422	727	161	427	103	87	78	561	608	253	163
IL6R	45	139	106	301	198	45	18	88	77	412	171	352
IL6ST	305	477	6974	394	713	227	276	317	1566	1221	342	48
ILF3	613	1346	701	680	1155	153	272	271	476	1579	730	199
INPPL1	397	884	1137	432	720	85	116	203	967	740	58	128
IPO11	96	382	556	26	385	32	141	243	235	517	179	107
IPO8	246	739	668	516	695	202	52	67	353	1147	189	337
IRGQ	423	1000	287	423	554	56	72	109	365	598	278	204
ISCU	374	781	590	303	971	59	43	142	744	1318	234	206
ITGA3	296	563	151	522	611	204	39	87	445	261	65	167
ITGB1	110	488	962	246	583	39	74	93	366	1144	96	232
ITPR2	129	146	567	100	185	203	28	305	171	9542	127	351
JUN	257	191	655	139	1281	200	58	623	392	990	184	235
JUNB	627	254	571	810	1417	490	780	353	959	1532	324	2708
JUND	399	328	799	367	1640	44	254	378	654	1057	66	622
KAZN	382	324	352	272	551	244	119	133	261	986	247	29
KBTBD2	558	1197	1802	980	861	59	162	263	675	1711	315	126
KDELR1	184	1329	1418	340	923	73	87	204	1191	1608	77	131
KDM5C	333	360	533	473	592	108	206	63	411	1058	78	76
KIF5B	435	1655	2608	433	1852	391	256	775	1009	4394	681	300
KLF9	80	82	1276	383	503	130	42	42	586	621	118	252
KLHDC2	353	1506	512	714	1554	238	213	174	1677	2039	518	143
L3HYPDH	304	755	1092	618	1152	155	126	167	1019	861	368	298
LAMB2	1693	3259	3492	1784	7572	618	187	340	4998	1313	210	884
LAMC1	400	2210	7020	712	1761	328	206	310	1625	1266	142	688
LAMP1	778	2271	2687	857	2363	333	456	492	1892	964	656	1725
LAP3	188	533	473	364	415	49	51	159	448	821	114	213
LARP1	149	1051	908	601	974	386	24	123	890	1311	459	148
LDB1	295	476	363	407	807	161	149	311	610	932	207	191
LDLRAP1	168	628	244	235	394	37	29	91	522	426	159	107
LEPROT	62	530	1337	319	1015	84	240	98	1246	640	86	173
LGALS1	348	852	2274	223	940	388	336	313	694	308	98	816
LMNA	338	1610	1560	919	1882	143	426	421	1787	2621	237	671
LMO4	436	1594	55	1001	1318	186	180	371	1288	294	351	382
LRP1	2268	3186	3730	2040	4211	470	553	979	2083	1593	1062	3053
LTBP2	297	354	458	139	1009	441	177	192	257	140	43	396
LTBP4	653	1765	14376	2338	2850	456	415	1290	1123	1370	274	177
LTBR	353	1214	1651	587	1199	200	42	428	2309	807	544	357
LUZP1	321	856	883	202	697	140	46	147	477	689	194	169
LYPLA1	18	343	42	42	250	56	33	75	240	367	26	141
MAF	732	7035	2415	1742	2367	170	164	776	1026	1910	973	861
MAGI2	19	199	277	153	259	138	100	140	388	361	146	65
MAGOH	241	691	759	392	379	389	151	90	388	789	68	251
MAN1A1	605	7075	484	850	4260	103	342	1539	1742	3131	535	530
MAP2K2	470	1789	1744	945	1550	89	390	601	1189	1726	1234	558
MAP4	193	566	1062	285	513	106	129	121	774	725	63	60
MAPKAPK2	262	947	552	167	603	61	45	302	1295	878	143	187
MARCHF6	321	904	482	412	976	87	181	562	758	1430	1745	378
MARK3	107	232	340	132	190	66	37	121	144	416	91	90
MAST2	364	169	307	494	249	67	55	201	105	243	126	137
MAX	102	435	548	293	616	111	22	102	494	930	299	333
MBNL2	199	646	353	451	1146	115	226	339	474	943	245	225
MCFD2	237	995	432	651	1027	63	108	263	1043	787	75	264
MCL1	435	550	1086	424	932	376	72	544	440	2601	168	1168
MCPH1	130	250	196	103	226	56	36	192	287	186	189	128
MDFIC	459	345	1283	893	1710	362	169	116	2049	3068	752	474
MDK	516	2149	430	1352	654	152	362	699	7501	1305	463	199
MDM2	409	1343	1605	276	1015	275	83	214	2030	6994	1344	175
MDM4	577	2345	1500	810	1849	450	47	598	1858	6834	419	434
MED12	72	522	291	166	515	56	64	181	971	744	162	70
MED13L	682	736	716	387	485	48	27	376	895	1499	276	162
METAP2	155	550	294	132	291	66	38	151	791	1298	315	248
METTL26	117	945	578	404	817	62	96	195	1012	1164	390	50
MGAT4B	205	1843	669	618	1120	114	46	100	483	1195	331	137
MIA3	731	3643	659	1126	2449	168	58	1105	2163	1876	2241	301
MKNK2	500	604	877	1251	1626	208	375	442	1182	2087	668	503
MLLT10	56	264	138	126	179	48	18	74	262	680	92	96
MLLT6	437	920	1206	860	1903	48	98	181	1675	5643	235	137
MMP14	554	3377	12389	270	1200	159	317	99	486	1487	274	651
MMP2	970	1305	3730	741	1995	217	293	282	349	203	47	1351
MRC2	778	1530	2893	1075	3418	701	135	758	2047	3213	50	726
MRNIP	149	484	389	306	610	47	193	301	820	769	384	74
MRPL41	474	1738	127	1831	1604	134	196	381	1041	382	731	353
MRPS10	326	588	533	334	552	113	30	60	904	820	373	123
MRPS25	568	1511	537	732	1114	89	78	377	1494	2436	714	66
MSH3	234	445	370	352	187	84	89	125	394	1001	117	83
MTCL2	459	1355	1277	466	784	98	47	220	633	602	158	111
MTHFD2	42	529	299	111	461	32	54	314	237	1020	420	115
MUC20	84	490	35	109	137	139	54	389	432	233	589	410
MUC20-OT1	527	1637	716	743	610	177	193	502	195	807	630	422
MXRA7	69	198	1171	287	189	68	66	102	405	674	34	277
MYADM	165	339	2866	435	1043	151	104	82	395	2073	109	515
MYCBP2	707	725	1600	366	1550	185	83	155	811	1860	755	316
MYH10	187	568	60	370	778	87	69	197	494	248	183	211
MYL6	32	107	294	162	338	160	127	90	215	405	354	83
MYO18A	561	1147	341	740	1148	166	278	876	1064	1085	326	382
NAA10	80	251	488	110	241	26	31	47	152	242	145	64
NAA50	378	1154	2478	321	1115	539	145	163	1833	3024	231	221
NACA2	468	2205	891	758	1992	82	386	153	2951	3386	1904	57
NADK	61	383	297	212	317	102	21	158	161	287	260	51
NARS1	119	596	248	105	185	120	49	36	484	570	116	32
NBPF15	393	757	1167	210	415	235	46	293	450	547	125	194
NBPF9	654	851	3077	458	1275	303	314	313	1186	1552	441	855
NCKAP1	31	108	100	94	141	25	28	99	237	198	95	29
NCL	426	3050	1014	1650	2534	369	192	227	1678	2552	520	164
NCOR1	259	408	508	269	433	34	43	474	273	591	602	324
NDRG1	1494	3458	3832	3831	6518	3149	1804	1106	6872	2905	2775	1421
NDRG2	2530	1831	159	3079	2854	290	516	1232	624	550	368	208
NDUFA3	106	941	1145	410	626	20	41	75	1133	657	82	654
NDUFB10	170	840	180	182	535	27	41	251	541	432	107	100
NDUFB7	254	1843	409	527	1169	69	52	68	1346	720	110	161
NDUFS2	78	791	89	117	435	19	41	30	484	573	100	198
NELFB	139	1143	753	300	760	66	52	212	1497	845	428	476
NEU3	125	319	49	69	169	72	63	68	204	286	263	50
NFAT5	296	732	557	622	642	97	51	236	781	1940	159	84
NFE2L1	117	420	444	181	318	119	87	88	342	378	51	356
NFE2L2	136	167	395	130	448	47	98	65	193	592	217	285
NFIX	2427	13676	3898	3925	10937	1537	750	1128	8298	6242	1055	1099
NHLRC2	394	565	515	704	1007	263	187	239	1085	1507	340	171
NIBAN1	365	656	121	430	1682	52	109	110	1223	247	74	474
NIBAN2	379	1680	564	333	533	249	244	166	603	1153	68	295
NISCH	405	1120	297	946	721	151	174	207	1022	1498	111	210
NKTR	359	515	495	529	531	72	107	96	303	1285	331	75
NMB	13243	27453	63	15195	16133	2215	938	1176	10589	386	1291	2198
NME1-NME2	135	1970	588	689	825	56	47	77	1571	1437	286	58
NOMO3	1617	2976	2351	2151	2631	871	968	2537	4695	3384	2008	1971
NOPCHAP1	45	203	240	65	88	85	29	128	259	826	74	105
NOTCH3	158	603	1491	160	671	139	109	66	364	254	189	102
NPIPA5	1791	3023	4059	2220	3387	705	457	1641	3192	8718	1427	1156
NPIPB11	80	247	270	118	181	71	55	269	323	613	95	101
NPIPB13	570	648	755	507	411	188	97	1085	1006	1250	1130	752
NR3C1	278	685	656	605	919	79	128	191	389	1425	313	164
NRBP2	542	1250	306	1037	655	250	151	374	554	687	262	263
NRIP1	483	2011	457	1455	1721	397	297	775	1125	1601	555	513
NSD3	65	392	204	171	276	43	47	88	265	663	308	65
NSMF	108	1105	186	452	1292	170	70	198	1267	543	335	142
NUCB1	567	2164	1405	953	2523	87	166	71	1678	863	409	837
NUDT22	108	557	323	298	500	62	73	119	437	766	93	214
NUPR1	219	1038	901	432	565	63	145	106	266	210	171	847
OCRL	199	402	460	242	598	157	131	735	439	425	323	197
OGA	303	389	642	357	604	127	121	250	708	1054	184	184
OGDH	299	1147	1272	478	739	42	78	191	860	1017	218	223
OGT	1216	1731	499	1361	1986	381	209	728	2311	4352	1051	238
OLFML2B	29	596	353	79	375	55	57	182	254	109	66	58
OTUB1	218	1091	621	561	865	84	327	334	814	1826	239	246
OXR1	159	1083	59	403	334	43	43	34	785	1463	161	33
PA2G4	184	382	256	74	197	48	59	83	911	706	146	240
PABPN1	876	1944	973	1051	1545	307	171	838	588	3160	2387	639
PAM	1566	1321	733	1788	2842	588	171	792	2365	1349	316	357
PANK2	126	227	339	178	139	21	23	29	212	547	23	72
PARN	156	976	750	326	626	331	158	383	741	933	116	145
PARVA	59	267	677	308	522	140	153	207	383	125	205	104
PATJ	219	404	63	263	470	131	55	99	678	312	320	241
PCDHGB6	198	147	2790	199	318	207	118	137	273	261	115	203
PCF11	33	147	241	117	61	41	61	91	210	589	95	59
PCMTD1	198	226	216	348	565	144	31	86	1676	1006	339	110
PCMTD2	327	652	491	359	956	38	101	447	358	705	270	132
PCNX4	172	578	388	206	269	40	104	29	388	821	68	239
PDCD5	303	1270	1403	413	1127	197	152	287	943	1197	271	664
PDE4D	53	424	44	556	535	107	161	255	193	362	50	46
PDHA1	314	1873	378	497	1015	279	38	216	799	810	184	224
PDIA6	182	3025	3205	918	1505	179	100	114	2411	2798	790	299
PDS5A	733	991	1139	520	1312	426	123	129	863	2169	353	87
PDXK	157	297	85	33	224	40	65	71	236	396	210	197
PEBP1	544	872	556	585	896	201	359	320	631	2711	516	216
PEDS1-UBE2V1	1029	2290	1109	2549	3807	448	166	832	3296	2833	590	1456
PER1	354	316	1905	1736	1191	144	320	473	601	4830	580	444
PFN1	445	1598	1741	711	1100	126	186	270	1338	1260	138	406
PHF21A	177	233	246	249	244	40	131	61	243	919	125	148
PHKA2	135	343	114	177	385	215	132	71	286	319	215	98
PHLDA1	2489	8819	115	3912	6933	1276	1002	5262	10644	39907	12518	786
PHLDB1	622	1067	4723	632	1933	504	264	422	1061	790	239	374
PIGN	66	225	330	135	158	64	40	58	304	438	51	24
PINK1	405	683	829	572	1103	135	99	186	767	1052	571	337
PIP4K2A	305	485	869	515	673	44	105	486	691	1141	598	177
PITPNM1	1136	368	70	2340	1896	329	626	409	1692	2311	612	201
PKM	255	637	752	293	1380	99	132	38	2095	340	219	426
PKP4	511	777	552	594	1386	77	175	410	568	1281	267	114
PLEC	232	1768	970	542	1036	751	232	213	1215	3531	484	785
PLXNB2	817	2406	1666	1795	2789	369	231	549	2799	2620	1166	937
PLXND1	258	1088	961	172	389	49	49	133	700	1131	191	106
PNKP	190	445	816	232	486	67	129	381	244	595	333	62
PNN	2871	5733	1929	2736	3725	1360	689	3149	3256	10411	4210	288
PNRC1	615	963	927	836	1745	203	154	292	1765	1432	598	382
PNRC2	250	306	730	359	657	120	38	153	391	444	58	247
POLD2	194	659	445	207	570	86	58	110	241	467	224	105
POLR2K	170	790	587	174	563	57	105	117	582	1049	47	31
PPARGC1B	383	1124	162	528	1025	245	45	467	1706	562	323	126
PPDPF	188	536	333	409	343	67	44	276	227	251	128	103
PPIA	445	750	1063	621	925	145	99	179	319	2718	464	125
PPP1R3C	858	165	184	1450	2493	106	1410	214	1450	52	192	729
PPP2R1B	237	117	105	273	224	50	44	74	145	359	89	38
PPP3CB	167	215	494	582	443	52	49	166	435	643	247	58
PPP4R3B	288	719	240	904	2404	135	138	181	310	1244	299	121
PPP6R3	195	409	380	393	722	230	141	111	383	613	323	107
PPTC7	2088	6761	263	3219	6765	35	302	1839	4917	14922	3746	713
PRDX3	426	1185	258	454	2187	202	128	270	1899	1894	535	320
PRDX4	245	1675	644	325	994	115	69	81	1487	1047	193	268
PRDX6	314	2432	362	1100	2015	145	161	179	4916	1393	151	312
PRELID3A	85	175	85	112	228	80	115	184	388	391	121	38
PRKAR1A	609	3023	1282	1558	2936	76	97	413	3481	3436	481	389
PRKCSH	377	2024	1968	563	1356	76	195	216	1656	878	596	129
PRKRIP1	252	332	605	236	227	123	123	93	556	420	168	70
PRPF31	32	600	1441	230	510	49	51	92	308	420	193	159
PRPF8	616	2146	1415	1246	2052	253	175	248	2172	3068	429	376
PRR12	242	804	4169	604	842	77	154	394	846	881	91	76
PRR13	93	299	535	364	198	102	286	106	777	395	262	330
PRR14L	207	502	340	117	242	74	30	397	275	807	92	109
PRRC2A	713	1694	1323	487	2051	68	33	401	2603	1779	534	399
PRRC2C	302	1281	1638	193	875	213	80	88	870	1359	156	75
PSAP	370	353	1196	559	555	115	151	447	785	1398	517	2910
PSMB4	468	2874	3212	985	3240	164	216	467	1934	4944	1128	312
PSME2	106	321	322	139	479	59	50	73	448	721	157	54
PTOV1	221	790	1352	334	452	31	109	60	368	727	102	113
PTPN11	280	535	908	247	956	94	165	308	511	2724	391	186
PTPRF	1008	3692	35	2331	2890	352	76	498	1576	1312	716	99
PTPRM	551	2874	367	1749	4080	80	146	329	3075	872	1161	331
PWWP3A	191	532	414	449	262	131	110	159	216	548	235	132
PYM1	150	699	99	112	121	208	90	88	238	462	226	121
QSER1	245	1355	891	570	853	206	180	377	1058	3095	410	286
R3HDM2	508	1628	432	908	1511	181	79	928	1002	2815	259	492
RAB11B	279	622	317	346	657	188	44	181	418	503	302	94
RAB21	416	447	856	260	869	108	54	221	242	1286	292	115
RABGGTB	1100	2290	1024	1320	2260	76	302	788	2704	7360	734	342
RACK1	639	2328	759	1197	1824	225	89	380	1961	2111	1556	415
RAD23A	337	1246	817	388	663	100	103	180	1158	941	378	251
RAD54L2	55	220	308	110	185	58	63	26	227	413	27	45
RAN	673	1996	1476	884	1548	189	167	94	1880	7895	1030	214
RAP2B	97	293	401	111	170	87	42	60	79	145	77	495
RARRES2	1701	7188	111	3108	3448	602	826	200	85	139	504	2216
RASSF8	577	296	259	399	671	88	195	195	561	763	468	240
RBFOX2	581	1398	1136	1050	1060	74	134	392	2202	1450	544	526
RBM39	798	2021	1861	1543	1986	294	203	763	1766	5755	662	269
RBM42	467	1109	998	745	1224	148	155	220	656	722	214	359
RBM6	213	183	572	379	451	64	68	206	367	844	314	67
RCOR3	977	1779	571	747	1397	121	176	487	814	3779	500	239
RELA	533	1866	1788	1275	2371	546	273	424	1559	1964	938	760
RELL1	128	188	338	125	130	70	44	83	62	277	68	95
RERE	326	627	520	525	796	107	153	318	778	1499	223	107
RFK	326	130	35	253	250	210	216	482	935	43	125	340
RFWD3	109	327	264	123	436	69	79	157	101	159	263	60
RFX5	326	844	271	490	851	125	95	227	386	1577	235	155
RGCC	75	104	774	202	536	83	126	757	1150	858	185	266
RHBDD2	120	243	1657	117	125	128	42	137	146	262	80	38
RHEB	239	590	328	481	680	129	60	130	598	1104	625	144
RHOA	155	796	2422	513	986	179	41	75	646	1114	116	119
RING1	139	230	290	262	285	107	76	103	532	607	77	82
RIOK1	81	355	251	308	232	36	74	167	582	1006	86	72
RNF130	437	2925	877	1570	3808	60	492	423	4841	2766	561	356
RNF14	96	319	215	111	225	33	62	29	236	268	141	79
RNF152	834	2229	98	1307	3117	158	275	158	198	1807	181	72
RNF19B	1703	723	808	1026	2888	95	714	67	845	2287	144	699
RNF20	110	287	311	200	350	75	63	185	280	395	284	104
RPL11	1112	6461	2143	2450	4856	342	512	802	3861	7122	3614	858
RPL12	1364	4714	970	3057	4531	686	855	1228	1409	3203	4363	655
RPL18	954	4163	1116	2266	4603	350	132	708	3046	3365	1947	545
RPL18A	475	1042	251	443	595	257	358	1385	305	606	1273	271
RPL26	783	5621	3089	1850	3331	72	469	626	6972	7110	3421	733
RPL3	4237	26801	5181	7690	18091	1543	1693	5170	11685	25034	17304	4465
RPL36	141	781	136	331	596	54	42	311	617	555	313	158
RPL38	300	1556	484	709	1149	43	143	28	1186	1326	618	132
RPL4	123	2561	944	734	1928	127	82	169	1729	4101	808	332
RPL7A	236	943	433	491	1145	150	241	590	863	1492	1774	273
RPLP2	987	10041	2730	2150	4358	162	236	483	5782	7411	1698	893
RPN1	510	3566	3338	773	1105	83	149	259	3131	4353	326	508
RPS10-NUDT3	225	767	590	280	496	277	68	84	509	1279	68	48
RPS16	217	1655	1011	620	794	114	187	95	961	1207	153	155
RPS17	151	701	260	287	568	76	42	42	466	626	160	30
RPS19	190	754	146	278	585	214	124	225	651	1030	967	222
RPS19BP1	278	1653	969	684	1428	84	33	184	1194	1345	394	466
RPS2	523	5700	1370	2172	4131	132	339	1661	3670	3535	2197	1553
RPS21	230	814	280	509	788	25	63	190	706	1365	457	173
RPS24	1137	2315	865	2011	3179	325	352	1623	2052	3929	1401	753
RPS25	89	756	294	224	449	43	22	218	519	1013	243	96
RPS27	276	1487	887	431	874	56	133	321	1049	2361	423	249
RPS3	138	1699	439	329	900	33	131	66	895	2535	696	65
RPS6	306	1859	313	939	1617	76	27	245	1617	2557	593	652
RPS8	533	3258	742	1420	3235	45	137	549	5704	4681	1497	177
RPS9	295	750	400	565	1068	147	200	648	248	712	980	219
RPSA2	141	1078	515	630	922	125	218	820	639	1593	1242	435
RREB1	244	561	843	276	421	347	191	429	366	939	247	364
RSKR	48	302	84	77	228	22	34	65	99	398	119	72
RSRP1	61	221	223	151	113	63	30	177	198	604	97	59
RSU1	42	454	256	95	255	113	38	52	78	287	91	119
RTKN	346	1663	60	483	1445	283	125	306	825	2297	538	158
RTN4	1390	2215	1353	1594	4136	63	71	286	2012	1681	265	188
RWDD4	110	126	492	122	533	58	80	94	579	760	170	108
SACM1L	126	222	286	146	196	51	25	62	276	465	41	43
SAFB	412	1592	980	643	1113	65	314	461	1202	1539	492	164
SAFB2	469	1156	674	457	643	122	189	287	1338	1246	424	121
SAMD4B	258	520	3827	443	840	47	166	146	783	642	296	277
SAP18	125	321	204	127	422	53	54	70	178	437	187	66
SART3	170	971	655	404	397	112	114	306	493	1551	457	217
SAT2	58	577	329	136	342	58	112	172	491	1304	229	232
SCAF11	523	1438	696	398	820	155	170	341	1639	3355	359	251
SDF4	632	2625	1959	1036	2370	556	83	218	1902	2226	606	227
SDHAP4	179	709	207	308	167	45	69	130	221	496	137	76
SEC11A	820	3656	1246	1206	2081	422	109	608	3331	1887	282	515
SEC13	514	3211	1192	1004	840	337	208	452	1062	1732	503	273
SEC22C	50	384	625	286	483	60	59	166	224	511	139	200
SEC24D	272	973	1501	643	531	159	140	283	349	1000	88	274
SEC31A	396	1578	1642	567	1118	184	62	440	1325	1859	270	531
SEC61B	57	261	123	85	192	119	34	100	89	175	140	90
SELENOF	124	724	469	348	494	48	66	92	1226	1110	167	165
SEPTIN2	238	939	698	371	566	209	100	294	582	1788	71	142
SEPTIN9	360	1827	2032	569	1146	454	197	227	842	1512	1356	420
SERBP1	344	2033	410	1376	1973	47	24	178	2370	2535	305	315
SERPINE1	143	124	8790	48	736	78	100	207	204	2828	79	382
SERPINF1	457	1311	64	900	2431	62	110	227	1557	224	278	446
SERPINH1	301	3756	2298	481	1106	360	93	104	1053	2086	169	169
SET	141	664	601	165	327	76	115	109	1222	1476	178	166
SETD6	269	800	236	458	770	169	25	87	642	1710	298	88
SF3A3	237	1012	270	458	586	373	97	307	265	744	278	68
SF3B2	731	2346	1827	1409	1936	189	77	228	2358	2314	378	428
SF3B3	149	1380	579	311	786	97	51	267	1063	1475	461	188
SFT2D1	36	559	743	56	637	130	59	158	779	328	108	25
SGCD	259	1264	1167	221	607	61	155	348	546	3282	489	351
SHC1	241	427	318	217	668	170	66	265	510	2438	96	314
SHMT2	19	76	24	71	85	55	51	140	102	352	283	66
SHTN1	31	93	36	63	39	79	31	126	29	162	98	28
SKI	502	1884	1774	1272	1836	178	260	285	1423	1292	301	600
SKIC3	681	1225	1147	730	1082	172	107	279	1137	2219	792	296
SLC12A2	513	228	1019	167	6155	90	223	189	1472	5045	56	533
SLC25A11	526	1912	557	804	1383	219	194	362	1582	1485	502	343
SLC25A28	302	291	568	267	394	65	179	277	436	804	65	129
SLC25A6	128	932	343	304	755	36	70	150	1195	931	164	246
SLC29A1	313	227	315	794	661	293	70	337	2509	1480	170	358
SLC30A9	199	400	314	282	414	156	36	80	222	579	208	89
SLC35E2B	296	1054	970	496	713	150	43	345	604	1664	393	171
SLC38A1	82	1704	134	365	804	43	52	185	725	3083	507	132
SLC38A10	343	1363	1415	1126	1133	70	160	441	1982	1344	159	247
SLC38A6	236	195	626	181	229	50	147	111	84	400	137	166
SLC3A2	156	1056	2278	684	1110	219	112	283	1131	920	163	709
SLC6A8	281	347	136	580	810	81	79	316	854	1101	113	653
SMAD2	1263	4003	4033	2016	2539	752	584	1207	4271	4646	2160	1318
SMAD3	680	557	2818	970	1298	195	270	424	1313	1060	365	292
SMARCA4	202	509	467	52	403	119	61	293	584	847	77	229
SMARCC2	139	376	215	283	733	51	72	154	1093	1138	164	123
SMG1	247	686	777	403	666	56	54	276	1120	1758	102	632
SMG5	152	551	469	216	268	63	33	97	280	1558	265	77
SMOC2	493	447	207	314	1698	112	149	93	840	105	171	469
SNHG32	365	1531	416	783	1047	83	106	137	531	2247	189	298
SNX27	26	174	106	143	267	168	131	74	92	196	67	57
SOD3	1523	2870	162	3171	5561	1335	785	579	3171	660	180	442
SON	712	1417	1814	905	1272	139	93	150	1660	2195	328	215
SORBS3	319	353	1754	235	484	99	101	258	337	120	165	399
SPAG9	482	502	926	465	650	106	70	260	805	1336	308	207
SPART	315	1113	1010	212	343	147	112	403	1067	449	256	314
SPCS1	145	1253	266	403	456	55	183	384	1956	961	447	128
SPCS3	383	2093	1104	2159	2163	697	277	1561	4718	3671	717	390
SPG7	47	153	201	92	62	38	35	69	153	286	96	46
SPHK1	367	222	775	253	275	125	136	278	189	826	76	693
SPICE1-CFAP44	192	483	302	179	129	69	66	113	189	537	218	55
SPTAN1	246	432	857	436	961	175	84	307	527	691	81	239
SPTSSA	191	838	553	506	658	62	341	111	1002	1099	69	91
SQSTM1	65	230	322	360	461	139	57	150	344	394	167	627
SRI	67	182	293	77	153	31	31	36	165	119	56	30
SRPRA	118	594	310	594	339	102	40	192	468	741	300	49
SRSF3	449	768	864	421	790	284	104	203	482	1397	399	226
SRSF4	360	1158	1113	635	1102	62	40	106	676	1207	93	268
SRSF6	1692	2915	682	1911	3291	579	375	1025	1737	5256	516	315
SS18	314	448	531	186	479	106	39	118	543	893	169	86
SSH1	216	445	615	262	449	132	176	91	248	988	69	189
SSR2	264	2854	1414	114	1062	202	35	376	1072	957	394	136
SSU72	236	618	993	359	727	146	106	56	467	1113	158	242
ST3GAL1	101	2493	83	623	332	103	100	268	1894	1651	665	174
STAB1	174	139	1071	75	67	57	72	115	84	289	121	133
STARD9	248	135	495	187	258	138	179	206	78	1447	174	251
STAT5B	301	657	374	326	913	99	112	100	403	728	285	193
STAU1	365	1187	1048	723	1097	164	211	224	1124	743	226	70
STRN4	124	1349	859	394	1145	53	139	399	1658	1840	46	317
STX12	236	589	1304	287	799	145	44	127	598	613	239	157
SUMF2	263	551	859	296	502	43	53	33	707	1171	60	176
SUN1	358	1706	1092	994	975	191	53	629	1572	1649	1013	91
SUPT5H	116	899	2282	283	576	302	70	99	483	917	238	241
SUPT6H	289	573	549	440	428	182	109	131	797	892	21	213
TAF15	1298	3585	1489	1563	2603	276	204	785	701	3028	783	429
TAGLN2	382	1427	1639	333	542	52	120	60	800	1191	79	193
TAPBP	328	469	1070	526	868	254	43	383	1441	1440	148	251
TARDBP	1999	3534	1454	2438	3226	512	607	1365	1670	4240	2562	292
TBC1D14	322	518	375	521	610	35	26	178	785	823	303	206
TBC1D15	111	301	257	303	356	72	71	162	867	528	130	123
TBC1D17	159	827	3435	526	558	236	59	322	1253	1073	59	523
TBC1D3B	470	568	521	499	857	190	100	293	535	835	482	476
TBC1D9B	672	2227	726	1230	3061	89	137	303	4370	3179	783	61
TBCA	432	747	663	246	473	64	51	575	462	615	681	323
TCEAL4	60	192	97	172	628	52	95	123	2954	302	124	57
TCF7L2	176	194	292	636	322	285	43	382	862	524	183	131
TCP1	554	3091	1593	1536	3706	60	206	670	1096	3085	1092	435
TEAD1	421	1539	3719	1489	2383	93	276	725	1866	2144	794	308
TFDP1	62	594	120	54	358	43	54	59	456	419	82	94
TGFBI	302	1153	1395	101	472	91	74	59	138	345	93	492
THRA	49	305	78	140	87	22	58	88	252	95	157	58
THRAP3	62	486	333	247	364	66	23	82	596	520	165	88
TIMM17A	183	805	344	138	569	70	145	235	403	602	109	71
TIMMDC1	95	474	348	75	163	50	85	67	390	360	118	189
TIPIN	718	3963	1078	1699	3489	294	333	78	2773	4222	2428	288
TLE5	1260	2396	1599	1425	3701	425	710	626	1561	2488	1042	826
TM9SF2	72	839	539	212	761	198	102	150	1176	775	94	56
TMED2	82	1001	511	144	460	130	32	98	1188	2144	72	68
TMEM167A	264	1074	820	554	997	155	205	432	682	1464	640	473
TMEM175	168	150	783	642	492	38	111	299	153	781	173	61
TMEM208	123	480	559	64	419	68	43	51	296	674	56	186
TMEM219	321	662	572	378	615	106	362	116	437	878	286	462
TMEM250	140	402	244	185	340	75	91	71	574	323	156	76
TMEM33	73	190	172	86	194	58	32	99	339	183	23	25
TMEM65	726	1198	296	624	821	198	343	948	131	973	461	125
TMEM9	192	1761	744	749	1222	344	226	160	852	797	142	264
TMSB10	472	1243	2225	268	697	147	252	401	344	1290	85	1140
TNK2	485	607	97	495	341	190	169	189	354	542	519	188
TNKS	178	457	316	266	489	121	112	243	523	398	246	215
TNKS1BP1	368	642	1537	672	825	135	236	663	503	431	324	539
TNRC6A	321	575	384	443	477	145	90	363	564	1109	538	158
TNRC6B	360	1049	478	597	1581	204	308	358	863	1031	518	362
TOMM7	462	1809	1337	1324	2578	121	153	470	1842	2042	1120	496
TOX4	108	202	312	158	159	59	48	157	156	279	133	95
TP53	76	198	117	137	318	68	29	76	136	348	59	55
TPM2	1192	1241	719	1334	2165	152	144	387	1306	2465	593	687
TPM4	2260	2661	7849	2286	2974	1078	1562	2643	2793	2744	1757	4525
TPP1	83	408	534	253	467	87	39	65	454	363	116	385
TPT1	448	2065	1121	1376	2172	82	316	248	865	2183	622	923
TRA2A	1003	2077	1993	1522	2380	54	81	518	1698	3552	457	305
TRABD	417	1188	765	668	1081	186	78	439	1587	4344	545	78
TRANK1	998	1060	474	2202	1404	693	61	921	2067	1945	804	466
TRIM13	224	465	404	138	368	97	60	213	150	1134	684	64
TRIM25	115	736	829	248	549	105	41	130	549	673	52	178
TRIM28	449	2363	1118	1174	1958	69	125	241	1934	2628	416	73
TRIM56	78	226	468	284	269	56	52	171	244	277	277	270
TRIM8	516	591	4864	948	1902	89	158	102	1761	1996	580	460
TRIP6	751	665	1682	683	1046	252	82	372	794	1432	142	83
TRPC4AP	168	601	455	121	333	56	114	275	584	791	188	128
TSNARE1	51	362	28	124	172	85	78	162	250	609	168	86
TSNAX	24	149	349	46	313	57	49	176	250	171	63	62
TSPO	179	884	81	341	1014	67	114	239	607	510	61	391
TSPYL2	660	245	333	1008	496	152	76	218	1635	1974	390	245
TSSC4	94	427	396	197	354	40	83	82	216	648	56	162
TTC3	129	380	192	207	285	172	62	198	558	1009	183	317
TUBB	32	456	528	76	60	94	38	98	75	607	76	34
TUT4	275	609	449	311	379	91	50	102	535	885	112	24
TVP23C-CDRT4	122	703	263	262	281	30	18	107	578	1145	81	225
U2AF2	253	554	1649	392	860	58	179	203	571	1035	116	190
UBA6	93	276	290	131	143	78	93	67	181	477	137	38
UBC	195	381	636	226	828	365	201	117	472	1260	240	197
UBE2G2	390	939	1066	506	1101	209	137	357	1789	2290	229	379
UBE2H	207	346	1834	116	216	194	239	81	237	339	83	38
UBE2J2	211	419	155	193	236	59	124	83	526	689	137	77
UBL5	260	402	684	319	417	120	49	110	681	506	196	68
UBR2	95	135	81	86	162	144	42	68	154	338	39	74
UBR4	923	3563	1434	3325	3291	174	244	385	1388	3932	1565	208
UBTF	385	2168	855	579	822	249	44	165	1792	1972	462	134
UBXN1	479	1336	1759	508	1012	104	126	198	1201	2169	443	192
UCP2	523	917	410	658	705	68	43	73	1235	4527	923	340
UGGT2	387	656	628	602	385	420	58	129	635	901	280	141
ULK1	164	341	633	408	461	55	72	188	263	832	219	160
ULK3	388	384	1221	487	630	38	81	226	324	1806	361	135
UQCRQ	246	977	745	475	948	23	90	104	595	748	308	267
URI1	179	849	1235	277	767	75	34	125	692	1232	406	114
USP21	36	246	84	99	200	93	30	53	65	493	30	54
USP47	382	877	805	774	1060	369	75	381	826	1603	296	281
USP48	954	1228	1837	535	1198	82	287	361	1092	2902	549	156
USP9X	398	510	929	428	956	196	240	79	692	1359	144	291
VAMP7	145	259	1423	98	382	86	77	142	641	503	84	70
VAV2	1479	4059	382	1509	2380	107	247	713	1873	4751	996	315
VCAN	3575	8179	1695	3503	9861	846	1009	2943	5072	4706	2754	542
VCP	534	2696	1544	1040	2438	161	71	210	2874	1816	412	670
VDAC2	319	789	642	661	1418	80	53	87	1482	1697	241	83
VDAC3	264	715	248	307	486	39	44	45	1119	881	209	24
VEGFA	38	962	2343	418	902	81	93	226	704	553	911	357
VEGFB	1199	1824	2031	2745	3516	711	511	1509	2397	2395	1124	2868
VIM	664	2141	4226	1277	1905	743	434	464	2932	2368	831	1247
VMA22	86	655	278	123	822	81	54	117	463	567	77	239
VPS29	29	436	646	173	543	65	61	409	420	1096	101	67
VPS35L	215	508	401	373	800	41	60	154	968	625	96	72
VPS53	3163	7773	2751	6501	12983	1150	1276	1955	3012	8610	3454	1276
WASF2	183	220	277	244	461	188	42	199	305	219	174	44
WASH6P	449	978	476	527	694	135	73	167	417	1369	562	176
WBP1	361	842	250	1001	698	124	128	281	147	668	312	182
WBP1L	268	358	478	350	782	59	51	182	502	227	177	374
WDR1	430	925	2896	311	1060	71	305	246	906	963	243	946
WDR26	271	760	524	167	751	51	96	204	1115	1697	51	158
WDR6	1255	8847	1050	2459	5465	516	734	1235	6205	4598	2195	471
WDR90	105	185	161	113	266	117	49	227	181	770	65	53
WNK1	381	538	742	797	746	154	208	158	280	672	238	731
WSB1	77	476	386	303	258	90	64	121	721	1005	463	66
XPOT	215	1369	502	641	909	163	170	744	727	3032	1139	398
XRCC1	73	127	145	206	94	21	27	106	165	118	29	140
YIPF2	210	1026	302	414	513	182	66	51	321	564	101	356
YTHDF3	448	1240	1531	543	1219	291	316	200	1537	2327	418	217
YWHAE	357	1892	1410	458	1774	113	477	450	1135	1710	356	179
YY1	127	300	166	148	361	55	31	241	327	862	210	155
YY1AP1	303	359	698	386	495	150	88	78	297	1215	322	386
ZBTB10	161	1864	284	939	2223	56	201	730	5775	2094	300	334
ZBTB20	171	317	364	457	545	45	54	444	692	693	308	355
ZBTB25	296	687	304	269	563	100	58	155	401	844	93	280
ZBTB4	721	793	1261	793	1318	76	486	74	800	1131	495	182
ZBTB7B	195	515	501	351	612	66	69	261	470	482	317	236
ZC3H13	122	386	262	75	237	126	150	121	672	460	237	68
ZC3H6	303	437	1230	101	549	262	62	187	681	1110	171	141
ZCCHC2	25	82	223	287	256	67	70	182	153	95	299	446
ZFP91	453	854	1125	353	739	196	54	240	1011	1327	101	265
ZFYVE1	56	187	92	27	137	117	88	90	53	147	62	43
ZFYVE16	143	111	270	57	136	28	97	98	345	279	170	51
ZGPAT	517	443	587	215	474	89	82	369	257	873	118	159
ZKSCAN8	255	781	351	263	371	102	204	91	333	714	239	136
ZNF141	70	197	94	306	156	44	48	46	251	491	91	134
ZNF33B	253	1075	134	934	769	61	176	359	1095	1585	318	147
ZNF414	230	439	417	259	168	137	58	114	470	582	314	474
ZNF460	725	1024	415	489	778	110	55	164	1395	2552	793	256
ZNF496	215	655	218	159	236	39	53	138	177	207	46	77
ZNF500	143	525	159	149	300	64	115	135	322	307	100	219
ZNF503	140	240	574	487	1147	411	154	124	343	135	71	142
ZNF512	25	586	169	276	465	41	56	84	278	581	148	78
ZNF598	94	574	274	160	230	46	61	103	284	471	80	198
ZNF652	303	1214	700	247	902	25	86	293	677	921	341	214
ZNF76	128	223	482	377	491	73	59	89	452	1495	353	170
ZNF841	769	1795	11713	1480	891	416	191	693	1059	4050	1050	560
ZNG1F	494	1213	675	537	1296	185	201	410	952	2406	787	268
ZNHIT6	406	525	244	303	443	194	193	404	216	461	271	259
ZYX	304	348	5513	398	732	250	258	94	970	1499	650	376
