v1_contradiction_code	v1_rows	v3_verdict	v3_register	v2_verdict_now_withdrawn	why
A_NOT_REFUTED_WHILE_B_SET_UNRESOLVED	270	NOT_A_CONTRADICTION__CROSS_COMPONENT_STATUS	CROSS-COMPONENT-STATUS3.tsv		Set-level semantic correspondence and row-level denominator/category structure are different axes; neither refutes the other.
A_NOT_REFUTED_WHILE_C_ARM_CANDIDATE	10	NOT_A_CONTRADICTION__CROSS_COMPONENT_STATUS	CROSS-COMPONENT-STATUS3.tsv		Compatible statements on different axes; CANDIDATE is superseded by C2 states.
A_NOT_REFUTED_WHILE_C_ARM_CONFIRMED_TYPE_ONLY	25	NOT_A_CONTRADICTION__CROSS_COMPONENT_STATUS	CROSS-COMPONENT-STATUS3.tsv		An absence of a found A defect and a weak C arm-evidence state are compatible; and CONFIRMED_TYPE_ONLY no longer exists as a C2 state.
A_NOT_REFUTED_WHILE_C_ARM_UNKNOWN_IN_THIS_CACHE	8	NOT_A_CONTRADICTION__CROSS_COMPONENT_STATUS	CROSS-COMPONENT-STATUS3.tsv		An unknown is not a claim, so it cannot contradict one.
A_NOT_REFUTED_WHILE_C_ARM_UNRESOLVED	5	NOT_A_CONTRADICTION__CROSS_COMPONENT_STATUS	CROSS-COMPONENT-STATUS3.tsv		An unresolved state is not a claim, so it cannot contradict one.
A_UNSUITABLE_WHILE_C_ARM_CONFIRMED	60	NOT_A_CONTRADICTION__CROSS_COMPONENT_CONSTRAINT	CROSS-COMPONENT-STATUS3.tsv		v1 named it a contradiction and then conceded in the same paragraph that both statements are true about different axes. A confirmed arm on an uncomputable denominator is a CONSTRAINT, not an incompatibility. Under C2 the confirmed side is also narrower: only SOURCE_CONFIRMED counts, so the population of this combination changes.
C_CONTESTED_FLAG_PRESENT	7	UNRESOLVED_EVIDENCE_TENSION__DEMOTED_FROM_GENUINE	UNRESOLVED-TENSIONS3.tsv	GENUINE_CONTRADICTION__RETAINED (INTEGRATION2)	A contested flag opposes a token- or text-derived reading to a registry field: an inference against a source statement, not two source assertions about one object. v2 promoted every contested flag to a contradiction; that blanket promotion is WITHDRAWN. The flags themselves are re-derived from C2 v3 and retained verbatim.
C_SOLE_ARM_BUT_MULTIPLE_RESULTS_GROUPS	83	UNRESOLVED_MAPPING_TENSION__DEMOTED_FROM_GENUINE	UNRESOLVED-TENSIONS3.tsv	GENUINE_CONTRADICTION__RETAINED (INTEGRATION2)	Incompatible only under the unproved assumption that each results group is a registered arm. C2 v3 marks that assumption UNPROVED and the registry join NOT_ESTABLISHED on all 552 rows, so the cardinality mismatch is an unresolved mapping tension. The flag is retained on every row that carries it.
ROW_NOT_ASSESSED_BY_B	94	NOT_A_CONTRADICTION__COVERAGE_GAP	CROSS-COMPONENT-STATUS.tsv (kind COVERAGE_GAP)		Silence from a component whose corpus never covered the row is a coverage gap. It is neither agreement nor disagreement.
