nct	payload	payload_line	om_index	om_title	group_id	group_title	n_arms_registered	job3_arm_match_quality	job3_registry_arm_label	job3_registry_arm_type	job3_control_status	recovered_arm_index	recovered_arm_label	recovered_arm_type	join_field	join_class	control_status_implied	contradiction_flag	note	source_pointer
NCT00301067	ctg_results_bor_1999_2009.txt	192	2	Tumor Response	OG000	Temozolomide and Calcitriol (Cohort 1-3+Expansion)	4	NONE			UNKNOWN	0; 1; 2; 3	Cohort 1 - Temozolomide and Calcitriol; Cohort 2 - Temozolomide and Calcitriol; Cohort 3 - Temozolomide and Calcitriol; Expansion - Temozolomide and Calcitriol	EXPERIMENTAL	group_title token enumeration 'Cohort 1-3+Expansion' vs the four armGroups[].label ('Cohort 1/2/3 - ...','Expansion - ...'); group description calcitriol dose set {0.2,0.3,0.5} = union of armGroups[0..3].description doses	JOIN_RECOVERABLE	NOT_CONTROL (all joined arms registered EXPERIMENTAL; no comparator arm type registered in this trial)		pooled group over all 4 registered arms; arm type determinate because all 4 are EXPERIMENTAL	ctg_results_bor_1999_2009.txt line 192 | NCT00301067 | outcomeMeasures[2] | group OG000
NCT00389805	ctg_results_bor_1999_2009.txt	206	6	Number of Participants With Response to Therapy as Measured by RECIST (Phase I)	OG000	Arm A	0	NONE			NOT_CONTROL_SINGLE_ARM_TRIAL				none - protocolSection.armsInterventionsModule is the empty object {}	GENUINELY_UNJOINABLE	UNKNOWN (unchanged)	FLAG: Job 3 recorded NOT_CONTROL_SINGLE_ARM_TRIAL with basis 'trial registers 0 arm group(s)'; 0 registered arms is absence of registration, not evidence of one arm, and this trial reports 2 distinct results groups (Arm A d1,4,8,11 vs Arm B d1,8)	no armGroups array exists in the record, so no armGroupType exists to join to	ctg_results_bor_1999_2009.txt line 206 | NCT00389805 | outcomeMeasures[6] | group OG000
NCT00389805	ctg_results_bor_1999_2009.txt	206	6	Number of Participants With Response to Therapy as Measured by RECIST (Phase I)	OG001	Arm B	0	NONE			NOT_CONTROL_SINGLE_ARM_TRIAL				none - protocolSection.armsInterventionsModule is the empty object {}	GENUINELY_UNJOINABLE	UNKNOWN (unchanged)	FLAG: Job 3 recorded NOT_CONTROL_SINGLE_ARM_TRIAL with basis 'trial registers 0 arm group(s)'; 0 registered arms is absence of registration, not evidence of one arm, and this trial reports 2 distinct results groups (Arm A d1,4,8,11 vs Arm B d1,8)	no armGroups array exists in the record, so no armGroupType exists to join to	ctg_results_bor_1999_2009.txt line 206 | NCT00389805 | outcomeMeasures[6] | group OG001
NCT00600340	ctg_results_bor_1999_2009.txt	638	3	Best Overall Response (ITT Population)	OG001	Bevacizumab Plus Capecitabine	2	NONE			UNKNOWN	1	B Bev+Cap	ACTIVE_COMPARATOR	armGroups[1].description casefold-equals group_title exactly ('Bevacizumab plus Capecitabine'); corroborated by armGroups[1].interventionNames	JOIN_RECOVERABLE	REGISTERED_COMPARATOR_ARM (armGroupType=ACTIVE_COMPARATOR; an active comparator, not placebo/untreated)	RESOLVES Job 3 UNKNOWN to ACTIVE_COMPARATOR - the only comparator-typed arms in this group of 16 trials	Job 3 compared group title to arm LABEL ('A Bev+Pac') only; the arm DESCRIPTION is an exact match	ctg_results_bor_1999_2009.txt line 638 | NCT00600340 | outcomeMeasures[3] | group OG001
NCT00600340	ctg_results_bor_1999_2009.txt	638	3	Best Overall Response (ITT Population)	OG000	Bevacizumab Plus Paclitaxel	2	NONE			UNKNOWN	0	A Bev+Pac	ACTIVE_COMPARATOR	armGroups[0].description casefold-equals group_title exactly ('Bevacizumab plus Paclitaxel'); corroborated by armGroups[0].interventionNames	JOIN_RECOVERABLE	REGISTERED_COMPARATOR_ARM (armGroupType=ACTIVE_COMPARATOR; an active comparator, not placebo/untreated)	RESOLVES Job 3 UNKNOWN to ACTIVE_COMPARATOR - the only comparator-typed arms in this group of 16 trials	Job 3 compared group title to arm LABEL ('A Bev+Pac') only; the arm DESCRIPTION is an exact match	ctg_results_bor_1999_2009.txt line 638 | NCT00600340 | outcomeMeasures[3] | group OG000
NCT00600340	ctg_results_bor_1999_2009.txt	638	4	Best Overall Response (PP Population)	OG001	Bevacizumab Plus Capecitabine	2	NONE			UNKNOWN	1	B Bev+Cap	ACTIVE_COMPARATOR	armGroups[1].description casefold-equals group_title exactly ('Bevacizumab plus Capecitabine'); corroborated by armGroups[1].interventionNames	JOIN_RECOVERABLE	REGISTERED_COMPARATOR_ARM (armGroupType=ACTIVE_COMPARATOR; an active comparator, not placebo/untreated)	RESOLVES Job 3 UNKNOWN to ACTIVE_COMPARATOR - the only comparator-typed arms in this group of 16 trials	Job 3 compared group title to arm LABEL ('A Bev+Pac') only; the arm DESCRIPTION is an exact match	ctg_results_bor_1999_2009.txt line 638 | NCT00600340 | outcomeMeasures[4] | group OG001
NCT00600340	ctg_results_bor_1999_2009.txt	638	4	Best Overall Response (PP Population)	OG000	Bevacizumab Plus Paclitaxel	2	NONE			UNKNOWN	0	A Bev+Pac	ACTIVE_COMPARATOR	armGroups[0].description casefold-equals group_title exactly ('Bevacizumab plus Paclitaxel'); corroborated by armGroups[0].interventionNames	JOIN_RECOVERABLE	REGISTERED_COMPARATOR_ARM (armGroupType=ACTIVE_COMPARATOR; an active comparator, not placebo/untreated)	RESOLVES Job 3 UNKNOWN to ACTIVE_COMPARATOR - the only comparator-typed arms in this group of 16 trials	Job 3 compared group title to arm LABEL ('A Bev+Pac') only; the arm DESCRIPTION is an exact match	ctg_results_bor_1999_2009.txt line 638 | NCT00600340 | outcomeMeasures[4] | group OG000
NCT00600340	ctg_results_bor_1999_2009.txt	638	5	Unconfirmed Best Overall Response (ITT Population)	OG001	Bevacizumab Plus Capecitabine	2	NONE			UNKNOWN	1	B Bev+Cap	ACTIVE_COMPARATOR	armGroups[1].description casefold-equals group_title exactly ('Bevacizumab plus Capecitabine'); corroborated by armGroups[1].interventionNames	JOIN_RECOVERABLE	REGISTERED_COMPARATOR_ARM (armGroupType=ACTIVE_COMPARATOR; an active comparator, not placebo/untreated)	RESOLVES Job 3 UNKNOWN to ACTIVE_COMPARATOR - the only comparator-typed arms in this group of 16 trials	Job 3 compared group title to arm LABEL ('A Bev+Pac') only; the arm DESCRIPTION is an exact match	ctg_results_bor_1999_2009.txt line 638 | NCT00600340 | outcomeMeasures[5] | group OG001
NCT00600340	ctg_results_bor_1999_2009.txt	638	5	Unconfirmed Best Overall Response (ITT Population)	OG000	Bevacizumab Plus Paclitaxel	2	NONE			UNKNOWN	0	A Bev+Pac	ACTIVE_COMPARATOR	armGroups[0].description casefold-equals group_title exactly ('Bevacizumab plus Paclitaxel'); corroborated by armGroups[0].interventionNames	JOIN_RECOVERABLE	REGISTERED_COMPARATOR_ARM (armGroupType=ACTIVE_COMPARATOR; an active comparator, not placebo/untreated)	RESOLVES Job 3 UNKNOWN to ACTIVE_COMPARATOR - the only comparator-typed arms in this group of 16 trials	Job 3 compared group title to arm LABEL ('A Bev+Pac') only; the arm DESCRIPTION is an exact match	ctg_results_bor_1999_2009.txt line 638 | NCT00600340 | outcomeMeasures[5] | group OG000
NCT00600340	ctg_results_bor_1999_2009.txt	638	6	Unconfirmed Best Overall Response (PP Population)	OG001	Bevacizumab Plus Capecitabine	2	NONE			UNKNOWN	1	B Bev+Cap	ACTIVE_COMPARATOR	armGroups[1].description casefold-equals group_title exactly ('Bevacizumab plus Capecitabine'); corroborated by armGroups[1].interventionNames	JOIN_RECOVERABLE	REGISTERED_COMPARATOR_ARM (armGroupType=ACTIVE_COMPARATOR; an active comparator, not placebo/untreated)	RESOLVES Job 3 UNKNOWN to ACTIVE_COMPARATOR - the only comparator-typed arms in this group of 16 trials	Job 3 compared group title to arm LABEL ('A Bev+Pac') only; the arm DESCRIPTION is an exact match	ctg_results_bor_1999_2009.txt line 638 | NCT00600340 | outcomeMeasures[6] | group OG001
NCT00600340	ctg_results_bor_1999_2009.txt	638	6	Unconfirmed Best Overall Response (PP Population)	OG000	Bevacizumab Plus Paclitaxel	2	NONE			UNKNOWN	0	A Bev+Pac	ACTIVE_COMPARATOR	armGroups[0].description casefold-equals group_title exactly ('Bevacizumab plus Paclitaxel'); corroborated by armGroups[0].interventionNames	JOIN_RECOVERABLE	REGISTERED_COMPARATOR_ARM (armGroupType=ACTIVE_COMPARATOR; an active comparator, not placebo/untreated)	RESOLVES Job 3 UNKNOWN to ACTIVE_COMPARATOR - the only comparator-typed arms in this group of 16 trials	Job 3 compared group title to arm LABEL ('A Bev+Pac') only; the arm DESCRIPTION is an exact match	ctg_results_bor_1999_2009.txt line 638 | NCT00600340 | outcomeMeasures[6] | group OG000
NCT00654238	ctg_results_bor_1999_2009.txt	134	0	To Determine the Efficacy (Best Response) of BAY 43-9006 (Objective Response Rate and Stable Disease) in Patients With Metastatic Thyroid Carcinoma.	OG000	Sorafenib	1	NONE			NOT_CONTROL_SINGLE_ARM_TRIAL	0	1	EXPERIMENTAL	armGroups[0].description ('This is a single arm study.') is the verbatim opening of the group description; armGroups[0].interventionNames 'Drug: sorafenib' equals group_title; armGroups cardinality = 1	JOIN_RECOVERABLE	NOT_CONTROL (all joined arms registered EXPERIMENTAL; no comparator arm type registered in this trial)			ctg_results_bor_1999_2009.txt line 134 | NCT00654238 | outcomeMeasures[0] | group OG000
NCT00836888	ctg_results_bor_1999_2009.txt	612	4	Best Overall Response	OG002	ONO-4538 10mg/kg Cohorts	1	CONTAINMENT	Cohort	EXPERIMENTAL	UNKNOWN_WEAK_MATCH_ONLY	0	Cohort	EXPERIMENTAL	armGroups cardinality = 1 (protocolSection.armsInterventionsModule.armGroups) + armGroups[0].interventionNames drug token present in group title ('ONO-4538')	JOIN_RECOVERABLE	NOT_CONTROL (all joined arms registered EXPERIMENTAL; no comparator arm type registered in this trial)		4 dose-level results groups collapse onto the single registered arm 'Cohort'; arm type determinate, dose-level identity is not registered	ctg_results_bor_1999_2009.txt line 612 | NCT00836888 | outcomeMeasures[4] | group OG002
NCT00836888	ctg_results_bor_1999_2009.txt	612	4	Best Overall Response	OG000	ONO-4538 1mg/kg Cohorts	1	CONTAINMENT	Cohort	EXPERIMENTAL	UNKNOWN_WEAK_MATCH_ONLY	0	Cohort	EXPERIMENTAL	armGroups cardinality = 1 (protocolSection.armsInterventionsModule.armGroups) + armGroups[0].interventionNames drug token present in group title ('ONO-4538')	JOIN_RECOVERABLE	NOT_CONTROL (all joined arms registered EXPERIMENTAL; no comparator arm type registered in this trial)		4 dose-level results groups collapse onto the single registered arm 'Cohort'; arm type determinate, dose-level identity is not registered	ctg_results_bor_1999_2009.txt line 612 | NCT00836888 | outcomeMeasures[4] | group OG000
NCT00836888	ctg_results_bor_1999_2009.txt	612	4	Best Overall Response	OG003	ONO-4538 20mg/kg Cohorts	1	CONTAINMENT	Cohort	EXPERIMENTAL	UNKNOWN_WEAK_MATCH_ONLY	0	Cohort	EXPERIMENTAL	armGroups cardinality = 1 (protocolSection.armsInterventionsModule.armGroups) + armGroups[0].interventionNames drug token present in group title ('ONO-4538')	JOIN_RECOVERABLE	NOT_CONTROL (all joined arms registered EXPERIMENTAL; no comparator arm type registered in this trial)		4 dose-level results groups collapse onto the single registered arm 'Cohort'; arm type determinate, dose-level identity is not registered	ctg_results_bor_1999_2009.txt line 612 | NCT00836888 | outcomeMeasures[4] | group OG003
NCT00836888	ctg_results_bor_1999_2009.txt	612	4	Best Overall Response	OG001	ONO-4538 3mg/kg Cohorts	1	CONTAINMENT	Cohort	EXPERIMENTAL	UNKNOWN_WEAK_MATCH_ONLY	0	Cohort	EXPERIMENTAL	armGroups cardinality = 1 (protocolSection.armsInterventionsModule.armGroups) + armGroups[0].interventionNames drug token present in group title ('ONO-4538')	JOIN_RECOVERABLE	NOT_CONTROL (all joined arms registered EXPERIMENTAL; no comparator arm type registered in this trial)		4 dose-level results groups collapse onto the single registered arm 'Cohort'; arm type determinate, dose-level identity is not registered	ctg_results_bor_1999_2009.txt line 612 | NCT00836888 | outcomeMeasures[4] | group OG001
NCT00876993	ctg_results_bor_1999_2009.txt	38	1	Best Response of Children With Recurrent or Refractory Central Nervous System Tumors With This Combination of Chemotherapy Agents.	OG000	Cohort 1 - Dose Level 1	5	CONTAINMENT	Dose Level 1	EXPERIMENTAL	UNKNOWN_WEAK_MATCH_ONLY	1	Dose Level 1	EXPERIMENTAL	armGroups[1].label is the verbatim trailing substring of group_title AND armGroups[1].description temozolomide dose equals the group description dose	JOIN_RECOVERABLE	NOT_CONTROL (all joined arms registered EXPERIMENTAL; no comparator arm type registered in this trial)		dose equality independently confirms the label containment Job 3 rated weak	ctg_results_bor_1999_2009.txt line 38 | NCT00876993 | outcomeMeasures[1] | group OG000
NCT00876993	ctg_results_bor_1999_2009.txt	38	1	Best Response of Children With Recurrent or Refractory Central Nervous System Tumors With This Combination of Chemotherapy Agents.	OG001	Cohort 2 - Dose Level 0	5	CONTAINMENT	Dose Level 0	EXPERIMENTAL	UNKNOWN_WEAK_MATCH_ONLY	0	Dose Level 0	EXPERIMENTAL	armGroups[0].label is the verbatim trailing substring of group_title AND armGroups[0].description temozolomide dose equals the group description dose	JOIN_RECOVERABLE	NOT_CONTROL (all joined arms registered EXPERIMENTAL; no comparator arm type registered in this trial)		dose equality independently confirms the label containment Job 3 rated weak	ctg_results_bor_1999_2009.txt line 38 | NCT00876993 | outcomeMeasures[1] | group OG001
NCT00876993	ctg_results_bor_1999_2009.txt	38	1	Best Response of Children With Recurrent or Refractory Central Nervous System Tumors With This Combination of Chemotherapy Agents.	OG002	Cohort 3 - Dose Level 1	5	CONTAINMENT	Dose Level 1	EXPERIMENTAL	UNKNOWN_WEAK_MATCH_ONLY	1	Dose Level 1	EXPERIMENTAL	armGroups[1].label is the verbatim trailing substring of group_title AND armGroups[1].description temozolomide dose equals the group description dose	JOIN_RECOVERABLE	NOT_CONTROL (all joined arms registered EXPERIMENTAL; no comparator arm type registered in this trial)		dose equality independently confirms the label containment Job 3 rated weak	ctg_results_bor_1999_2009.txt line 38 | NCT00876993 | outcomeMeasures[1] | group OG002
NCT00876993	ctg_results_bor_1999_2009.txt	38	1	Best Response of Children With Recurrent or Refractory Central Nervous System Tumors With This Combination of Chemotherapy Agents.	OG003	Cohort 4 - Dose Level 2	5	CONTAINMENT	Dose Level 2	EXPERIMENTAL	UNKNOWN_WEAK_MATCH_ONLY	2	Dose Level 2	EXPERIMENTAL	armGroups[2].label is the verbatim trailing substring of group_title AND armGroups[2].description temozolomide dose equals the group description dose	JOIN_RECOVERABLE	NOT_CONTROL (all joined arms registered EXPERIMENTAL; no comparator arm type registered in this trial)		dose equality independently confirms the label containment Job 3 rated weak	ctg_results_bor_1999_2009.txt line 38 | NCT00876993 | outcomeMeasures[1] | group OG003
NCT00876993	ctg_results_bor_1999_2009.txt	38	1	Best Response of Children With Recurrent or Refractory Central Nervous System Tumors With This Combination of Chemotherapy Agents.	OG004	Cohort 5 - Dose Level 1	5	CONTAINMENT	Dose Level 1	EXPERIMENTAL	UNKNOWN_WEAK_MATCH_ONLY	1	Dose Level 1	EXPERIMENTAL	armGroups[1].label is the verbatim trailing substring of group_title AND armGroups[1].description temozolomide dose equals the group description dose	JOIN_RECOVERABLE	NOT_CONTROL (all joined arms registered EXPERIMENTAL; no comparator arm type registered in this trial)		dose equality independently confirms the label containment Job 3 rated weak	ctg_results_bor_1999_2009.txt line 38 | NCT00876993 | outcomeMeasures[1] | group OG004
NCT00946153	ctg_results_bor_1999_2009.txt	256	2	Phase 1: Best Overall Response (BOR) of Lenvatinib by Investigator Assessment	OG000	Phase 1: Group 1: Lenvatinib: 12 mg	1	CONTAINMENT	Lenvatinib	EXPERIMENTAL	UNKNOWN_WEAK_MATCH_ONLY	0	Lenvatinib	EXPERIMENTAL	armGroups cardinality = 1 (protocolSection.armsInterventionsModule.armGroups) + armGroups[0].interventionNames drug token present in group title ('Lenvatinib')	JOIN_RECOVERABLE	NOT_CONTROL (all joined arms registered EXPERIMENTAL; no comparator arm type registered in this trial)		4 Phase-1 dose groups collapse onto the single registered arm	ctg_results_bor_1999_2009.txt line 256 | NCT00946153 | outcomeMeasures[2] | group OG000
NCT00946153	ctg_results_bor_1999_2009.txt	256	2	Phase 1: Best Overall Response (BOR) of Lenvatinib by Investigator Assessment	OG003	Phase 1: Group 2: Lenvatinib: 12 mg	1	CONTAINMENT	Lenvatinib	EXPERIMENTAL	UNKNOWN_WEAK_MATCH_ONLY	0	Lenvatinib	EXPERIMENTAL	armGroups cardinality = 1 (protocolSection.armsInterventionsModule.armGroups) + armGroups[0].interventionNames drug token present in group title ('Lenvatinib')	JOIN_RECOVERABLE	NOT_CONTROL (all joined arms registered EXPERIMENTAL; no comparator arm type registered in this trial)		4 Phase-1 dose groups collapse onto the single registered arm	ctg_results_bor_1999_2009.txt line 256 | NCT00946153 | outcomeMeasures[2] | group OG003
NCT00946153	ctg_results_bor_1999_2009.txt	256	2	Phase 1: Best Overall Response (BOR) of Lenvatinib by Investigator Assessment	OG002	Phase 1: Group 2: Lenvatinib: 8 mg	1	CONTAINMENT	Lenvatinib	EXPERIMENTAL	UNKNOWN_WEAK_MATCH_ONLY	0	Lenvatinib	EXPERIMENTAL	armGroups cardinality = 1 (protocolSection.armsInterventionsModule.armGroups) + armGroups[0].interventionNames drug token present in group title ('Lenvatinib')	JOIN_RECOVERABLE	NOT_CONTROL (all joined arms registered EXPERIMENTAL; no comparator arm type registered in this trial)		4 Phase-1 dose groups collapse onto the single registered arm	ctg_results_bor_1999_2009.txt line 256 | NCT00946153 | outcomeMeasures[2] | group OG002
NCT00946153	ctg_results_bor_1999_2009.txt	256	2	Phase 1: Best Overall Response (BOR) of Lenvatinib by Investigator Assessment	OG001	Phase 1: Group1: Lenvatinib: 16 mg	1	CONTAINMENT	Lenvatinib	EXPERIMENTAL	UNKNOWN_WEAK_MATCH_ONLY	0	Lenvatinib	EXPERIMENTAL	armGroups cardinality = 1 (protocolSection.armsInterventionsModule.armGroups) + armGroups[0].interventionNames drug token present in group title ('Lenvatinib')	JOIN_RECOVERABLE	NOT_CONTROL (all joined arms registered EXPERIMENTAL; no comparator arm type registered in this trial)		4 Phase-1 dose groups collapse onto the single registered arm	ctg_results_bor_1999_2009.txt line 256 | NCT00946153 | outcomeMeasures[2] | group OG001
NCT01124734	ctg_results_bor_2010_2013.txt	257	0	Clinical Response to High-Dose Interleukin-2 (H-D IL-2) Followed by Low Dose Temozolomide	OG000	Course 1 Cycle 1	1	CONTAINMENT	Course 1 Cycle 1 and Cycle 2	EXPERIMENTAL	UNKNOWN_WEAK_MATCH_ONLY	0	Course 1 Cycle 1 and Cycle 2	EXPERIMENTAL	armGroups[0].description enumerates both group titles verbatim as its two labelled sub-cycles ('Course 1 Cycle 1:' / 'Course 1 Cycle 2:'), with matching regimens	JOIN_RECOVERABLE	NOT_CONTROL (all joined arms registered EXPERIMENTAL; no comparator arm type registered in this trial)	FLAG: Job 3 gave the two rows of this one single-arm trial different control_status (UNKNOWN_WEAK_MATCH_ONLY vs NOT_CONTROL_SINGLE_ARM_TRIAL) purely as a substring-match artifact; both are the same registered arm	both results groups are periods of the one registered arm 'Course 1 Cycle 1 and Cycle 2'	ctg_results_bor_2010_2013.txt line 257 | NCT01124734 | outcomeMeasures[0] | group OG000
NCT01124734	ctg_results_bor_2010_2013.txt	257	0	Clinical Response to High-Dose Interleukin-2 (H-D IL-2) Followed by Low Dose Temozolomide	OG001	Course 1 Cycle 2	1	NONE			NOT_CONTROL_SINGLE_ARM_TRIAL	0	Course 1 Cycle 1 and Cycle 2	EXPERIMENTAL	armGroups[0].description enumerates both group titles verbatim as its two labelled sub-cycles ('Course 1 Cycle 1:' / 'Course 1 Cycle 2:'), with matching regimens	JOIN_RECOVERABLE	NOT_CONTROL (all joined arms registered EXPERIMENTAL; no comparator arm type registered in this trial)	FLAG: Job 3 gave the two rows of this one single-arm trial different control_status (UNKNOWN_WEAK_MATCH_ONLY vs NOT_CONTROL_SINGLE_ARM_TRIAL) purely as a substring-match artifact; both are the same registered arm	both results groups are periods of the one registered arm 'Course 1 Cycle 1 and Cycle 2'	ctg_results_bor_2010_2013.txt line 257 | NCT01124734 | outcomeMeasures[0] | group OG001
NCT01296932	ctg_results_bor_2010_2013.txt	174	4	Best Overall Response According to 'International Workshop on Chronic Lymphocytic Leukemia' (IWCLL) Criteria	OG000	BI 836826 1 Milligram	1	NONE			NOT_CONTROL_SINGLE_ARM_TRIAL	0	Patients with relapsed CLL	EXPERIMENTAL	armGroups cardinality = 1 (protocolSection.armsInterventionsModule.armGroups) + armGroups[0].interventionNames drug token present in group title ('BI 836826')	JOIN_RECOVERABLE	NOT_CONTROL (all joined arms registered EXPERIMENTAL; no comparator arm type registered in this trial)		9 dose groups collapse onto the single registered arm 'Patients with relapsed CLL'	ctg_results_bor_2010_2013.txt line 174 | NCT01296932 | outcomeMeasures[4] | group OG000
NCT01296932	ctg_results_bor_2010_2013.txt	174	4	Best Overall Response According to 'International Workshop on Chronic Lymphocytic Leukemia' (IWCLL) Criteria	OG005	BI 836826 100 Milligram	1	NONE			NOT_CONTROL_SINGLE_ARM_TRIAL	0	Patients with relapsed CLL	EXPERIMENTAL	armGroups cardinality = 1 (protocolSection.armsInterventionsModule.armGroups) + armGroups[0].interventionNames drug token present in group title ('BI 836826')	JOIN_RECOVERABLE	NOT_CONTROL (all joined arms registered EXPERIMENTAL; no comparator arm type registered in this trial)		9 dose groups collapse onto the single registered arm 'Patients with relapsed CLL'	ctg_results_bor_2010_2013.txt line 174 | NCT01296932 | outcomeMeasures[4] | group OG005
NCT01296932	ctg_results_bor_2010_2013.txt	174	4	Best Overall Response According to 'International Workshop on Chronic Lymphocytic Leukemia' (IWCLL) Criteria	OG006	BI 836826 200 Milligram	1	NONE			NOT_CONTROL_SINGLE_ARM_TRIAL	0	Patients with relapsed CLL	EXPERIMENTAL	armGroups cardinality = 1 (protocolSection.armsInterventionsModule.armGroups) + armGroups[0].interventionNames drug token present in group title ('BI 836826')	JOIN_RECOVERABLE	NOT_CONTROL (all joined arms registered EXPERIMENTAL; no comparator arm type registered in this trial)		9 dose groups collapse onto the single registered arm 'Patients with relapsed CLL'	ctg_results_bor_2010_2013.txt line 174 | NCT01296932 | outcomeMeasures[4] | group OG006
NCT01296932	ctg_results_bor_2010_2013.txt	174	4	Best Overall Response According to 'International Workshop on Chronic Lymphocytic Leukemia' (IWCLL) Criteria	OG003	BI 836826 25 Milligram	1	NONE			NOT_CONTROL_SINGLE_ARM_TRIAL	0	Patients with relapsed CLL	EXPERIMENTAL	armGroups cardinality = 1 (protocolSection.armsInterventionsModule.armGroups) + armGroups[0].interventionNames drug token present in group title ('BI 836826')	JOIN_RECOVERABLE	NOT_CONTROL (all joined arms registered EXPERIMENTAL; no comparator arm type registered in this trial)		9 dose groups collapse onto the single registered arm 'Patients with relapsed CLL'	ctg_results_bor_2010_2013.txt line 174 | NCT01296932 | outcomeMeasures[4] | group OG003
NCT01296932	ctg_results_bor_2010_2013.txt	174	4	Best Overall Response According to 'International Workshop on Chronic Lymphocytic Leukemia' (IWCLL) Criteria	OG001	BI 836826 3 Milligram	1	NONE			NOT_CONTROL_SINGLE_ARM_TRIAL	0	Patients with relapsed CLL	EXPERIMENTAL	armGroups cardinality = 1 (protocolSection.armsInterventionsModule.armGroups) + armGroups[0].interventionNames drug token present in group title ('BI 836826')	JOIN_RECOVERABLE	NOT_CONTROL (all joined arms registered EXPERIMENTAL; no comparator arm type registered in this trial)		9 dose groups collapse onto the single registered arm 'Patients with relapsed CLL'	ctg_results_bor_2010_2013.txt line 174 | NCT01296932 | outcomeMeasures[4] | group OG001
NCT01296932	ctg_results_bor_2010_2013.txt	174	4	Best Overall Response According to 'International Workshop on Chronic Lymphocytic Leukemia' (IWCLL) Criteria	OG007	BI 836826 400 Milligram	1	NONE			NOT_CONTROL_SINGLE_ARM_TRIAL	0	Patients with relapsed CLL	EXPERIMENTAL	armGroups cardinality = 1 (protocolSection.armsInterventionsModule.armGroups) + armGroups[0].interventionNames drug token present in group title ('BI 836826')	JOIN_RECOVERABLE	NOT_CONTROL (all joined arms registered EXPERIMENTAL; no comparator arm type registered in this trial)		9 dose groups collapse onto the single registered arm 'Patients with relapsed CLL'	ctg_results_bor_2010_2013.txt line 174 | NCT01296932 | outcomeMeasures[4] | group OG007
NCT01296932	ctg_results_bor_2010_2013.txt	174	4	Best Overall Response According to 'International Workshop on Chronic Lymphocytic Leukemia' (IWCLL) Criteria	OG004	BI 836826 50 Milligram	1	NONE			NOT_CONTROL_SINGLE_ARM_TRIAL	0	Patients with relapsed CLL	EXPERIMENTAL	armGroups cardinality = 1 (protocolSection.armsInterventionsModule.armGroups) + armGroups[0].interventionNames drug token present in group title ('BI 836826')	JOIN_RECOVERABLE	NOT_CONTROL (all joined arms registered EXPERIMENTAL; no comparator arm type registered in this trial)		9 dose groups collapse onto the single registered arm 'Patients with relapsed CLL'	ctg_results_bor_2010_2013.txt line 174 | NCT01296932 | outcomeMeasures[4] | group OG004
NCT01296932	ctg_results_bor_2010_2013.txt	174	4	Best Overall Response According to 'International Workshop on Chronic Lymphocytic Leukemia' (IWCLL) Criteria	OG008	BI 836826 800 Milligram	1	NONE			NOT_CONTROL_SINGLE_ARM_TRIAL	0	Patients with relapsed CLL	EXPERIMENTAL	armGroups cardinality = 1 (protocolSection.armsInterventionsModule.armGroups) + armGroups[0].interventionNames drug token present in group title ('BI 836826')	JOIN_RECOVERABLE	NOT_CONTROL (all joined arms registered EXPERIMENTAL; no comparator arm type registered in this trial)		9 dose groups collapse onto the single registered arm 'Patients with relapsed CLL'	ctg_results_bor_2010_2013.txt line 174 | NCT01296932 | outcomeMeasures[4] | group OG008
NCT01296932	ctg_results_bor_2010_2013.txt	174	4	Best Overall Response According to 'International Workshop on Chronic Lymphocytic Leukemia' (IWCLL) Criteria	OG002	BI 836826 9 Milligram	1	NONE			NOT_CONTROL_SINGLE_ARM_TRIAL	0	Patients with relapsed CLL	EXPERIMENTAL	armGroups cardinality = 1 (protocolSection.armsInterventionsModule.armGroups) + armGroups[0].interventionNames drug token present in group title ('BI 836826')	JOIN_RECOVERABLE	NOT_CONTROL (all joined arms registered EXPERIMENTAL; no comparator arm type registered in this trial)		9 dose groups collapse onto the single registered arm 'Patients with relapsed CLL'	ctg_results_bor_2010_2013.txt line 174 | NCT01296932 | outcomeMeasures[4] | group OG002
NCT01325207	ctg_results_bor_2010_2013.txt	163	1	Best Response to IT Trastuzumab: Radiological, Cytological and Clinical in Treatment With Intrathecal Trastuzumab for Patients With Leptomeningeal Metastases in HER2+ Breast Cancer.	OG001	Cohort 5 + Phase II - Intrathecal Trastuzumab- 80 mg	1	NONE			NOT_CONTROL_SINGLE_ARM_TRIAL	0	intravenous trastuzumab infusions	EXPERIMENTAL	armGroups cardinality = 1, so the single registered arm is the only armGroupType available	JOIN_RECOVERABLE	NOT_CONTROL (all joined arms registered EXPERIMENTAL; no comparator arm type registered in this trial)		CAVEAT: armGroups[0].label/description say INTRAVENOUS trastuzumab while both results groups say INTRATHECAL; arm TYPE is determinate by cardinality but the arm text is not usable as group-level evidence	ctg_results_bor_2010_2013.txt line 163 | NCT01325207 | outcomeMeasures[1] | group OG001
NCT01325207	ctg_results_bor_2010_2013.txt	163	1	Best Response to IT Trastuzumab: Radiological, Cytological and Clinical in Treatment With Intrathecal Trastuzumab for Patients With Leptomeningeal Metastases in HER2+ Breast Cancer.	OG000	Treatment With Trastuzumab	1	NONE			NOT_CONTROL_SINGLE_ARM_TRIAL	0	intravenous trastuzumab infusions	EXPERIMENTAL	armGroups cardinality = 1, so the single registered arm is the only armGroupType available	JOIN_RECOVERABLE	NOT_CONTROL (all joined arms registered EXPERIMENTAL; no comparator arm type registered in this trial)		CAVEAT: armGroups[0].label/description say INTRAVENOUS trastuzumab while both results groups say INTRATHECAL; arm TYPE is determinate by cardinality but the arm text is not usable as group-level evidence	ctg_results_bor_2010_2013.txt line 163 | NCT01325207 | outcomeMeasures[1] | group OG000
NCT01327612	ctg_results_bor_2010_2013.txt	102	5	Best Overall Response	OG000	20050118: Ganitumab 20 mg/kg	4	NONE			UNKNOWN	2	Ganitumab Monotherapy	EXPERIMENTAL	armGroups[2].interventionNames drug set equals the group's drug set, and armGroups[2].description schedule (Q2W/Q3W/Q4W) is consistent with the group description	JOIN_RECOVERABLE	NOT_CONTROL (all joined arms registered EXPERIMENTAL; no comparator arm type registered in this trial)		group titles are prefixed by the parent-protocol number (e.g. '20050118:'), which is what defeated Job 3's label match	ctg_results_bor_2010_2013.txt line 102 | NCT01327612 | outcomeMeasures[5] | group OG000
NCT01327612	ctg_results_bor_2010_2013.txt	102	5	Best Overall Response	OG001	20050171: Conatumumab 0.45 mg/kg	4	NONE			UNKNOWN	0	Conatumumab Monotherapy	EXPERIMENTAL	armGroups[0].interventionNames drug set equals the group's drug set, and armGroups[0].description schedule (Q2W/Q3W/Q4W) is consistent with the group description	JOIN_RECOVERABLE	NOT_CONTROL (all joined arms registered EXPERIMENTAL; no comparator arm type registered in this trial)		group titles are prefixed by the parent-protocol number (e.g. '20050118:'), which is what defeated Job 3's label match	ctg_results_bor_2010_2013.txt line 102 | NCT01327612 | outcomeMeasures[5] | group OG001
NCT01327612	ctg_results_bor_2010_2013.txt	102	5	Best Overall Response	OG002	20060295: Conatumumab 3 mg/kg	4	NONE			UNKNOWN	0	Conatumumab Monotherapy	EXPERIMENTAL	armGroups[0].interventionNames drug set equals the group's drug set, and armGroups[0].description schedule (Q2W/Q3W/Q4W) is consistent with the group description	JOIN_RECOVERABLE	NOT_CONTROL (all joined arms registered EXPERIMENTAL; no comparator arm type registered in this trial)		group titles are prefixed by the parent-protocol number (e.g. '20050118:'), which is what defeated Job 3's label match	ctg_results_bor_2010_2013.txt line 102 | NCT01327612 | outcomeMeasures[5] | group OG002
NCT01327612	ctg_results_bor_2010_2013.txt	102	5	Best Overall Response	OG003	20060340: Conatumumab 5 mg/kg	4	NONE			UNKNOWN	0	Conatumumab Monotherapy	EXPERIMENTAL	armGroups[0].interventionNames drug set equals the group's drug set, and armGroups[0].description schedule (Q2W/Q3W/Q4W) is consistent with the group description	JOIN_RECOVERABLE	NOT_CONTROL (all joined arms registered EXPERIMENTAL; no comparator arm type registered in this trial)		group titles are prefixed by the parent-protocol number (e.g. '20050118:'), which is what defeated Job 3's label match	ctg_results_bor_2010_2013.txt line 102 | NCT01327612 | outcomeMeasures[5] | group OG003
NCT01327612	ctg_results_bor_2010_2013.txt	102	5	Best Overall Response	OG005	20060464: Conatumumab 10 mg/kg + mFOLFOX6 ± Bevacizumab	4	NONE			UNKNOWN	3	Conatumumab + mFOLFOX6 ± Bevacizumab	EXPERIMENTAL	armGroups[3].interventionNames drug set equals the group's drug set, and armGroups[3].description schedule (Q2W/Q3W/Q4W) is consistent with the group description	JOIN_RECOVERABLE	NOT_CONTROL (all joined arms registered EXPERIMENTAL; no comparator arm type registered in this trial)		group titles are prefixed by the parent-protocol number (e.g. '20050118:'), which is what defeated Job 3's label match	ctg_results_bor_2010_2013.txt line 102 | NCT01327612 | outcomeMeasures[5] | group OG005
NCT01327612	ctg_results_bor_2010_2013.txt	102	5	Best Overall Response	OG004	20060464: Conatumumab 2 mg/kg + mFOLFOX6 + Bevacizumab	4	NONE			UNKNOWN	3	Conatumumab + mFOLFOX6 ± Bevacizumab	EXPERIMENTAL	armGroups[3].interventionNames drug set equals the group's drug set, and armGroups[3].description schedule (Q2W/Q3W/Q4W) is consistent with the group description	JOIN_RECOVERABLE	NOT_CONTROL (all joined arms registered EXPERIMENTAL; no comparator arm type registered in this trial)		group titles are prefixed by the parent-protocol number (e.g. '20050118:'), which is what defeated Job 3's label match	ctg_results_bor_2010_2013.txt line 102 | NCT01327612 | outcomeMeasures[5] | group OG004
NCT01327612	ctg_results_bor_2010_2013.txt	102	5	Best Overall Response	OG006	20070411: Conatumumab 15 mg/kg + Ganitumab 18 mg/kg	4	NONE			UNKNOWN	1	Conatumumab + Ganitumab	EXPERIMENTAL	armGroups[1].interventionNames drug set equals the group's drug set, and armGroups[1].description schedule (Q2W/Q3W/Q4W) is consistent with the group description	JOIN_RECOVERABLE	NOT_CONTROL (all joined arms registered EXPERIMENTAL; no comparator arm type registered in this trial)		group titles are prefixed by the parent-protocol number (e.g. '20050118:'), which is what defeated Job 3's label match	ctg_results_bor_2010_2013.txt line 102 | NCT01327612 | outcomeMeasures[5] | group OG006
NCT01403948	ctg_results_bor_2010_2013.txt	44	3	Best Overall Response Based on All Assessment	OG000	BI 836826 1 mg iv (Caucasian Patients)	1	NONE			NOT_CONTROL_SINGLE_ARM_TRIAL	0	Patients with relapsed or refractory NHL	EXPERIMENTAL	armGroups[0].description population phrase 'relapsed or refractory non-Hodgkin lymphoma of B cell origin' recurs verbatim (casefold) in every group description; armGroups[0].interventionNames 'Drug: BI 836826' is the group-title drug; armGroups cardinality = 1	JOIN_RECOVERABLE	NOT_CONTROL (all joined arms registered EXPERIMENTAL; no comparator arm type registered in this trial)		20 dose/ethnicity groups collapse onto the single registered arm	ctg_results_bor_2010_2013.txt line 44 | NCT01403948 | outcomeMeasures[3] | group OG000
NCT01403948	ctg_results_bor_2010_2013.txt	44	3	Best Overall Response Based on All Assessment	OG006	BI 836826 100 mg iv (Caucasian Patients)	1	NONE			NOT_CONTROL_SINGLE_ARM_TRIAL	0	Patients with relapsed or refractory NHL	EXPERIMENTAL	armGroups[0].description population phrase 'relapsed or refractory non-Hodgkin lymphoma of B cell origin' recurs verbatim (casefold) in every group description; armGroups[0].interventionNames 'Drug: BI 836826' is the group-title drug; armGroups cardinality = 1	JOIN_RECOVERABLE	NOT_CONTROL (all joined arms registered EXPERIMENTAL; no comparator arm type registered in this trial)		20 dose/ethnicity groups collapse onto the single registered arm	ctg_results_bor_2010_2013.txt line 44 | NCT01403948 | outcomeMeasures[3] | group OG006
NCT01403948	ctg_results_bor_2010_2013.txt	44	3	Best Overall Response Based on All Assessment	OG007	BI 836826 100 mg iv (Korean Patients)	1	NONE			NOT_CONTROL_SINGLE_ARM_TRIAL	0	Patients with relapsed or refractory NHL	EXPERIMENTAL	armGroups[0].description population phrase 'relapsed or refractory non-Hodgkin lymphoma of B cell origin' recurs verbatim (casefold) in every group description; armGroups[0].interventionNames 'Drug: BI 836826' is the group-title drug; armGroups cardinality = 1	JOIN_RECOVERABLE	NOT_CONTROL (all joined arms registered EXPERIMENTAL; no comparator arm type registered in this trial)		20 dose/ethnicity groups collapse onto the single registered arm	ctg_results_bor_2010_2013.txt line 44 | NCT01403948 | outcomeMeasures[3] | group OG007
NCT01403948	ctg_results_bor_2010_2013.txt	44	3	Best Overall Response Based on All Assessment	OG008	BI 836826 150 mg iv (Caucasian Patients)	1	NONE			NOT_CONTROL_SINGLE_ARM_TRIAL	0	Patients with relapsed or refractory NHL	EXPERIMENTAL	armGroups[0].description population phrase 'relapsed or refractory non-Hodgkin lymphoma of B cell origin' recurs verbatim (casefold) in every group description; armGroups[0].interventionNames 'Drug: BI 836826' is the group-title drug; armGroups cardinality = 1	JOIN_RECOVERABLE	NOT_CONTROL (all joined arms registered EXPERIMENTAL; no comparator arm type registered in this trial)		20 dose/ethnicity groups collapse onto the single registered arm	ctg_results_bor_2010_2013.txt line 44 | NCT01403948 | outcomeMeasures[3] | group OG008
NCT01403948	ctg_results_bor_2010_2013.txt	44	3	Best Overall Response Based on All Assessment	OG009	BI 836826 200 mg iv (Caucasian Patients)	1	NONE			NOT_CONTROL_SINGLE_ARM_TRIAL	0	Patients with relapsed or refractory NHL	EXPERIMENTAL	armGroups[0].description population phrase 'relapsed or refractory non-Hodgkin lymphoma of B cell origin' recurs verbatim (casefold) in every group description; armGroups[0].interventionNames 'Drug: BI 836826' is the group-title drug; armGroups cardinality = 1	JOIN_RECOVERABLE	NOT_CONTROL (all joined arms registered EXPERIMENTAL; no comparator arm type registered in this trial)		20 dose/ethnicity groups collapse onto the single registered arm	ctg_results_bor_2010_2013.txt line 44 | NCT01403948 | outcomeMeasures[3] | group OG009
NCT01403948	ctg_results_bor_2010_2013.txt	44	3	Best Overall Response Based on All Assessment	OG003	BI 836826 25 mg iv (Caucasian Patients)	1	NONE			NOT_CONTROL_SINGLE_ARM_TRIAL	0	Patients with relapsed or refractory NHL	EXPERIMENTAL	armGroups[0].description population phrase 'relapsed or refractory non-Hodgkin lymphoma of B cell origin' recurs verbatim (casefold) in every group description; armGroups[0].interventionNames 'Drug: BI 836826' is the group-title drug; armGroups cardinality = 1	JOIN_RECOVERABLE	NOT_CONTROL (all joined arms registered EXPERIMENTAL; no comparator arm type registered in this trial)		20 dose/ethnicity groups collapse onto the single registered arm	ctg_results_bor_2010_2013.txt line 44 | NCT01403948 | outcomeMeasures[3] | group OG003
NCT01403948	ctg_results_bor_2010_2013.txt	44	3	Best Overall Response Based on All Assessment	OG001	BI 836826 3 mg iv (Caucasian Patients)	1	NONE			NOT_CONTROL_SINGLE_ARM_TRIAL	0	Patients with relapsed or refractory NHL	EXPERIMENTAL	armGroups[0].description population phrase 'relapsed or refractory non-Hodgkin lymphoma of B cell origin' recurs verbatim (casefold) in every group description; armGroups[0].interventionNames 'Drug: BI 836826' is the group-title drug; armGroups cardinality = 1	JOIN_RECOVERABLE	NOT_CONTROL (all joined arms registered EXPERIMENTAL; no comparator arm type registered in this trial)		20 dose/ethnicity groups collapse onto the single registered arm	ctg_results_bor_2010_2013.txt line 44 | NCT01403948 | outcomeMeasures[3] | group OG001
NCT01403948	ctg_results_bor_2010_2013.txt	44	3	Best Overall Response Based on All Assessment	OG004	BI 836826 50 mg iv (Caucasian Patients)	1	NONE			NOT_CONTROL_SINGLE_ARM_TRIAL	0	Patients with relapsed or refractory NHL	EXPERIMENTAL	armGroups[0].description population phrase 'relapsed or refractory non-Hodgkin lymphoma of B cell origin' recurs verbatim (casefold) in every group description; armGroups[0].interventionNames 'Drug: BI 836826' is the group-title drug; armGroups cardinality = 1	JOIN_RECOVERABLE	NOT_CONTROL (all joined arms registered EXPERIMENTAL; no comparator arm type registered in this trial)		20 dose/ethnicity groups collapse onto the single registered arm	ctg_results_bor_2010_2013.txt line 44 | NCT01403948 | outcomeMeasures[3] | group OG004
NCT01403948	ctg_results_bor_2010_2013.txt	44	3	Best Overall Response Based on All Assessment	OG005	BI 836826 50mg iv (Korean Patients)	1	NONE			NOT_CONTROL_SINGLE_ARM_TRIAL	0	Patients with relapsed or refractory NHL	EXPERIMENTAL	armGroups[0].description population phrase 'relapsed or refractory non-Hodgkin lymphoma of B cell origin' recurs verbatim (casefold) in every group description; armGroups[0].interventionNames 'Drug: BI 836826' is the group-title drug; armGroups cardinality = 1	JOIN_RECOVERABLE	NOT_CONTROL (all joined arms registered EXPERIMENTAL; no comparator arm type registered in this trial)		20 dose/ethnicity groups collapse onto the single registered arm	ctg_results_bor_2010_2013.txt line 44 | NCT01403948 | outcomeMeasures[3] | group OG005
NCT01403948	ctg_results_bor_2010_2013.txt	44	3	Best Overall Response Based on All Assessment	OG002	BI 836826 9 mg iv (Caucasian Patients)	1	NONE			NOT_CONTROL_SINGLE_ARM_TRIAL	0	Patients with relapsed or refractory NHL	EXPERIMENTAL	armGroups[0].description population phrase 'relapsed or refractory non-Hodgkin lymphoma of B cell origin' recurs verbatim (casefold) in every group description; armGroups[0].interventionNames 'Drug: BI 836826' is the group-title drug; armGroups cardinality = 1	JOIN_RECOVERABLE	NOT_CONTROL (all joined arms registered EXPERIMENTAL; no comparator arm type registered in this trial)		20 dose/ethnicity groups collapse onto the single registered arm	ctg_results_bor_2010_2013.txt line 44 | NCT01403948 | outcomeMeasures[3] | group OG002
NCT01403948	ctg_results_bor_2010_2013.txt	44	4	Best Overall Response Based on Imaging Data	OG000	BI 836826 1 mg iv (Caucasian Patients)	1	NONE			NOT_CONTROL_SINGLE_ARM_TRIAL	0	Patients with relapsed or refractory NHL	EXPERIMENTAL	armGroups[0].description population phrase 'relapsed or refractory non-Hodgkin lymphoma of B cell origin' recurs verbatim (casefold) in every group description; armGroups[0].interventionNames 'Drug: BI 836826' is the group-title drug; armGroups cardinality = 1	JOIN_RECOVERABLE	NOT_CONTROL (all joined arms registered EXPERIMENTAL; no comparator arm type registered in this trial)		20 dose/ethnicity groups collapse onto the single registered arm	ctg_results_bor_2010_2013.txt line 44 | NCT01403948 | outcomeMeasures[4] | group OG000
NCT01403948	ctg_results_bor_2010_2013.txt	44	4	Best Overall Response Based on Imaging Data	OG006	BI 836826 100 mg iv (Caucasian Patients)	1	NONE			NOT_CONTROL_SINGLE_ARM_TRIAL	0	Patients with relapsed or refractory NHL	EXPERIMENTAL	armGroups[0].description population phrase 'relapsed or refractory non-Hodgkin lymphoma of B cell origin' recurs verbatim (casefold) in every group description; armGroups[0].interventionNames 'Drug: BI 836826' is the group-title drug; armGroups cardinality = 1	JOIN_RECOVERABLE	NOT_CONTROL (all joined arms registered EXPERIMENTAL; no comparator arm type registered in this trial)		20 dose/ethnicity groups collapse onto the single registered arm	ctg_results_bor_2010_2013.txt line 44 | NCT01403948 | outcomeMeasures[4] | group OG006
NCT01403948	ctg_results_bor_2010_2013.txt	44	4	Best Overall Response Based on Imaging Data	OG007	BI 836826 100 mg iv (Korean Patients)	1	NONE			NOT_CONTROL_SINGLE_ARM_TRIAL	0	Patients with relapsed or refractory NHL	EXPERIMENTAL	armGroups[0].description population phrase 'relapsed or refractory non-Hodgkin lymphoma of B cell origin' recurs verbatim (casefold) in every group description; armGroups[0].interventionNames 'Drug: BI 836826' is the group-title drug; armGroups cardinality = 1	JOIN_RECOVERABLE	NOT_CONTROL (all joined arms registered EXPERIMENTAL; no comparator arm type registered in this trial)		20 dose/ethnicity groups collapse onto the single registered arm	ctg_results_bor_2010_2013.txt line 44 | NCT01403948 | outcomeMeasures[4] | group OG007
NCT01403948	ctg_results_bor_2010_2013.txt	44	4	Best Overall Response Based on Imaging Data	OG008	BI 836826 150 mg iv (Caucasian Patients)	1	NONE			NOT_CONTROL_SINGLE_ARM_TRIAL	0	Patients with relapsed or refractory NHL	EXPERIMENTAL	armGroups[0].description population phrase 'relapsed or refractory non-Hodgkin lymphoma of B cell origin' recurs verbatim (casefold) in every group description; armGroups[0].interventionNames 'Drug: BI 836826' is the group-title drug; armGroups cardinality = 1	JOIN_RECOVERABLE	NOT_CONTROL (all joined arms registered EXPERIMENTAL; no comparator arm type registered in this trial)		20 dose/ethnicity groups collapse onto the single registered arm	ctg_results_bor_2010_2013.txt line 44 | NCT01403948 | outcomeMeasures[4] | group OG008
NCT01403948	ctg_results_bor_2010_2013.txt	44	4	Best Overall Response Based on Imaging Data	OG009	BI 836826 200 mg iv (Caucasian Patients)	1	NONE			NOT_CONTROL_SINGLE_ARM_TRIAL	0	Patients with relapsed or refractory NHL	EXPERIMENTAL	armGroups[0].description population phrase 'relapsed or refractory non-Hodgkin lymphoma of B cell origin' recurs verbatim (casefold) in every group description; armGroups[0].interventionNames 'Drug: BI 836826' is the group-title drug; armGroups cardinality = 1	JOIN_RECOVERABLE	NOT_CONTROL (all joined arms registered EXPERIMENTAL; no comparator arm type registered in this trial)		20 dose/ethnicity groups collapse onto the single registered arm	ctg_results_bor_2010_2013.txt line 44 | NCT01403948 | outcomeMeasures[4] | group OG009
NCT01403948	ctg_results_bor_2010_2013.txt	44	4	Best Overall Response Based on Imaging Data	OG003	BI 836826 25 mg iv (Caucasian Patients)	1	NONE			NOT_CONTROL_SINGLE_ARM_TRIAL	0	Patients with relapsed or refractory NHL	EXPERIMENTAL	armGroups[0].description population phrase 'relapsed or refractory non-Hodgkin lymphoma of B cell origin' recurs verbatim (casefold) in every group description; armGroups[0].interventionNames 'Drug: BI 836826' is the group-title drug; armGroups cardinality = 1	JOIN_RECOVERABLE	NOT_CONTROL (all joined arms registered EXPERIMENTAL; no comparator arm type registered in this trial)		20 dose/ethnicity groups collapse onto the single registered arm	ctg_results_bor_2010_2013.txt line 44 | NCT01403948 | outcomeMeasures[4] | group OG003
NCT01403948	ctg_results_bor_2010_2013.txt	44	4	Best Overall Response Based on Imaging Data	OG001	BI 836826 3 mg iv (Caucasian Patients)	1	NONE			NOT_CONTROL_SINGLE_ARM_TRIAL	0	Patients with relapsed or refractory NHL	EXPERIMENTAL	armGroups[0].description population phrase 'relapsed or refractory non-Hodgkin lymphoma of B cell origin' recurs verbatim (casefold) in every group description; armGroups[0].interventionNames 'Drug: BI 836826' is the group-title drug; armGroups cardinality = 1	JOIN_RECOVERABLE	NOT_CONTROL (all joined arms registered EXPERIMENTAL; no comparator arm type registered in this trial)		20 dose/ethnicity groups collapse onto the single registered arm	ctg_results_bor_2010_2013.txt line 44 | NCT01403948 | outcomeMeasures[4] | group OG001
NCT01403948	ctg_results_bor_2010_2013.txt	44	4	Best Overall Response Based on Imaging Data	OG004	BI 836826 50 mg iv (Caucasian Patients)	1	NONE			NOT_CONTROL_SINGLE_ARM_TRIAL	0	Patients with relapsed or refractory NHL	EXPERIMENTAL	armGroups[0].description population phrase 'relapsed or refractory non-Hodgkin lymphoma of B cell origin' recurs verbatim (casefold) in every group description; armGroups[0].interventionNames 'Drug: BI 836826' is the group-title drug; armGroups cardinality = 1	JOIN_RECOVERABLE	NOT_CONTROL (all joined arms registered EXPERIMENTAL; no comparator arm type registered in this trial)		20 dose/ethnicity groups collapse onto the single registered arm	ctg_results_bor_2010_2013.txt line 44 | NCT01403948 | outcomeMeasures[4] | group OG004
NCT01403948	ctg_results_bor_2010_2013.txt	44	4	Best Overall Response Based on Imaging Data	OG005	BI 836826 50mg iv (Korean Patients)	1	NONE			NOT_CONTROL_SINGLE_ARM_TRIAL	0	Patients with relapsed or refractory NHL	EXPERIMENTAL	armGroups[0].description population phrase 'relapsed or refractory non-Hodgkin lymphoma of B cell origin' recurs verbatim (casefold) in every group description; armGroups[0].interventionNames 'Drug: BI 836826' is the group-title drug; armGroups cardinality = 1	JOIN_RECOVERABLE	NOT_CONTROL (all joined arms registered EXPERIMENTAL; no comparator arm type registered in this trial)		20 dose/ethnicity groups collapse onto the single registered arm	ctg_results_bor_2010_2013.txt line 44 | NCT01403948 | outcomeMeasures[4] | group OG005
NCT01403948	ctg_results_bor_2010_2013.txt	44	4	Best Overall Response Based on Imaging Data	OG002	BI 836826 9 mg iv (Caucasian Patients)	1	NONE			NOT_CONTROL_SINGLE_ARM_TRIAL	0	Patients with relapsed or refractory NHL	EXPERIMENTAL	armGroups[0].description population phrase 'relapsed or refractory non-Hodgkin lymphoma of B cell origin' recurs verbatim (casefold) in every group description; armGroups[0].interventionNames 'Drug: BI 836826' is the group-title drug; armGroups cardinality = 1	JOIN_RECOVERABLE	NOT_CONTROL (all joined arms registered EXPERIMENTAL; no comparator arm type registered in this trial)		20 dose/ethnicity groups collapse onto the single registered arm	ctg_results_bor_2010_2013.txt line 44 | NCT01403948 | outcomeMeasures[4] | group OG002
NCT01562028	ctg_results_bor_2010_2013.txt	367	3	Objective Response	OG001	T790M Negative	1	NONE			NOT_CONTROL_SINGLE_ARM_TRIAL	0	Erlotinib plus bevacizumab	EXPERIMENTAL	armGroups[0].description regimen ('Bevacizumab: 15 mg/kg i.v. on day 1 of each 3-week cycle; Erlotinib: 150 mg p.o., daily') is reproduced in the group description; armGroups cardinality = 1	JOIN_RECOVERABLE	NOT_CONTROL (all joined arms registered EXPERIMENTAL; no comparator arm type registered in this trial)		T790M+/- are biomarker subgroups of the one registered arm, not separate arms	ctg_results_bor_2010_2013.txt line 367 | NCT01562028 | outcomeMeasures[3] | group OG001
NCT01562028	ctg_results_bor_2010_2013.txt	367	3	Objective Response	OG000	T790M Positive	1	NONE			NOT_CONTROL_SINGLE_ARM_TRIAL	0	Erlotinib plus bevacizumab	EXPERIMENTAL	armGroups[0].description regimen ('Bevacizumab: 15 mg/kg i.v. on day 1 of each 3-week cycle; Erlotinib: 150 mg p.o., daily') is reproduced in the group description; armGroups cardinality = 1	JOIN_RECOVERABLE	NOT_CONTROL (all joined arms registered EXPERIMENTAL; no comparator arm type registered in this trial)		T790M+/- are biomarker subgroups of the one registered arm, not separate arms	ctg_results_bor_2010_2013.txt line 367 | NCT01562028 | outcomeMeasures[3] | group OG000
NCT01648764	ctg_results_bor_1999_2009.txt	140	5	Number of Participants With Best Overall Response (BOR)	OG006	100 mg LY - Arm A Dose Escalation	2	NONE			UNKNOWN	0	LY2334737 - Arm A	EXPERIMENTAL	group_title contains the token 'Arm A' matching armGroups[0].label 'LY2334737 - Arm A', AND armGroups[0].description dosing schedule is reproduced verbatim in the group description	JOIN_RECOVERABLE	NOT_CONTROL (all joined arms registered EXPERIMENTAL; no comparator arm type registered in this trial)			ctg_results_bor_1999_2009.txt line 140 | NCT01648764 | outcomeMeasures[5] | group OG006
NCT01648764	ctg_results_bor_1999_2009.txt	140	5	Number of Participants With Best Overall Response (BOR)	OG000	40 mg LY - Arm A Dose Escalation	2	NONE			UNKNOWN	0	LY2334737 - Arm A	EXPERIMENTAL	group_title contains the token 'Arm A' matching armGroups[0].label 'LY2334737 - Arm A', AND armGroups[0].description dosing schedule is reproduced verbatim in the group description	JOIN_RECOVERABLE	NOT_CONTROL (all joined arms registered EXPERIMENTAL; no comparator arm type registered in this trial)			ctg_results_bor_1999_2009.txt line 140 | NCT01648764 | outcomeMeasures[5] | group OG000
NCT01648764	ctg_results_bor_1999_2009.txt	140	5	Number of Participants With Best Overall Response (BOR)	OG007	40 mg LY - Arm B Dose Escalation	2	NONE			UNKNOWN	1	LY2334737 - Arm B	EXPERIMENTAL	group_title contains the token 'Arm B' matching armGroups[1].label 'LY2334737 - Arm B', AND armGroups[1].description dosing schedule is reproduced verbatim in the group description	JOIN_RECOVERABLE	NOT_CONTROL (all joined arms registered EXPERIMENTAL; no comparator arm type registered in this trial)			ctg_results_bor_1999_2009.txt line 140 | NCT01648764 | outcomeMeasures[5] | group OG007
NCT01648764	ctg_results_bor_1999_2009.txt	140	5	Number of Participants With Best Overall Response (BOR)	OG001	50 mg LY - Arm A Dose Escalation	2	NONE			UNKNOWN	0	LY2334737 - Arm A	EXPERIMENTAL	group_title contains the token 'Arm A' matching armGroups[0].label 'LY2334737 - Arm A', AND armGroups[0].description dosing schedule is reproduced verbatim in the group description	JOIN_RECOVERABLE	NOT_CONTROL (all joined arms registered EXPERIMENTAL; no comparator arm type registered in this trial)			ctg_results_bor_1999_2009.txt line 140 | NCT01648764 | outcomeMeasures[5] | group OG001
NCT01648764	ctg_results_bor_1999_2009.txt	140	5	Number of Participants With Best Overall Response (BOR)	OG008	50 mg LY - Arm B Dose Escalation	2	NONE			UNKNOWN	1	LY2334737 - Arm B	EXPERIMENTAL	group_title contains the token 'Arm B' matching armGroups[1].label 'LY2334737 - Arm B', AND armGroups[1].description dosing schedule is reproduced verbatim in the group description	JOIN_RECOVERABLE	NOT_CONTROL (all joined arms registered EXPERIMENTAL; no comparator arm type registered in this trial)			ctg_results_bor_1999_2009.txt line 140 | NCT01648764 | outcomeMeasures[5] | group OG008
NCT01648764	ctg_results_bor_1999_2009.txt	140	5	Number of Participants With Best Overall Response (BOR)	OG002	60 mg LY - Arm A Dose Escalation	2	NONE			UNKNOWN	0	LY2334737 - Arm A	EXPERIMENTAL	group_title contains the token 'Arm A' matching armGroups[0].label 'LY2334737 - Arm A', AND armGroups[0].description dosing schedule is reproduced verbatim in the group description	JOIN_RECOVERABLE	NOT_CONTROL (all joined arms registered EXPERIMENTAL; no comparator arm type registered in this trial)			ctg_results_bor_1999_2009.txt line 140 | NCT01648764 | outcomeMeasures[5] | group OG002
NCT01648764	ctg_results_bor_1999_2009.txt	140	5	Number of Participants With Best Overall Response (BOR)	OG009	60 mg LY - Arm B Dose Escalation	2	NONE			UNKNOWN	1	LY2334737 - Arm B	EXPERIMENTAL	group_title contains the token 'Arm B' matching armGroups[1].label 'LY2334737 - Arm B', AND armGroups[1].description dosing schedule is reproduced verbatim in the group description	JOIN_RECOVERABLE	NOT_CONTROL (all joined arms registered EXPERIMENTAL; no comparator arm type registered in this trial)			ctg_results_bor_1999_2009.txt line 140 | NCT01648764 | outcomeMeasures[5] | group OG009
NCT01648764	ctg_results_bor_1999_2009.txt	140	5	Number of Participants With Best Overall Response (BOR)	OG003	70 mg LY - Arm A Dose Escalation	2	NONE			UNKNOWN	0	LY2334737 - Arm A	EXPERIMENTAL	group_title contains the token 'Arm A' matching armGroups[0].label 'LY2334737 - Arm A', AND armGroups[0].description dosing schedule is reproduced verbatim in the group description	JOIN_RECOVERABLE	NOT_CONTROL (all joined arms registered EXPERIMENTAL; no comparator arm type registered in this trial)			ctg_results_bor_1999_2009.txt line 140 | NCT01648764 | outcomeMeasures[5] | group OG003
NCT01648764	ctg_results_bor_1999_2009.txt	140	5	Number of Participants With Best Overall Response (BOR)	OG010	70 mg LY - Arm B Dose Escalation	2	NONE			UNKNOWN	1	LY2334737 - Arm B	EXPERIMENTAL	group_title contains the token 'Arm B' matching armGroups[1].label 'LY2334737 - Arm B', AND armGroups[1].description dosing schedule is reproduced verbatim in the group description	JOIN_RECOVERABLE	NOT_CONTROL (all joined arms registered EXPERIMENTAL; no comparator arm type registered in this trial)			ctg_results_bor_1999_2009.txt line 140 | NCT01648764 | outcomeMeasures[5] | group OG010
NCT01648764	ctg_results_bor_1999_2009.txt	140	5	Number of Participants With Best Overall Response (BOR)	OG004	80 mg LY - Arm A Dose Escalation	2	NONE			UNKNOWN	0	LY2334737 - Arm A	EXPERIMENTAL	group_title contains the token 'Arm A' matching armGroups[0].label 'LY2334737 - Arm A', AND armGroups[0].description dosing schedule is reproduced verbatim in the group description	JOIN_RECOVERABLE	NOT_CONTROL (all joined arms registered EXPERIMENTAL; no comparator arm type registered in this trial)			ctg_results_bor_1999_2009.txt line 140 | NCT01648764 | outcomeMeasures[5] | group OG004
NCT01648764	ctg_results_bor_1999_2009.txt	140	5	Number of Participants With Best Overall Response (BOR)	OG011	80 mg LY - Arm B Dose Escalation	2	NONE			UNKNOWN	1	LY2334737 - Arm B	EXPERIMENTAL	group_title contains the token 'Arm B' matching armGroups[1].label 'LY2334737 - Arm B', AND armGroups[1].description dosing schedule is reproduced verbatim in the group description	JOIN_RECOVERABLE	NOT_CONTROL (all joined arms registered EXPERIMENTAL; no comparator arm type registered in this trial)			ctg_results_bor_1999_2009.txt line 140 | NCT01648764 | outcomeMeasures[5] | group OG011
NCT01648764	ctg_results_bor_1999_2009.txt	140	5	Number of Participants With Best Overall Response (BOR)	OG013	90 mg LY - Arm A Dose Confirmation	2	NONE			UNKNOWN	0	LY2334737 - Arm A	EXPERIMENTAL	group_title contains the token 'Arm A' matching armGroups[0].label 'LY2334737 - Arm A', AND armGroups[0].description dosing schedule is reproduced verbatim in the group description	JOIN_RECOVERABLE	NOT_CONTROL (all joined arms registered EXPERIMENTAL; no comparator arm type registered in this trial)			ctg_results_bor_1999_2009.txt line 140 | NCT01648764 | outcomeMeasures[5] | group OG013
NCT01648764	ctg_results_bor_1999_2009.txt	140	5	Number of Participants With Best Overall Response (BOR)	OG005	90 mg LY - Arm A Dose Escalation	2	NONE			UNKNOWN	0	LY2334737 - Arm A	EXPERIMENTAL	group_title contains the token 'Arm A' matching armGroups[0].label 'LY2334737 - Arm A', AND armGroups[0].description dosing schedule is reproduced verbatim in the group description	JOIN_RECOVERABLE	NOT_CONTROL (all joined arms registered EXPERIMENTAL; no comparator arm type registered in this trial)			ctg_results_bor_1999_2009.txt line 140 | NCT01648764 | outcomeMeasures[5] | group OG005
NCT01648764	ctg_results_bor_1999_2009.txt	140	5	Number of Participants With Best Overall Response (BOR)	OG012	90 mg LY - Arm B Dose Escalation	2	NONE			UNKNOWN	1	LY2334737 - Arm B	EXPERIMENTAL	group_title contains the token 'Arm B' matching armGroups[1].label 'LY2334737 - Arm B', AND armGroups[1].description dosing schedule is reproduced verbatim in the group description	JOIN_RECOVERABLE	NOT_CONTROL (all joined arms registered EXPERIMENTAL; no comparator arm type registered in this trial)			ctg_results_bor_1999_2009.txt line 140 | NCT01648764 | outcomeMeasures[5] | group OG012
NCT01790503	ctg_results_bor_2010_2013.txt	404	6	Summary of Best Overall Response by Subgroups in the Modified Intent-To-Treat Population on the Recommended Phase 2 Dose	OG000	Combined 800 mg, 5 Days/Week	4	NONE			UNKNOWN	1; 3	Phase 1b dose escalation - 800mg/day PLX3397; Phase 2 - Recommended phase 2 dose of PLX3397	EXPERIMENTAL	group description 'All participants in Phase 1b or 2 who received 800 mg/day PLX3397' names exactly the two arms whose armGroups[].description carries 800mg/day: armGroups[1] (Phase 1b, 800mg/day) and armGroups[3] (Phase 2 RP2D = 800mg/day)	JOIN_RECOVERABLE	NOT_CONTROL (all joined arms registered EXPERIMENTAL; no comparator arm type registered in this trial)		pooled 2-arm group; both are EXPERIMENTAL, as are all 4 registered arms	ctg_results_bor_2010_2013.txt line 404 | NCT01790503 | outcomeMeasures[6] | group OG000
NCT01796171	ctg_results_bor_2010_2013.txt	135	1	Part A, Phase IIa	OG001	100/20 With FL	13	NONE			UNKNOWN	7	Part A, Arm 4: 20 MBq/kg Betalutin with higher dose lilotomab pre-dosing	EXPERIMENTAL	om_title 'Part A, Phase IIa' restricts to Part A arms; group description dose pair matches armGroups[7].description uniquely within Part A. The '<lilotomab mg>/<Betalutin MBq/kg>' title convention is asserted by the record itself (outcome 2 group '40/12.5 in Part B' vs armGroups[11] 'Part B, Arm 3: 12.5 MBq/kg ... 40 mg lilotomab')	JOIN_RECOVERABLE	NOT_CONTROL (all joined arms registered EXPERIMENTAL; no comparator arm type registered in this trial)		arm-type conclusion does not depend on the Part-A restriction: all 13 registered arms are EXPERIMENTAL	ctg_results_bor_2010_2013.txt line 135 | NCT01796171 | outcomeMeasures[1] | group OG001
NCT01796171	ctg_results_bor_2010_2013.txt	135	1	Part A, Phase IIa	OG000	40/15 With FL	13	NONE			UNKNOWN	1	Part A, Arm 1: 15 MBq/kg Betalutin with lower dose lilotomab pre-dosing	EXPERIMENTAL	om_title 'Part A, Phase IIa' restricts to Part A arms; group description dose pair matches armGroups[1].description uniquely within Part A. The '<lilotomab mg>/<Betalutin MBq/kg>' title convention is asserted by the record itself (outcome 2 group '40/12.5 in Part B' vs armGroups[11] 'Part B, Arm 3: 12.5 MBq/kg ... 40 mg lilotomab')	JOIN_RECOVERABLE	NOT_CONTROL (all joined arms registered EXPERIMENTAL; no comparator arm type registered in this trial)		arm-type conclusion does not depend on the Part-A restriction: all 13 registered arms are EXPERIMENTAL	ctg_results_bor_2010_2013.txt line 135 | NCT01796171 | outcomeMeasures[1] | group OG000
