nct_id	payload_file	outcome_measure_index	outcome_measure_title	group_id	group_title	class_index	class_title	n_classes_in_om	classes_contributing	reported_denominator_participants	denoms_units_all	class_all_categories_sum	class_full_category_vector	matched_categories_this_class	matched_sum_this_class	dropped_categories_this_class	dropped_sum_this_class	stored_cells_producer	stored_evaluable_n	corrected_denominator	corrected_matched_cells_all_contributing_classes	residual_denominator_minus_matched	class_survived_labels	content_lost_from_this_class	recoverable	verdict	source_pointer
NCT02083653	ctg_results_bor_2014_2017.txt	1	Best Overall Response (OR) According to the Response Evaluation Criteria In Solid Tumors Version 1.1 (RECIST v1.1)	OG000	Arm A: Sym004 (12 mg/kg)	0	<untitled>	1	0	83	Participants=83	83	Complete Response (CR)=0 | Partial Response (PR)=11 | Stable Disease (SD)=40 | Progressive Disease (PD)=27 | Not Evaluable (NE)=5	Complete Response (CR)[CR]=0 | Partial Response (PR)[PR]=11 | Stable Disease (SD)[SD]=40 | Progressive Disease (PD)[PD]=27	78	Not Evaluable (NE)=5	5	CR=0,PR=11,SD=40,PD=27	78	83	CR=0,PR=11,SD=40,PD=27	5	CR,PD,PR,SD	dropped category Not Evaluable (NE)=5	YES	Single contributing class; all categories of that class sum exactly to the reported participant denominator. Corrected denominator = reported denominator; full category vector recovered including every category the producer dropped.	ctg_results_bor_2014_2017.txt :: studies[nct=NCT02083653] :: outcomeMeasures[1] :: classes[0] :: groups[OG000]
NCT02083653	ctg_results_bor_2014_2017.txt	1	Best Overall Response (OR) According to the Response Evaluation Criteria In Solid Tumors Version 1.1 (RECIST v1.1)	OG001	Arm B: Sym004 (9/6 mg/kg)	0	<untitled>	1	0	86	Participants=86	86	Complete Response (CR)=0 | Partial Response (PR)=8 | Stable Disease (SD)=47 | Progressive Disease (PD)=28 | Not Evaluable (NE)=3	Complete Response (CR)[CR]=0 | Partial Response (PR)[PR]=8 | Stable Disease (SD)[SD]=47 | Progressive Disease (PD)[PD]=28	83	Not Evaluable (NE)=3	3	CR=0,PR=8,SD=47,PD=28	83	86	CR=0,PR=8,SD=47,PD=28	3	CR,PD,PR,SD	dropped category Not Evaluable (NE)=3	YES	Single contributing class; all categories of that class sum exactly to the reported participant denominator. Corrected denominator = reported denominator; full category vector recovered including every category the producer dropped.	ctg_results_bor_2014_2017.txt :: studies[nct=NCT02083653] :: outcomeMeasures[1] :: classes[0] :: groups[OG001]
NCT02083653	ctg_results_bor_2014_2017.txt	1	Best Overall Response (OR) According to the Response Evaluation Criteria In Solid Tumors Version 1.1 (RECIST v1.1)	OG002	Arm C: Investigator's Choice	0	<untitled>	1	0	85	Participants=85	85	Complete Response (CR)=1 | Partial Response (PR)=1 | Stable Disease (SD)=37 | Progressive Disease (PD)=31 | Not Evaluable (NE)=15	Complete Response (CR)[CR]=1 | Partial Response (PR)[PR]=1 | Stable Disease (SD)[SD]=37 | Progressive Disease (PD)[PD]=31	70	Not Evaluable (NE)=15	15	CR=1,PR=1,SD=37,PD=31	70	85	CR=1,PR=1,SD=37,PD=31	15	CR,PD,PR,SD	dropped category Not Evaluable (NE)=15	YES	Single contributing class; all categories of that class sum exactly to the reported participant denominator. Corrected denominator = reported denominator; full category vector recovered including every category the producer dropped.	ctg_results_bor_2014_2017.txt :: studies[nct=NCT02083653] :: outcomeMeasures[1] :: classes[0] :: groups[OG002]
NCT02089334	ctg_results_bor_2014_2017.txt	4	Best Overall Response as Determined by RECIST v1.1.	OG000	125 mg/m^2 RX-0201 + Everolimus (Stage 1)	0	<untitled>	1	0	3	Participants=3	3	Complete Response (CR)=0 | Partial Response (PR)=0 | Stable Disease (SD)=2 | Progressive Disease (PD)=0 | Not Evaluable (NE)=0 | Not Done (ND)=1	Complete Response (CR)[CR]=0 | Partial Response (PR)[PR]=0 | Stable Disease (SD)[SD]=2 | Progressive Disease (PD)[PD]=0	2	Not Evaluable (NE)=0 | Not Done (ND)=1	1	CR=0,PR=0,SD=2,PD=0	2	3	CR=0,PR=0,SD=2,PD=0	1	CR,PD,PR,SD	dropped category Not Evaluable (NE)=0 ;; dropped category Not Done (ND)=1	YES	Single contributing class; all categories of that class sum exactly to the reported participant denominator. Corrected denominator = reported denominator; full category vector recovered including every category the producer dropped.	ctg_results_bor_2014_2017.txt :: studies[nct=NCT02089334] :: outcomeMeasures[4] :: classes[0] :: groups[OG000]
NCT02089334	ctg_results_bor_2014_2017.txt	4	Best Overall Response as Determined by RECIST v1.1.	OG001	200 mg/m^2/Day RX-0201 + Everolimus (Stage 1)	0	<untitled>	1	0	4	Participants=4	4	Complete Response (CR)=0 | Partial Response (PR)=0 | Stable Disease (SD)=1 | Progressive Disease (PD)=2 | Not Evaluable (NE)=0 | Not Done (ND)=1	Complete Response (CR)[CR]=0 | Partial Response (PR)[PR]=0 | Stable Disease (SD)[SD]=1 | Progressive Disease (PD)[PD]=2	3	Not Evaluable (NE)=0 | Not Done (ND)=1	1	CR=0,PR=0,SD=1,PD=2	3	4	CR=0,PR=0,SD=1,PD=2	1	CR,PD,PR,SD	dropped category Not Evaluable (NE)=0 ;; dropped category Not Done (ND)=1	YES	Single contributing class; all categories of that class sum exactly to the reported participant denominator. Corrected denominator = reported denominator; full category vector recovered including every category the producer dropped.	ctg_results_bor_2014_2017.txt :: studies[nct=NCT02089334] :: outcomeMeasures[4] :: classes[0] :: groups[OG001]
NCT02089334	ctg_results_bor_2014_2017.txt	4	Best Overall Response as Determined by RECIST v1.1.	OG002	250 mg/m^2/Day RX-0201 + Everolimus (Stage 1)	0	<untitled>	1	0	4	Participants=4	4	Complete Response (CR)=0 | Partial Response (PR)=0 | Stable Disease (SD)=1 | Progressive Disease (PD)=0 | Not Evaluable (NE)=1 | Not Done (ND)=2	Complete Response (CR)[CR]=0 | Partial Response (PR)[PR]=0 | Stable Disease (SD)[SD]=1 | Progressive Disease (PD)[PD]=0	1	Not Evaluable (NE)=1 | Not Done (ND)=2	3	CR=0,PR=0,SD=1,PD=0	1	4	CR=0,PR=0,SD=1,PD=0	3	CR,PD,PR,SD	dropped category Not Evaluable (NE)=1 ;; dropped category Not Done (ND)=2	YES	Single contributing class; all categories of that class sum exactly to the reported participant denominator. Corrected denominator = reported denominator; full category vector recovered including every category the producer dropped.	ctg_results_bor_2014_2017.txt :: studies[nct=NCT02089334] :: outcomeMeasures[4] :: classes[0] :: groups[OG002]
NCT02089334	ctg_results_bor_2014_2017.txt	4	Best Overall Response as Determined by RECIST v1.1.	OG003	RX-0201 Plus Everolimus (Stage 2)	0	<untitled>	1	0	11	Participants=11	11	Complete Response (CR)=0 | Partial Response (PR)=0 | Stable Disease (SD)=7 | Progressive Disease (PD)=1 | Not Evaluable (NE)=0 | Not Done (ND)=3	Complete Response (CR)[CR]=0 | Partial Response (PR)[PR]=0 | Stable Disease (SD)[SD]=7 | Progressive Disease (PD)[PD]=1	8	Not Evaluable (NE)=0 | Not Done (ND)=3	3	CR=0,PR=0,SD=7,PD=1	8	11	CR=0,PR=0,SD=7,PD=1	3	CR,PD,PR,SD	dropped category Not Evaluable (NE)=0 ;; dropped category Not Done (ND)=3	YES	Single contributing class; all categories of that class sum exactly to the reported participant denominator. Corrected denominator = reported denominator; full category vector recovered including every category the producer dropped.	ctg_results_bor_2014_2017.txt :: studies[nct=NCT02089334] :: outcomeMeasures[4] :: classes[0] :: groups[OG003]
NCT02124772	ctg_results_bor_2014_2017.txt	10	Best Overall Response (BOR) Based on RECIST v1.1, RANO and Dombi Criteria and as Per Investigator Assessment	OG000	Part A - TMT 0.0125 mg/kg/Day	0	<untitled>	1	0	3	Participants=3	3	Complete response (CR)=0 | Partial response (PR)=0 | Stable disease (SD)=1 | Progressive disease (PD)=0 | Non-CR/Non-PD=0 | Unknown=0 | Missing=2	Complete response (CR)[CR]=0 | Partial response (PR)[PR]=0 | Stable disease (SD)[SD]=1 | Progressive disease (PD)[PD]=0	1	Non-CR/Non-PD=0 | Unknown=0 | Missing=2	2	CR=0,PR=0,SD=1,PD=0	1	3	CR=0,PR=0,SD=1,PD=0	2	CR,PD,PR,SD	dropped category Non-CR/Non-PD=0 ;; dropped category Unknown=0 ;; dropped category Missing=2	YES	Single contributing class; all categories of that class sum exactly to the reported participant denominator. Corrected denominator = reported denominator; full category vector recovered including every category the producer dropped.	ctg_results_bor_2014_2017.txt :: studies[nct=NCT02124772] :: outcomeMeasures[10] :: classes[0] :: groups[OG000]
NCT02124772	ctg_results_bor_2014_2017.txt	10	Best Overall Response (BOR) Based on RECIST v1.1, RANO and Dombi Criteria and as Per Investigator Assessment	OG001	Part A - TMT 0.025 mg/kg/Day	0	<untitled>	1	0	19	Participants=19	19	Complete response (CR)=0 | Partial response (PR)=1 | Stable disease (SD)=2 | Progressive disease (PD)=0 | Non-CR/Non-PD=0 | Unknown=0 | Missing=16	Complete response (CR)[CR]=0 | Partial response (PR)[PR]=1 | Stable disease (SD)[SD]=2 | Progressive disease (PD)[PD]=0	3	Non-CR/Non-PD=0 | Unknown=0 | Missing=16	16	CR=0,PR=1,SD=2,PD=0	3	19	CR=0,PR=1,SD=2,PD=0	16	CR,PD,PR,SD	dropped category Non-CR/Non-PD=0 ;; dropped category Unknown=0 ;; dropped category Missing=16	YES	Single contributing class; all categories of that class sum exactly to the reported participant denominator. Corrected denominator = reported denominator; full category vector recovered including every category the producer dropped.	ctg_results_bor_2014_2017.txt :: studies[nct=NCT02124772] :: outcomeMeasures[10] :: classes[0] :: groups[OG001]
NCT02124772	ctg_results_bor_2014_2017.txt	10	Best Overall Response (BOR) Based on RECIST v1.1, RANO and Dombi Criteria and as Per Investigator Assessment	OG002	Part A - TMT 0.032 mg/kg/Day	0	<untitled>	1	0	12	Participants=12	12	Complete response (CR)=0 | Partial response (PR)=1 | Stable disease (SD)=3 | Progressive disease (PD)=2 | Non-CR/Non-PD=0 | Unknown=0 | Missing=6	Complete response (CR)[CR]=0 | Partial response (PR)[PR]=1 | Stable disease (SD)[SD]=3 | Progressive disease (PD)[PD]=2	6	Non-CR/Non-PD=0 | Unknown=0 | Missing=6	6	CR=0,PR=1,SD=3,PD=2	6	12	CR=0,PR=1,SD=3,PD=2	6	CR,PD,PR,SD	dropped category Non-CR/Non-PD=0 ;; dropped category Unknown=0 ;; dropped category Missing=6	YES	Single contributing class; all categories of that class sum exactly to the reported participant denominator. Corrected denominator = reported denominator; full category vector recovered including every category the producer dropped.	ctg_results_bor_2014_2017.txt :: studies[nct=NCT02124772] :: outcomeMeasures[10] :: classes[0] :: groups[OG002]
NCT02124772	ctg_results_bor_2014_2017.txt	10	Best Overall Response (BOR) Based on RECIST v1.1, RANO and Dombi Criteria and as Per Investigator Assessment	OG003	Part A - TMT 0.04 mg/kg/Day	0	<untitled>	1	0	16	Participants=16	16	Complete response (CR)=0 | Partial response (PR)=0 | Stable disease (SD)=4 | Progressive disease (PD)=0 | Non-CR/Non-PD=0 | Unknown=2 | Missing=10	Complete response (CR)[CR]=0 | Partial response (PR)[PR]=0 | Stable disease (SD)[SD]=4 | Progressive disease (PD)[PD]=0	4	Non-CR/Non-PD=0 | Unknown=2 | Missing=10	12	CR=0,PR=0,SD=4,PD=0	4	16	CR=0,PR=0,SD=4,PD=0	12	CR,PD,PR,SD	dropped category Non-CR/Non-PD=0 ;; dropped category Unknown=2 ;; dropped category Missing=10	YES	Single contributing class; all categories of that class sum exactly to the reported participant denominator. Corrected denominator = reported denominator; full category vector recovered including every category the producer dropped.	ctg_results_bor_2014_2017.txt :: studies[nct=NCT02124772] :: outcomeMeasures[10] :: classes[0] :: groups[OG003]
NCT02124772	ctg_results_bor_2014_2017.txt	10	Best Overall Response (BOR) Based on RECIST v1.1, RANO and Dombi Criteria and as Per Investigator Assessment	OG004	Part B - Neuroblastoma	0	<untitled>	1	0	11	Participants=11	11	Complete response (CR)=0 | Partial response (PR)=1 | Stable disease (SD)=1 | Progressive disease (PD)=5 | Non-CR/Non-PD=0 | Unknown=1 | Missing=3	Complete response (CR)[CR]=0 | Partial response (PR)[PR]=1 | Stable disease (SD)[SD]=1 | Progressive disease (PD)[PD]=5	7	Non-CR/Non-PD=0 | Unknown=1 | Missing=3	4	CR=0,PR=1,SD=1,PD=5	7	11	CR=0,PR=1,SD=1,PD=5	4	CR,PD,PR,SD	dropped category Non-CR/Non-PD=0 ;; dropped category Unknown=1 ;; dropped category Missing=3	YES	Single contributing class; all categories of that class sum exactly to the reported participant denominator. Corrected denominator = reported denominator; full category vector recovered including every category the producer dropped.	ctg_results_bor_2014_2017.txt :: studies[nct=NCT02124772] :: outcomeMeasures[10] :: classes[0] :: groups[OG004]
NCT02124772	ctg_results_bor_2014_2017.txt	10	Best Overall Response (BOR) Based on RECIST v1.1, RANO and Dombi Criteria and as Per Investigator Assessment	OG006	Part B - NF-1 With PN	0	<untitled>	1	0	10	Participants=10	10	Complete response (CR)=0 | Partial response (PR)=0 | Stable disease (SD)=8 | Progressive disease (PD)=0 | Non-CR/Non-PD=0 | Unknown=0 | Missing=2	Complete response (CR)[CR]=0 | Partial response (PR)[PR]=0 | Stable disease (SD)[SD]=8 | Progressive disease (PD)[PD]=0	8	Non-CR/Non-PD=0 | Unknown=0 | Missing=2	2	CR=0,PR=0,SD=8,PD=0	8	10	CR=0,PR=0,SD=8,PD=0	2	CR,PD,PR,SD	dropped category Non-CR/Non-PD=0 ;; dropped category Unknown=0 ;; dropped category Missing=2	YES	Single contributing class; all categories of that class sum exactly to the reported participant denominator. Corrected denominator = reported denominator; full category vector recovered including every category the producer dropped.	ctg_results_bor_2014_2017.txt :: studies[nct=NCT02124772] :: outcomeMeasures[10] :: classes[0] :: groups[OG006]
NCT02124772	ctg_results_bor_2014_2017.txt	10	Best Overall Response (BOR) Based on RECIST v1.1, RANO and Dombi Criteria and as Per Investigator Assessment	OG010	Part C - TMT 0.032 mg/kg/Day + 100% DRB RP2D	0	<untitled>	1	0	6	Participants=6	6	Complete response (CR)=2 | Partial response (PR)=2 | Stable disease (SD)=1 | Progressive disease (PD)=0 | Non-CR/Non-PD=0 | Unknown=0 | Missing=1	Complete response (CR)[CR]=2 | Partial response (PR)[PR]=2 | Stable disease (SD)[SD]=1 | Progressive disease (PD)[PD]=0	5	Non-CR/Non-PD=0 | Unknown=0 | Missing=1	1	CR=2,PR=2,SD=1,PD=0	5	6	CR=2,PR=2,SD=1,PD=0	1	CR,PD,PR,SD	dropped category Non-CR/Non-PD=0 ;; dropped category Unknown=0 ;; dropped category Missing=1	YES	Single contributing class; all categories of that class sum exactly to the reported participant denominator. Corrected denominator = reported denominator; full category vector recovered including every category the producer dropped.	ctg_results_bor_2014_2017.txt :: studies[nct=NCT02124772] :: outcomeMeasures[10] :: classes[0] :: groups[OG010]
NCT02124772	ctg_results_bor_2014_2017.txt	10	Best Overall Response (BOR) Based on RECIST v1.1, RANO and Dombi Criteria and as Per Investigator Assessment	OG011	Part D - LGG	0	<untitled>	1	0	20	Participants=20	20	Complete response (CR)=2 | Partial response (PR)=9 | Stable disease (SD)=8 | Progressive disease (PD)=0 | Non-CR/Non-PD=0 | Unknown=1 | Missing=0	Complete response (CR)[CR]=2 | Partial response (PR)[PR]=9 | Stable disease (SD)[SD]=8 | Progressive disease (PD)[PD]=0	19	Non-CR/Non-PD=0 | Unknown=1 | Missing=0	1	CR=2,PR=9,SD=8,PD=0	19	20	CR=2,PR=9,SD=8,PD=0	1	CR,PD,PR,SD	dropped category Non-CR/Non-PD=0 ;; dropped category Unknown=1 ;; dropped category Missing=0	YES	Single contributing class; all categories of that class sum exactly to the reported participant denominator. Corrected denominator = reported denominator; full category vector recovered including every category the producer dropped.	ctg_results_bor_2014_2017.txt :: studies[nct=NCT02124772] :: outcomeMeasures[10] :: classes[0] :: groups[OG011]
NCT02124772	ctg_results_bor_2014_2017.txt	10	Best Overall Response (BOR) Based on RECIST v1.1, RANO and Dombi Criteria and as Per Investigator Assessment	OG012	Part D - LCH	0	<untitled>	1	0	10	Participants=10	10	Complete response (CR)=3 | Partial response (PR)=3 | Stable disease (SD)=3 | Progressive disease (PD)=0 | Non-CR/Non-PD=0 | Unknown=0 | Missing=1	Complete response (CR)[CR]=3 | Partial response (PR)[PR]=3 | Stable disease (SD)[SD]=3 | Progressive disease (PD)[PD]=0	9	Non-CR/Non-PD=0 | Unknown=0 | Missing=1	1	CR=3,PR=3,SD=3,PD=0	9	10	CR=3,PR=3,SD=3,PD=0	1	CR,PD,PR,SD	dropped category Non-CR/Non-PD=0 ;; dropped category Unknown=0 ;; dropped category Missing=1	YES	Single contributing class; all categories of that class sum exactly to the reported participant denominator. Corrected denominator = reported denominator; full category vector recovered including every category the producer dropped.	ctg_results_bor_2014_2017.txt :: studies[nct=NCT02124772] :: outcomeMeasures[10] :: classes[0] :: groups[OG012]
NCT02150967	ctg_results_bor_2014_2017.txt	11	Retrospective Analysis of Post-second-line Antineoplastic Treatment Outcomes on BOR	OG000	Cohort 1: FGFR2 Fusion/Rearrangements	0	After Second-Line Therapy (Prior to Infigratinib Treatment)	2	0,1	59	Participants=59	59	Complete response=0 | Partial response=0 | Stable disease=19 | Progressive disease=22 | Unknown=18 | Not done=0	Complete response[CR]=0 | Partial response[PR]=0 | Stable disease[SD]=19 | Progressive disease[PD]=22	41	Unknown=18 | Not done=0	18	CR=0,PR=17,SD=31,PD=7	55	59	UNRESOLVED	UNRESOLVED	(none)	Complete response=0 (label CR overwritten by class[1]) ;; Partial response=0 (label PR overwritten by class[1]) ;; Stable disease=19 (label SD overwritten by class[1]) ;; Progressive disease=22 (label PD overwritten by class[1]) ;; dropped category Unknown=18 ;; dropped category Not done=0	UNRESOLVED	Multiple contributing classes each covering the SAME participants (class sums are multiples of the reported denominator). Denominator is recoverable; a single corrected category vector is NOT, because the record states no selection basis among the classes.	ctg_results_bor_2014_2017.txt :: studies[nct=NCT02150967] :: outcomeMeasures[11] :: classes[0] :: groups[OG000]
NCT02150967	ctg_results_bor_2014_2017.txt	11	Retrospective Analysis of Post-second-line Antineoplastic Treatment Outcomes on BOR	OG000	Cohort 1: FGFR2 Fusion/Rearrangements	1	Third or Later-Line Therapy (Infigratinib)	2	0,1	59	Participants=59	59	Complete response=0 | Partial response=17 | Stable disease=31 | Progressive disease=7 | Unknown=0 | Not done=4	Complete response[CR]=0 | Partial response[PR]=17 | Stable disease[SD]=31 | Progressive disease[PD]=7	55	Unknown=0 | Not done=4	4	CR=0,PR=17,SD=31,PD=7	55	59	UNRESOLVED	UNRESOLVED	CR,PD,PR,SD	dropped category Unknown=0 ;; dropped category Not done=4	UNRESOLVED	Multiple contributing classes each covering the SAME participants (class sums are multiples of the reported denominator). Denominator is recoverable; a single corrected category vector is NOT, because the record states no selection basis among the classes.	ctg_results_bor_2014_2017.txt :: studies[nct=NCT02150967] :: outcomeMeasures[11] :: classes[1] :: groups[OG000]
NCT02212015	ctg_results_bor_2014_2017.txt	6	Response Rate (RR)	OG000	Pazopanib + Paclitaxel	0	<untitled>	1	0	26	Participants=26	26	CR=2 | PR=7 | SD=6 | PD=10 | NE=1	CR[CR]=2 | PR[PR]=7 | SD[SD]=6 | PD[PD]=10	25	NE=1	1	CR=2,PR=7,SD=6,PD=10	25	26	CR=2,PR=7,SD=6,PD=10	1	CR,PD,PR,SD	dropped category NE=1	YES	Single contributing class; all categories of that class sum exactly to the reported participant denominator. Corrected denominator = reported denominator; full category vector recovered including every category the producer dropped.	ctg_results_bor_2014_2017.txt :: studies[nct=NCT02212015] :: outcomeMeasures[6] :: classes[0] :: groups[OG000]
NCT02212015	ctg_results_bor_2014_2017.txt	7	Response Rate (RR), Subgroup1 Analysis	OG000	Pazopanib + Paclitaxel	0	cutaneous angiosarcoma	2	0,1	26	Participants=26	18	CR=2 | PR=6 | SD=4 | PD=6 | NE=0	CR[CR]=2 | PR[PR]=6 | SD[SD]=4 | PD[PD]=6	18	NE=0	0	CR=0,PR=1,SD=2,PD=4	7	26	CR=2,PR=7,SD=6,PD=10	1	(none)	CR=2 (label CR overwritten by class[1]) ;; PR=6 (label PR overwritten by class[1]) ;; SD=4 (label SD overwritten by class[1]) ;; PD=6 (label PD overwritten by class[1]) ;; dropped category NE=0	YES	Multiple contributing classes that PARTITION the arm (class sums add exactly to the reported denominator). Corrected reading = union over all classes; the producer kept only the last class.	ctg_results_bor_2014_2017.txt :: studies[nct=NCT02212015] :: outcomeMeasures[7] :: classes[0] :: groups[OG000]
NCT02212015	ctg_results_bor_2014_2017.txt	7	Response Rate (RR), Subgroup1 Analysis	OG000	Pazopanib + Paclitaxel	1	visceral angiosarcoma	2	0,1	26	Participants=26	8	CR=0 | PR=1 | SD=2 | PD=4 | NE=1	CR[CR]=0 | PR[PR]=1 | SD[SD]=2 | PD[PD]=4	7	NE=1	1	CR=0,PR=1,SD=2,PD=4	7	26	CR=2,PR=7,SD=6,PD=10	1	CR,PD,PR,SD	dropped category NE=1	YES	Multiple contributing classes that PARTITION the arm (class sums add exactly to the reported denominator). Corrected reading = union over all classes; the producer kept only the last class.	ctg_results_bor_2014_2017.txt :: studies[nct=NCT02212015] :: outcomeMeasures[7] :: classes[1] :: groups[OG000]
NCT02212015	ctg_results_bor_2014_2017.txt	8	Response Rate (RR), Subgroup 2 Analysis	OG000	Pazopanib + Paclitaxel	0	primary angiosarcoma	2	0,1	26	Participants=26	13	CR=0 | PR=5 | SD=3 | PD=5 | NE=0	CR[CR]=0 | PR[PR]=5 | SD[SD]=3 | PD[PD]=5	13	NE=0	0	CR=2,PR=2,SD=3,PD=5	12	26	CR=2,PR=7,SD=6,PD=10	1	(none)	CR=0 (label CR overwritten by class[1]) ;; PR=5 (label PR overwritten by class[1]) ;; SD=3 (label SD overwritten by class[1]) ;; PD=5 (label PD overwritten by class[1]) ;; dropped category NE=0	YES	Multiple contributing classes that PARTITION the arm (class sums add exactly to the reported denominator). Corrected reading = union over all classes; the producer kept only the last class.	ctg_results_bor_2014_2017.txt :: studies[nct=NCT02212015] :: outcomeMeasures[8] :: classes[0] :: groups[OG000]
NCT02212015	ctg_results_bor_2014_2017.txt	8	Response Rate (RR), Subgroup 2 Analysis	OG000	Pazopanib + Paclitaxel	1	secondary angiosarcoma	2	0,1	26	Participants=26	13	CR=2 | PR=2 | SD=3 | PD=5 | NE=1	CR[CR]=2 | PR[PR]=2 | SD[SD]=3 | PD[PD]=5	12	NE=1	1	CR=2,PR=2,SD=3,PD=5	12	26	CR=2,PR=7,SD=6,PD=10	1	CR,PD,PR,SD	dropped category NE=1	YES	Multiple contributing classes that PARTITION the arm (class sums add exactly to the reported denominator). Corrected reading = union over all classes; the producer kept only the last class.	ctg_results_bor_2014_2017.txt :: studies[nct=NCT02212015] :: outcomeMeasures[8] :: classes[1] :: groups[OG000]
NCT02259582	ctg_results_bor_2014_2017.txt	0	To Compare the Investigator-assessed (RECIST) v1.1 Response Rate in the Treatment Arms.	OG002	Demcizumab/Demcizumab Arm (Arm 3)	0	<untitled>	1	0	29	Participants=29	29	Complete response (CR)=0 | Partial response (PR)=6 | Stable disease (SD)=15 | Progressive disease (PD)=5 | Not evaluable (NE)=0 | Missing=3	Complete response (CR)[CR]=0 | Partial response (PR)[PR]=6 | Stable disease (SD)[SD]=15 | Progressive disease (PD)[PD]=5	26	Not evaluable (NE)=0 | Missing=3	3	CR=0,PR=6,SD=15,PD=5	26	29	CR=0,PR=6,SD=15,PD=5	3	CR,PD,PR,SD	dropped category Not evaluable (NE)=0 ;; dropped category Missing=3	YES	Single contributing class; all categories of that class sum exactly to the reported participant denominator. Corrected denominator = reported denominator; full category vector recovered including every category the producer dropped.	ctg_results_bor_2014_2017.txt :: studies[nct=NCT02259582] :: outcomeMeasures[0] :: classes[0] :: groups[OG002]
NCT02263508	ctg_results_bor_2014_2017.txt	4	Phase 1b: Best Overall Response (BOR)	OG000	Phase 1b: Talimogene Laherparepvec + Pembrolizumab	0	<untitled>	1	0	21	Participants=21	21	Complete Response (CR)=9 | Partial Response (PR)=4 | Stable Disease (SD)=1 | Progressive Disease (PD)=6 | Unable to Evaluate (UE)=1	Complete Response (CR)[CR]=9 | Partial Response (PR)[PR]=4 | Stable Disease (SD)[SD]=1 | Progressive Disease (PD)[PD]=6	20	Unable to Evaluate (UE)=1	1	CR=9,PR=4,SD=1,PD=6	20	21	CR=9,PR=4,SD=1,PD=6	1	CR,PD,PR,SD	dropped category Unable to Evaluate (UE)=1	YES	Single contributing class; all categories of that class sum exactly to the reported participant denominator. Corrected denominator = reported denominator; full category vector recovered including every category the producer dropped.	ctg_results_bor_2014_2017.txt :: studies[nct=NCT02263508] :: outcomeMeasures[4] :: classes[0] :: groups[OG000]
NCT02263508	ctg_results_bor_2014_2017.txt	14	Phase 3: Best Overall Response Assessed Using Modified RECIST 1.1	OG000	Phase 3: Placebo + Pembrolizumab	0	<untitled>	1	0	346	Participants=346	346	Complete response (CR)=40 | Partial response (PR)=103 | Stable disease (SD)=30 | Non-CR/Non-PD (NN)=16 | Progressive disease (PD)=120 | Unevaluable (UE)=11 | Missing=26	Complete response (CR)[CR]=40 | Partial response (PR)[PR]=103 | Stable disease (SD)[SD]=30 | Progressive disease (PD)[PD]=120	293	Non-CR/Non-PD (NN)=16 | Unevaluable (UE)=11 | Missing=26	53	CR=40,PR=103,SD=30,PD=120	293	346	CR=40,PR=103,SD=30,PD=120	53	CR,PD,PR,SD	dropped category Non-CR/Non-PD (NN)=16 ;; dropped category Unevaluable (UE)=11 ;; dropped category Missing=26	YES	Single contributing class; all categories of that class sum exactly to the reported participant denominator. Corrected denominator = reported denominator; full category vector recovered including every category the producer dropped.	ctg_results_bor_2014_2017.txt :: studies[nct=NCT02263508] :: outcomeMeasures[14] :: classes[0] :: groups[OG000]
NCT02263508	ctg_results_bor_2014_2017.txt	14	Phase 3: Best Overall Response Assessed Using Modified RECIST 1.1	OG001	Phase 3: Talimogene Laherparepvec + Pembrolizumab	0	<untitled>	1	0	346	Participants=346	346	Complete response (CR)=62 | Partial response (PR)=106 | Stable disease (SD)=28 | Non-CR/Non-PD (NN)=11 | Progressive disease (PD)=106 | Unevaluable (UE)=3 | Missing=30	Complete response (CR)[CR]=62 | Partial response (PR)[PR]=106 | Stable disease (SD)[SD]=28 | Progressive disease (PD)[PD]=106	302	Non-CR/Non-PD (NN)=11 | Unevaluable (UE)=3 | Missing=30	44	CR=62,PR=106,SD=28,PD=106	302	346	CR=62,PR=106,SD=28,PD=106	44	CR,PD,PR,SD	dropped category Non-CR/Non-PD (NN)=11 ;; dropped category Unevaluable (UE)=3 ;; dropped category Missing=30	YES	Single contributing class; all categories of that class sum exactly to the reported participant denominator. Corrected denominator = reported denominator; full category vector recovered including every category the producer dropped.	ctg_results_bor_2014_2017.txt :: studies[nct=NCT02263508] :: outcomeMeasures[14] :: classes[0] :: groups[OG001]
NCT02263508	ctg_results_bor_2014_2017.txt	19	Phase 3: Best Overall Response Assessed Using Modified irRC-RECIST	OG000	Phase 3: Placebo + Pembrolizumab	0	<untitled>	1	0	346	Participants=346	346	Complete response (iCR)=28 | Partial response (iPR)=110 | Stable disease (iSD)=57 | Progressive disease (iPD)=56 | Unevaluable (iUE)=69 | Missing=26	Complete response (iCR)[CR]=28 | Partial response (iPR)[PR]=110 | Stable disease (iSD)[SD]=57 | Progressive disease (iPD)[PD]=56	251	Unevaluable (iUE)=69 | Missing=26	95	CR=28,PR=110,SD=57,PD=56	251	346	CR=28,PR=110,SD=57,PD=56	95	CR,PD,PR,SD	dropped category Unevaluable (iUE)=69 ;; dropped category Missing=26	YES	Single contributing class; all categories of that class sum exactly to the reported participant denominator. Corrected denominator = reported denominator; full category vector recovered including every category the producer dropped.	ctg_results_bor_2014_2017.txt :: studies[nct=NCT02263508] :: outcomeMeasures[19] :: classes[0] :: groups[OG000]
NCT02263508	ctg_results_bor_2014_2017.txt	19	Phase 3: Best Overall Response Assessed Using Modified irRC-RECIST	OG001	Phase 3: Talimogene Laherparepvec + Pembrolizumab	0	<untitled>	1	0	346	Participants=346	346	Complete response (iCR)=50 | Partial response (iPR)=120 | Stable disease (iSD)=51 | Progressive disease (iPD)=65 | Unevaluable (iUE)=30 | Missing=30	Complete response (iCR)[CR]=50 | Partial response (iPR)[PR]=120 | Stable disease (iSD)[SD]=51 | Progressive disease (iPD)[PD]=65	286	Unevaluable (iUE)=30 | Missing=30	60	CR=50,PR=120,SD=51,PD=65	286	346	CR=50,PR=120,SD=51,PD=65	60	CR,PD,PR,SD	dropped category Unevaluable (iUE)=30 ;; dropped category Missing=30	YES	Single contributing class; all categories of that class sum exactly to the reported participant denominator. Corrected denominator = reported denominator; full category vector recovered including every category the producer dropped.	ctg_results_bor_2014_2017.txt :: studies[nct=NCT02263508] :: outcomeMeasures[19] :: classes[0] :: groups[OG001]
NCT02277093	ctg_results_bor_2014_2017.txt	2	Overall Response Rate (ORR)	OG000	Pacritinib	0	<untitled>	1	0	11	Participants=11	11	Complete response=0 | Partial response=0 | Stable disease=1 | Progressive disease=6 | Not evaluable=4	Complete response[CR]=0 | Partial response[PR]=0 | Stable disease[SD]=1 | Progressive disease[PD]=6	7	Not evaluable=4	4	CR=0,PR=0,SD=1,PD=6	7	11	CR=0,PR=0,SD=1,PD=6	4	CR,PD,PR,SD	dropped category Not evaluable=4	YES	Single contributing class; all categories of that class sum exactly to the reported participant denominator. Corrected denominator = reported denominator; full category vector recovered including every category the producer dropped.	ctg_results_bor_2014_2017.txt :: studies[nct=NCT02277093] :: outcomeMeasures[2] :: classes[0] :: groups[OG000]
NCT02336165	ctg_results_bor_2014_2017.txt	6	Number of Subjects With Best Overall Response	OG003	Cohort B3	0	<untitled>	1	0	33	Participants=33	33	CR=0 | PR=3 | SD=18 | PD=11 | Unknown Response=1	CR[CR]=0 | PR[PR]=3 | SD[SD]=18 | PD[PD]=11	32	Unknown Response=1	1	CR=0,PR=3,SD=18,PD=11	32	33	CR=0,PR=3,SD=18,PD=11	1	CR,PD,PR,SD	dropped category Unknown Response=1	YES	Single contributing class; all categories of that class sum exactly to the reported participant denominator. Corrected denominator = reported denominator; full category vector recovered including every category the producer dropped.	ctg_results_bor_2014_2017.txt :: studies[nct=NCT02336165] :: outcomeMeasures[6] :: classes[0] :: groups[OG003]
NCT02336165	ctg_results_bor_2014_2017.txt	6	Number of Subjects With Best Overall Response	OG004	Cohort C	0	<untitled>	1	0	22	Participants=22	22	CR=0 | PR=0 | SD=6 | PD=14 | Unknown Response=2	CR[CR]=0 | PR[PR]=0 | SD[SD]=6 | PD[PD]=14	20	Unknown Response=2	2	CR=0,PR=0,SD=6,PD=14	20	22	CR=0,PR=0,SD=6,PD=14	2	CR,PD,PR,SD	dropped category Unknown Response=2	YES	Single contributing class; all categories of that class sum exactly to the reported participant denominator. Corrected denominator = reported denominator; full category vector recovered including every category the producer dropped.	ctg_results_bor_2014_2017.txt :: studies[nct=NCT02336165] :: outcomeMeasures[6] :: classes[0] :: groups[OG004]
NCT02347917	ctg_results_bor_2014_2017.txt	5	Best Overall Response	OG002	MPM or NSCLC: BBI608 + Pem + CDDP (Phase 1 Part)	0	<untitled>	1	0	4	Participants=4	4	Complete response (CR)=0 | Partial response (PR)=0 | Stable disease (SD)=3 | Progressive disease (PD)=0 | Not evaluated (NE)=1	Complete response (CR)[CR]=0 | Partial response (PR)[PR]=0 | Stable disease (SD)[SD]=3 | Progressive disease (PD)[PD]=0	3	Not evaluated (NE)=1	1	CR=0,PR=0,SD=3,PD=0	3	4	CR=0,PR=0,SD=3,PD=0	1	CR,PD,PR,SD	dropped category Not evaluated (NE)=1	YES	Single contributing class; all categories of that class sum exactly to the reported participant denominator. Corrected denominator = reported denominator; full category vector recovered including every category the producer dropped.	ctg_results_bor_2014_2017.txt :: studies[nct=NCT02347917] :: outcomeMeasures[5] :: classes[0] :: groups[OG002]
NCT02347917	ctg_results_bor_2014_2017.txt	5	Best Overall Response	OG003	MPM: BBI608 + Pem + CDDP (Phase 2 Part)	0	<untitled>	1	0	24	Participants=24	24	Complete response (CR)=0 | Partial response (PR)=8 | Stable disease (SD)=11 | Progressive disease (PD)=2 | Not evaluated (NE)=3	Complete response (CR)[CR]=0 | Partial response (PR)[PR]=8 | Stable disease (SD)[SD]=11 | Progressive disease (PD)[PD]=2	21	Not evaluated (NE)=3	3	CR=0,PR=8,SD=11,PD=2	21	24	CR=0,PR=8,SD=11,PD=2	3	CR,PD,PR,SD	dropped category Not evaluated (NE)=3	YES	Single contributing class; all categories of that class sum exactly to the reported participant denominator. Corrected denominator = reported denominator; full category vector recovered including every category the producer dropped.	ctg_results_bor_2014_2017.txt :: studies[nct=NCT02347917] :: outcomeMeasures[5] :: classes[0] :: groups[OG003]
NCT02347917	ctg_results_bor_2014_2017.txt	5	Best Overall Response	OG004	MPM: BBI608 + Pem + CDDP (Phase 2 Part Including Participants With MPM in Phase 1 Part)	0	<untitled>	1	0	25	Participants=25	25	Complete response (CR)=0 | Partial response (PR)=8 | Stable disease (SD)=11 | Progressive disease (PD)=2 | Not evaluated (NE)=4	Complete response (CR)[CR]=0 | Partial response (PR)[PR]=8 | Stable disease (SD)[SD]=11 | Progressive disease (PD)[PD]=2	21	Not evaluated (NE)=4	4	CR=0,PR=8,SD=11,PD=2	21	25	CR=0,PR=8,SD=11,PD=2	4	CR,PD,PR,SD	dropped category Not evaluated (NE)=4	YES	Single contributing class; all categories of that class sum exactly to the reported participant denominator. Corrected denominator = reported denominator; full category vector recovered including every category the producer dropped.	ctg_results_bor_2014_2017.txt :: studies[nct=NCT02347917] :: outcomeMeasures[5] :: classes[0] :: groups[OG004]
NCT02395172	ctg_results_bor_2014_2017.txt	4	Number of Participants With Confirmed Best Overall Response (BOR) as Assessed by an Independent Endpoint Review Committee (IERC) in Full Analysis Set Population	OG000	Avelumab	0	<untitled>	1	0	396	Participants=396	396	Complete Response=5 | Partial Response=54 | Stable Disease=129 | Non-complete Response/ Non-progressive Disease=5 | Progressive Disease=150 | Not Evaluable=53	Complete Response[CR]=5 | Partial Response[PR]=54 | Stable Disease[SD]=129 | Progressive Disease[PD]=150	338	Non-complete Response/ Non-progressive Disease=5 | Not Evaluable=53	58	CR=5,PR=54,SD=129,PD=150	338	396	CR=5,PR=54,SD=129,PD=150	58	CR,PD,PR,SD	dropped category Non-complete Response/ Non-progressive Disease=5 ;; dropped category Not Evaluable=53	YES	Single contributing class; all categories of that class sum exactly to the reported participant denominator. Corrected denominator = reported denominator; full category vector recovered including every category the producer dropped.	ctg_results_bor_2014_2017.txt :: studies[nct=NCT02395172] :: outcomeMeasures[4] :: classes[0] :: groups[OG000]
NCT02395172	ctg_results_bor_2014_2017.txt	4	Number of Participants With Confirmed Best Overall Response (BOR) as Assessed by an Independent Endpoint Review Committee (IERC) in Full Analysis Set Population	OG001	Docetaxel	0	<untitled>	1	0	396	Participants=396	396	Complete Response=2 | Partial Response=42 | Stable Disease=158 | Non-complete Response/ Non-progressive Disease=13 | Progressive Disease=82 | Not Evaluable=99	Complete Response[CR]=2 | Partial Response[PR]=42 | Stable Disease[SD]=158 | Progressive Disease[PD]=82	284	Non-complete Response/ Non-progressive Disease=13 | Not Evaluable=99	112	CR=2,PR=42,SD=158,PD=82	284	396	CR=2,PR=42,SD=158,PD=82	112	CR,PD,PR,SD	dropped category Non-complete Response/ Non-progressive Disease=13 ;; dropped category Not Evaluable=99	YES	Single contributing class; all categories of that class sum exactly to the reported participant denominator. Corrected denominator = reported denominator; full category vector recovered including every category the producer dropped.	ctg_results_bor_2014_2017.txt :: studies[nct=NCT02395172] :: outcomeMeasures[4] :: classes[0] :: groups[OG001]
NCT02395172	ctg_results_bor_2014_2017.txt	5	Number of Participants With Confirmed Best Overall Response (BOR) as Assessed by Independent Endpoint Review Committee (IERC) in PD-L1+ Full Analysis Set Population	OG000	Avelumab	0	<untitled>	1	0	264	Participants=264	264	Complete Response=4 | Partial Response=46 | Stable Disease=86 | Non-complete Response/ Non-progressive Disease=4 | Progressive Disease=93 | Not Evaluable=31	Complete Response[CR]=4 | Partial Response[PR]=46 | Stable Disease[SD]=86 | Progressive Disease[PD]=93	229	Non-complete Response/ Non-progressive Disease=4 | Not Evaluable=31	35	CR=4,PR=46,SD=86,PD=93	229	264	CR=4,PR=46,SD=86,PD=93	35	CR,PD,PR,SD	dropped category Non-complete Response/ Non-progressive Disease=4 ;; dropped category Not Evaluable=31	YES	Single contributing class; all categories of that class sum exactly to the reported participant denominator. Corrected denominator = reported denominator; full category vector recovered including every category the producer dropped.	ctg_results_bor_2014_2017.txt :: studies[nct=NCT02395172] :: outcomeMeasures[5] :: classes[0] :: groups[OG000]
NCT02395172	ctg_results_bor_2014_2017.txt	5	Number of Participants With Confirmed Best Overall Response (BOR) as Assessed by Independent Endpoint Review Committee (IERC) in PD-L1+ Full Analysis Set Population	OG001	Docetaxel	0	<untitled>	1	0	265	Participants=265	265	Complete Response=1 | Partial Response=30 | Stable Disease=104 | Non-complete Response/ Non-progressive Disease=12 | Progressive Disease=57 | Not Evaluable=61	Complete Response[CR]=1 | Partial Response[PR]=30 | Stable Disease[SD]=104 | Progressive Disease[PD]=57	192	Non-complete Response/ Non-progressive Disease=12 | Not Evaluable=61	73	CR=1,PR=30,SD=104,PD=57	192	265	CR=1,PR=30,SD=104,PD=57	73	CR,PD,PR,SD	dropped category Non-complete Response/ Non-progressive Disease=12 ;; dropped category Not Evaluable=61	YES	Single contributing class; all categories of that class sum exactly to the reported participant denominator. Corrected denominator = reported denominator; full category vector recovered including every category the producer dropped.	ctg_results_bor_2014_2017.txt :: studies[nct=NCT02395172] :: outcomeMeasures[5] :: classes[0] :: groups[OG001]
NCT02421588	ctg_results_bor_2014_2017.txt	3	Overall Response Rate (ORR) by Independent Review Committee	OG000	Lurbinectedin	0	<untitled>	1	0	221	Participants=221	221	Complete response=3 | Partial response=29 | Stable disease=90 | Progressive disease=83 | Unknown=16	Complete response[CR]=3 | Partial response[PR]=29 | Stable disease[SD]=90 | Progressive disease[PD]=83	205	Unknown=16	16	CR=3,PR=29,SD=90,PD=83	205	221	CR=3,PR=29,SD=90,PD=83	16	CR,PD,PR,SD	dropped category Unknown=16	YES	Single contributing class; all categories of that class sum exactly to the reported participant denominator. Corrected denominator = reported denominator; full category vector recovered including every category the producer dropped.	ctg_results_bor_2014_2017.txt :: studies[nct=NCT02421588] :: outcomeMeasures[3] :: classes[0] :: groups[OG000]
NCT02421588	ctg_results_bor_2014_2017.txt	3	Overall Response Rate (ORR) by Independent Review Committee	OG001	Control (PLD or Topotecan)	0	<untitled>	1	0	221	Participants=221	221	Complete response=3 | Partial response=25 | Stable disease=97 | Progressive disease=72 | Unknown=24	Complete response[CR]=3 | Partial response[PR]=25 | Stable disease[SD]=97 | Progressive disease[PD]=72	197	Unknown=24	24	CR=3,PR=25,SD=97,PD=72	197	221	CR=3,PR=25,SD=97,PD=72	24	CR,PD,PR,SD	dropped category Unknown=24	YES	Single contributing class; all categories of that class sum exactly to the reported participant denominator. Corrected denominator = reported denominator; full category vector recovered including every category the producer dropped.	ctg_results_bor_2014_2017.txt :: studies[nct=NCT02421588] :: outcomeMeasures[3] :: classes[0] :: groups[OG001]
NCT02421588	ctg_results_bor_2014_2017.txt	4	Overall Response Rate by Investigator's Assessment	OG000	Lurbinectedin	0	<untitled>	1	0	221	Participants=221	221	Complete response=3 | Partial response=32 | Stable disease=107 | Progressive disease=63 | Unknown=16	Complete response[CR]=3 | Partial response[PR]=32 | Stable disease[SD]=107 | Progressive disease[PD]=63	205	Unknown=16	16	CR=3,PR=32,SD=107,PD=63	205	221	CR=3,PR=32,SD=107,PD=63	16	CR,PD,PR,SD	dropped category Unknown=16	YES	Single contributing class; all categories of that class sum exactly to the reported participant denominator. Corrected denominator = reported denominator; full category vector recovered including every category the producer dropped.	ctg_results_bor_2014_2017.txt :: studies[nct=NCT02421588] :: outcomeMeasures[4] :: classes[0] :: groups[OG000]
NCT02421588	ctg_results_bor_2014_2017.txt	4	Overall Response Rate by Investigator's Assessment	OG001	Control (PLD or Topotecan)	0	<untitled>	1	0	221	Participants=221	221	Complete response=2 | Partial response=35 | Stable disease=94 | Progressive disease=68 | Unknown=22	Complete response[CR]=2 | Partial response[PR]=35 | Stable disease[SD]=94 | Progressive disease[PD]=68	199	Unknown=22	22	CR=2,PR=35,SD=94,PD=68	199	221	CR=2,PR=35,SD=94,PD=68	22	CR,PD,PR,SD	dropped category Unknown=22	YES	Single contributing class; all categories of that class sum exactly to the reported participant denominator. Corrected denominator = reported denominator; full category vector recovered including every category the producer dropped.	ctg_results_bor_2014_2017.txt :: studies[nct=NCT02421588] :: outcomeMeasures[4] :: classes[0] :: groups[OG001]
NCT02421588	ctg_results_bor_2014_2017.txt	7	Best Response According to Tumor Marker Evaluation (CA-125)	OG000	Lurbinectedin	0	<untitled>	1	0	173	Participants=173	173	Complete response=13 | Partial response=33 | Stable disease=95 | Progressive disease=17 | Unknown=15	Complete response[CR]=13 | Partial response[PR]=33 | Stable disease[SD]=95 | Progressive disease[PD]=17	158	Unknown=15	15	CR=13,PR=33,SD=95,PD=17	158	173	CR=13,PR=33,SD=95,PD=17	15	CR,PD,PR,SD	dropped category Unknown=15	YES	Single contributing class; all categories of that class sum exactly to the reported participant denominator. Corrected denominator = reported denominator; full category vector recovered including every category the producer dropped.	ctg_results_bor_2014_2017.txt :: studies[nct=NCT02421588] :: outcomeMeasures[7] :: classes[0] :: groups[OG000]
NCT02421588	ctg_results_bor_2014_2017.txt	7	Best Response According to Tumor Marker Evaluation (CA-125)	OG001	Control (PLD or Topotecan)	0	<untitled>	1	0	165	Participants=165	165	Complete response=3 | Partial response=29 | Stable disease=94 | Progressive disease=16 | Unknown=23	Complete response[CR]=3 | Partial response[PR]=29 | Stable disease[SD]=94 | Progressive disease[PD]=16	142	Unknown=23	23	CR=3,PR=29,SD=94,PD=16	142	165	CR=3,PR=29,SD=94,PD=16	23	CR,PD,PR,SD	dropped category Unknown=23	YES	Single contributing class; all categories of that class sum exactly to the reported participant denominator. Corrected denominator = reported denominator; full category vector recovered including every category the producer dropped.	ctg_results_bor_2014_2017.txt :: studies[nct=NCT02421588] :: outcomeMeasures[7] :: classes[0] :: groups[OG001]
NCT02431260	ctg_results_bor_2014_2017.txt	7	Objective Response Rate (ORR)	OG000	Part 2 / Treatment Group A: 20 MG BID INCB054329	0	<untitled>	1	0	10	Participants=10	10	Complete response (CR)=0 | Partial response (PR)=0 | Stable disease (SD) >= 6 months=0 | Stable disease (SD) < 6 months=4 | Progressive disease (PD)=5 | Not evaluable (NE)=1	Complete response (CR)[CR]=0 | Partial response (PR)[PR]=0 | Stable disease (SD) >= 6 months[SD]=0 | Stable disease (SD) < 6 months[SD]=4 | Progressive disease (PD)[PD]=5	9	Not evaluable (NE)=1	1	CR=0,PR=0,SD=4,PD=5	9	10	CR=0,PR=0,SD=4,PD=5	1	CR,PD,PR,SD	within-class collision on SD: Stable disease (SD) >= 6 months=0 vs Stable disease (SD) < 6 months=4 (last write wins) ;; dropped category Not evaluable (NE)=1	YES	Single contributing class; all categories of that class sum exactly to the reported participant denominator. Corrected denominator = reported denominator; full category vector recovered including every category the producer dropped.	ctg_results_bor_2014_2017.txt :: studies[nct=NCT02431260] :: outcomeMeasures[7] :: classes[0] :: groups[OG000]
NCT02440464	ctg_results_bor_2014_2017.txt	3	Percentage of Participants With Best Response to Treatment After Randomization	OG000	Ixazomib Maintenance	0	Participants in sCR/CR at Randomization	2	0,1	21	Participants=21	9	Stringent Complete Response (sCR)=6 | Complete Response (CR)=2 | Very Good Partial Response (VGPR)=0 | Partial Response (PR)=0 | Stable Disease (SD)=0 | Progressive Disease (PD)=1	Complete Response (CR)[CR]=2 | Partial Response (PR)[PR]=0 | Stable Disease (SD)[SD]=0 | Progressive Disease (PD)[PD]=1	3	Stringent Complete Response (sCR)=6 | Very Good Partial Response (VGPR)=0	6	CR=2,PR=2,SD=0,PD=1	5	21	CR=4,PR=2,SD=0,PD=2	13	(none)	Complete Response (CR)=2 (label CR overwritten by class[1]) ;; Partial Response (PR)=0 (label PR overwritten by class[1]) ;; Stable Disease (SD)=0 (label SD overwritten by class[1]) ;; Progressive Disease (PD)=1 (label PD overwritten by class[1]) ;; dropped category Stringent Complete Response (sCR)=6 ;; dropped category Very Good Partial Response (VGPR)=0	YES	Multiple contributing classes that PARTITION the arm (class sums add exactly to the reported denominator). Corrected reading = union over all classes; the producer kept only the last class.	ctg_results_bor_2014_2017.txt :: studies[nct=NCT02440464] :: outcomeMeasures[3] :: classes[0] :: groups[OG000]
NCT02440464	ctg_results_bor_2014_2017.txt	3	Percentage of Participants With Best Response to Treatment After Randomization	OG000	Ixazomib Maintenance	1	Participants Not in sCR/CR at Randomization	2	0,1	21	Participants=21	12	Stringent Complete Response (sCR)=3 | Complete Response (CR)=2 | Very Good Partial Response (VGPR)=4 | Partial Response (PR)=2 | Stable Disease (SD)=0 | Progressive Disease (PD)=1	Complete Response (CR)[CR]=2 | Partial Response (PR)[PR]=2 | Stable Disease (SD)[SD]=0 | Progressive Disease (PD)[PD]=1	5	Stringent Complete Response (sCR)=3 | Very Good Partial Response (VGPR)=4	7	CR=2,PR=2,SD=0,PD=1	5	21	CR=4,PR=2,SD=0,PD=2	13	CR,PD,PR,SD	dropped category Stringent Complete Response (sCR)=3 ;; dropped category Very Good Partial Response (VGPR)=4	YES	Multiple contributing classes that PARTITION the arm (class sums add exactly to the reported denominator). Corrected reading = union over all classes; the producer kept only the last class.	ctg_results_bor_2014_2017.txt :: studies[nct=NCT02440464] :: outcomeMeasures[3] :: classes[1] :: groups[OG000]
NCT02440464	ctg_results_bor_2014_2017.txt	3	Percentage of Participants With Best Response to Treatment After Randomization	OG001	Placebo	0	Participants in sCR/CR at Randomization	2	0,1	22	Participants=22	11	Stringent Complete Response (sCR)=5 | Complete Response (CR)=4 | Very Good Partial Response (VGPR)=1 | Partial Response (PR)=0 | Stable Disease (SD)=0 | Progressive Disease (PD)=1	Complete Response (CR)[CR]=4 | Partial Response (PR)[PR]=0 | Stable Disease (SD)[SD]=0 | Progressive Disease (PD)[PD]=1	5	Stringent Complete Response (sCR)=5 | Very Good Partial Response (VGPR)=1	6	CR=3,PR=0,SD=0,PD=0	3	22	CR=7,PR=0,SD=0,PD=1	14	(none)	Complete Response (CR)=4 (label CR overwritten by class[1]) ;; Partial Response (PR)=0 (label PR overwritten by class[1]) ;; Stable Disease (SD)=0 (label SD overwritten by class[1]) ;; Progressive Disease (PD)=1 (label PD overwritten by class[1]) ;; dropped category Stringent Complete Response (sCR)=5 ;; dropped category Very Good Partial Response (VGPR)=1	YES	Multiple contributing classes that PARTITION the arm (class sums add exactly to the reported denominator). Corrected reading = union over all classes; the producer kept only the last class.	ctg_results_bor_2014_2017.txt :: studies[nct=NCT02440464] :: outcomeMeasures[3] :: classes[0] :: groups[OG001]
NCT02440464	ctg_results_bor_2014_2017.txt	3	Percentage of Participants With Best Response to Treatment After Randomization	OG001	Placebo	1	Participants Not in sCR/CR at Randomization	2	0,1	22	Participants=22	11	Stringent Complete Response (sCR)=4 | Complete Response (CR)=3 | Very Good Partial Response (VGPR)=4 | Partial Response (PR)=0 | Stable Disease (SD)=0 | Progressive Disease (PD)=0	Complete Response (CR)[CR]=3 | Partial Response (PR)[PR]=0 | Stable Disease (SD)[SD]=0 | Progressive Disease (PD)[PD]=0	3	Stringent Complete Response (sCR)=4 | Very Good Partial Response (VGPR)=4	8	CR=3,PR=0,SD=0,PD=0	3	22	CR=7,PR=0,SD=0,PD=1	14	CR,PD,PR,SD	dropped category Stringent Complete Response (sCR)=4 ;; dropped category Very Good Partial Response (VGPR)=4	YES	Multiple contributing classes that PARTITION the arm (class sums add exactly to the reported denominator). Corrected reading = union over all classes; the producer kept only the last class.	ctg_results_bor_2014_2017.txt :: studies[nct=NCT02440464] :: outcomeMeasures[3] :: classes[1] :: groups[OG001]
NCT02440464	ctg_results_bor_2014_2017.txt	4	Percentage of Participants With Response to Treatment	OG000	Ixazomib Maintenance	0	Response to Treatment at 18 Months Post-transplant for Participants in sCR/CR at Randomization	4	0,1,2,3	21	Participants=21	9	Stringent Complete Response (sCR)=3 | Complete Response (CR)=2 | Very Good Partial Response (VGPR)=1 | Partial Response (PR)=0 | Stable Disease (SD)=0 | Progressive Disease (PD)=1 | Died Before Evaluation=1 | Not Evaluable=1	Complete Response (CR)[CR]=2 | Partial Response (PR)[PR]=0 | Stable Disease (SD)[SD]=0 | Progressive Disease (PD)[PD]=1	3	Stringent Complete Response (sCR)=3 | Very Good Partial Response (VGPR)=1 | Died Before Evaluation=1 | Not Evaluable=1	6	CR=1,PR=0,SD=1,PD=0	2	21	UNRESOLVED	UNRESOLVED	(none)	Complete Response (CR)=2 (label CR overwritten by class[3]) ;; Partial Response (PR)=0 (label PR overwritten by class[3]) ;; Stable Disease (SD)=0 (label SD overwritten by class[3]) ;; Progressive Disease (PD)=1 (label PD overwritten by class[3]) ;; dropped category Stringent Complete Response (sCR)=3 ;; dropped category Very Good Partial Response (VGPR)=1 ;; dropped category Died Before Evaluation=1 ;; dropped category Not Evaluable=1	UNRESOLVED	Multiple contributing classes each covering the SAME participants (class sums are multiples of the reported denominator). Denominator is recoverable; a single corrected category vector is NOT, because the record states no selection basis among the classes.	ctg_results_bor_2014_2017.txt :: studies[nct=NCT02440464] :: outcomeMeasures[4] :: classes[0] :: groups[OG000]
NCT02440464	ctg_results_bor_2014_2017.txt	4	Percentage of Participants With Response to Treatment	OG000	Ixazomib Maintenance	1	Response to Treatment at 18 Months Post-transplant for Participants Not in sCR/CR at Randomization	4	0,1,2,3	21	Participants=21	12	Stringent Complete Response (sCR)=2 | Complete Response (CR)=1 | Very Good Partial Response (VGPR)=3 | Partial Response (PR)=1 | Stable Disease (SD)=1 | Progressive Disease (PD)=0 | Died Before Evaluation=0 | Not Evaluable=4	Complete Response (CR)[CR]=1 | Partial Response (PR)[PR]=1 | Stable Disease (SD)[SD]=1 | Progressive Disease (PD)[PD]=0	3	Stringent Complete Response (sCR)=2 | Very Good Partial Response (VGPR)=3 | Died Before Evaluation=0 | Not Evaluable=4	9	CR=1,PR=0,SD=1,PD=0	2	21	UNRESOLVED	UNRESOLVED	(none)	Complete Response (CR)=1 (label CR overwritten by class[3]) ;; Partial Response (PR)=1 (label PR overwritten by class[3]) ;; Stable Disease (SD)=1 (label SD overwritten by class[3]) ;; Progressive Disease (PD)=0 (label PD overwritten by class[3]) ;; dropped category Stringent Complete Response (sCR)=2 ;; dropped category Very Good Partial Response (VGPR)=3 ;; dropped category Died Before Evaluation=0 ;; dropped category Not Evaluable=4	UNRESOLVED	Multiple contributing classes each covering the SAME participants (class sums are multiples of the reported denominator). Denominator is recoverable; a single corrected category vector is NOT, because the record states no selection basis among the classes.	ctg_results_bor_2014_2017.txt :: studies[nct=NCT02440464] :: outcomeMeasures[4] :: classes[1] :: groups[OG000]
NCT02440464	ctg_results_bor_2014_2017.txt	4	Percentage of Participants With Response to Treatment	OG000	Ixazomib Maintenance	2	Response to Treatment at 24 Months Post-transplant for Participants in sCR/CR at Randomization	4	0,1,2,3	21	Participants=21	9	Stringent Complete Response (sCR)=2 | Complete Response (CR)=3 | Very Good Partial Response (VGPR)=1 | Partial Response (PR)=0 | Stable Disease (SD)=0 | Progressive Disease (PD)=1 | Died Before Evaluation=1 | Not Evaluable=1	Complete Response (CR)[CR]=3 | Partial Response (PR)[PR]=0 | Stable Disease (SD)[SD]=0 | Progressive Disease (PD)[PD]=1	4	Stringent Complete Response (sCR)=2 | Very Good Partial Response (VGPR)=1 | Died Before Evaluation=1 | Not Evaluable=1	5	CR=1,PR=0,SD=1,PD=0	2	21	UNRESOLVED	UNRESOLVED	(none)	Complete Response (CR)=3 (label CR overwritten by class[3]) ;; Partial Response (PR)=0 (label PR overwritten by class[3]) ;; Stable Disease (SD)=0 (label SD overwritten by class[3]) ;; Progressive Disease (PD)=1 (label PD overwritten by class[3]) ;; dropped category Stringent Complete Response (sCR)=2 ;; dropped category Very Good Partial Response (VGPR)=1 ;; dropped category Died Before Evaluation=1 ;; dropped category Not Evaluable=1	UNRESOLVED	Multiple contributing classes each covering the SAME participants (class sums are multiples of the reported denominator). Denominator is recoverable; a single corrected category vector is NOT, because the record states no selection basis among the classes.	ctg_results_bor_2014_2017.txt :: studies[nct=NCT02440464] :: outcomeMeasures[4] :: classes[2] :: groups[OG000]
NCT02440464	ctg_results_bor_2014_2017.txt	4	Percentage of Participants With Response to Treatment	OG000	Ixazomib Maintenance	3	Response to Treatment at 24 Months Post-transplant for Participants Not in sCR/CR at Randomization	4	0,1,2,3	21	Participants=21	12	Stringent Complete Response (sCR)=2 | Complete Response (CR)=1 | Very Good Partial Response (VGPR)=3 | Partial Response (PR)=0 | Stable Disease (SD)=1 | Progressive Disease (PD)=0 | Died Before Evaluation=0 | Not Evaluable=5	Complete Response (CR)[CR]=1 | Partial Response (PR)[PR]=0 | Stable Disease (SD)[SD]=1 | Progressive Disease (PD)[PD]=0	2	Stringent Complete Response (sCR)=2 | Very Good Partial Response (VGPR)=3 | Died Before Evaluation=0 | Not Evaluable=5	10	CR=1,PR=0,SD=1,PD=0	2	21	UNRESOLVED	UNRESOLVED	CR,PD,PR,SD	dropped category Stringent Complete Response (sCR)=2 ;; dropped category Very Good Partial Response (VGPR)=3 ;; dropped category Died Before Evaluation=0 ;; dropped category Not Evaluable=5	UNRESOLVED	Multiple contributing classes each covering the SAME participants (class sums are multiples of the reported denominator). Denominator is recoverable; a single corrected category vector is NOT, because the record states no selection basis among the classes.	ctg_results_bor_2014_2017.txt :: studies[nct=NCT02440464] :: outcomeMeasures[4] :: classes[3] :: groups[OG000]
NCT02440464	ctg_results_bor_2014_2017.txt	4	Percentage of Participants With Response to Treatment	OG001	Placebo	0	Response to Treatment at 18 Months Post-transplant for Participants in sCR/CR at Randomization	4	0,1,2,3	22	Participants=22	11	Stringent Complete Response (sCR)=3 | Complete Response (CR)=3 | Very Good Partial Response (VGPR)=2 | Partial Response (PR)=0 | Stable Disease (SD)=0 | Progressive Disease (PD)=1 | Died Before Evaluation=2 | Not Evaluable=0	Complete Response (CR)[CR]=3 | Partial Response (PR)[PR]=0 | Stable Disease (SD)[SD]=0 | Progressive Disease (PD)[PD]=1	4	Stringent Complete Response (sCR)=3 | Very Good Partial Response (VGPR)=2 | Died Before Evaluation=2 | Not Evaluable=0	7	CR=2,PR=0,SD=0,PD=0	2	22	UNRESOLVED	UNRESOLVED	(none)	Complete Response (CR)=3 (label CR overwritten by class[3]) ;; Partial Response (PR)=0 (label PR overwritten by class[3]) ;; Stable Disease (SD)=0 (label SD overwritten by class[3]) ;; Progressive Disease (PD)=1 (label PD overwritten by class[3]) ;; dropped category Stringent Complete Response (sCR)=3 ;; dropped category Very Good Partial Response (VGPR)=2 ;; dropped category Died Before Evaluation=2 ;; dropped category Not Evaluable=0	UNRESOLVED	Multiple contributing classes each covering the SAME participants (class sums are multiples of the reported denominator). Denominator is recoverable; a single corrected category vector is NOT, because the record states no selection basis among the classes.	ctg_results_bor_2014_2017.txt :: studies[nct=NCT02440464] :: outcomeMeasures[4] :: classes[0] :: groups[OG001]
NCT02440464	ctg_results_bor_2014_2017.txt	4	Percentage of Participants With Response to Treatment	OG001	Placebo	1	Response to Treatment at 18 Months Post-transplant for Participants Not in sCR/CR at Randomization	4	0,1,2,3	22	Participants=22	11	Stringent Complete Response (sCR)=3 | Complete Response (CR)=2 | Very Good Partial Response (VGPR)=4 | Partial Response (PR)=0 | Stable Disease (SD)=0 | Progressive Disease (PD)=0 | Died Before Evaluation=0 | Not Evaluable=2	Complete Response (CR)[CR]=2 | Partial Response (PR)[PR]=0 | Stable Disease (SD)[SD]=0 | Progressive Disease (PD)[PD]=0	2	Stringent Complete Response (sCR)=3 | Very Good Partial Response (VGPR)=4 | Died Before Evaluation=0 | Not Evaluable=2	9	CR=2,PR=0,SD=0,PD=0	2	22	UNRESOLVED	UNRESOLVED	(none)	Complete Response (CR)=2 (label CR overwritten by class[3]) ;; Partial Response (PR)=0 (label PR overwritten by class[3]) ;; Stable Disease (SD)=0 (label SD overwritten by class[3]) ;; Progressive Disease (PD)=0 (label PD overwritten by class[3]) ;; dropped category Stringent Complete Response (sCR)=3 ;; dropped category Very Good Partial Response (VGPR)=4 ;; dropped category Died Before Evaluation=0 ;; dropped category Not Evaluable=2	UNRESOLVED	Multiple contributing classes each covering the SAME participants (class sums are multiples of the reported denominator). Denominator is recoverable; a single corrected category vector is NOT, because the record states no selection basis among the classes.	ctg_results_bor_2014_2017.txt :: studies[nct=NCT02440464] :: outcomeMeasures[4] :: classes[1] :: groups[OG001]
NCT02440464	ctg_results_bor_2014_2017.txt	4	Percentage of Participants With Response to Treatment	OG001	Placebo	2	Response to Treatment at 24 Months Post-transplant for Participants in sCR/CR at Randomization	4	0,1,2,3	22	Participants=22	11	Stringent Complete Response (sCR)=1 | Complete Response (CR)=6 | Very Good Partial Response (VGPR)=0 | Partial Response (PR)=0 | Stable Disease (SD)=0 | Progressive Disease (PD)=1 | Died Before Evaluation=2 | Not Evaluable=1	Complete Response (CR)[CR]=6 | Partial Response (PR)[PR]=0 | Stable Disease (SD)[SD]=0 | Progressive Disease (PD)[PD]=1	7	Stringent Complete Response (sCR)=1 | Very Good Partial Response (VGPR)=0 | Died Before Evaluation=2 | Not Evaluable=1	4	CR=2,PR=0,SD=0,PD=0	2	22	UNRESOLVED	UNRESOLVED	(none)	Complete Response (CR)=6 (label CR overwritten by class[3]) ;; Partial Response (PR)=0 (label PR overwritten by class[3]) ;; Stable Disease (SD)=0 (label SD overwritten by class[3]) ;; Progressive Disease (PD)=1 (label PD overwritten by class[3]) ;; dropped category Stringent Complete Response (sCR)=1 ;; dropped category Very Good Partial Response (VGPR)=0 ;; dropped category Died Before Evaluation=2 ;; dropped category Not Evaluable=1	UNRESOLVED	Multiple contributing classes each covering the SAME participants (class sums are multiples of the reported denominator). Denominator is recoverable; a single corrected category vector is NOT, because the record states no selection basis among the classes.	ctg_results_bor_2014_2017.txt :: studies[nct=NCT02440464] :: outcomeMeasures[4] :: classes[2] :: groups[OG001]
NCT02440464	ctg_results_bor_2014_2017.txt	4	Percentage of Participants With Response to Treatment	OG001	Placebo	3	Response to Treatment at 24 Months Post-transplant for Participants Not in sCR/CR at Randomization	4	0,1,2,3	22	Participants=22	11	Stringent Complete Response (sCR)=2 | Complete Response (CR)=2 | Very Good Partial Response (VGPR)=4 | Partial Response (PR)=0 | Stable Disease (SD)=0 | Progressive Disease (PD)=0 | Died Before Evaluation=1 | Not Evaluable=2	Complete Response (CR)[CR]=2 | Partial Response (PR)[PR]=0 | Stable Disease (SD)[SD]=0 | Progressive Disease (PD)[PD]=0	2	Stringent Complete Response (sCR)=2 | Very Good Partial Response (VGPR)=4 | Died Before Evaluation=1 | Not Evaluable=2	9	CR=2,PR=0,SD=0,PD=0	2	22	UNRESOLVED	UNRESOLVED	CR,PD,PR,SD	dropped category Stringent Complete Response (sCR)=2 ;; dropped category Very Good Partial Response (VGPR)=4 ;; dropped category Died Before Evaluation=1 ;; dropped category Not Evaluable=2	UNRESOLVED	Multiple contributing classes each covering the SAME participants (class sums are multiples of the reported denominator). Denominator is recoverable; a single corrected category vector is NOT, because the record states no selection basis among the classes.	ctg_results_bor_2014_2017.txt :: studies[nct=NCT02440464] :: outcomeMeasures[4] :: classes[3] :: groups[OG001]
NCT02472964	ctg_results_bor_2010_2013.txt	0	Primary Endpoint : Compare Best Overall Response Rate (ORR) (According to Response Evaluation Criteria in Solid Tumor [RECIST] 1.1 Criteria) at Week 24 of MYL-1401O Plus Taxane Versus Herceptin® Plus Taxane in the ITT1 Population	OG000	Herceptin© + Taxane	0	<untitled>	1	0	228	Participants=228	228	Complete Response=0 | Partial Response=146 | Stable Disease=49 | Progressive Disease=20 | Not Evaluable=13	Complete Response[CR]=0 | Partial Response[PR]=146 | Stable Disease[SD]=49 | Progressive Disease[PD]=20	215	Not Evaluable=13	13	CR=0,PR=146,SD=49,PD=20	215	228	CR=0,PR=146,SD=49,PD=20	13	CR,PD,PR,SD	dropped category Not Evaluable=13	YES	Single contributing class; all categories of that class sum exactly to the reported participant denominator. Corrected denominator = reported denominator; full category vector recovered including every category the producer dropped.	ctg_results_bor_2010_2013.txt :: studies[nct=NCT02472964] :: outcomeMeasures[0] :: classes[0] :: groups[OG000]
NCT02472964	ctg_results_bor_2010_2013.txt	0	Primary Endpoint : Compare Best Overall Response Rate (ORR) (According to Response Evaluation Criteria in Solid Tumor [RECIST] 1.1 Criteria) at Week 24 of MYL-1401O Plus Taxane Versus Herceptin® Plus Taxane in the ITT1 Population	OG001	MYL-1401O Trastuzumab + Taxane	0	<untitled>	1	0	230	Participants=230	230	Complete Response=3 | Partial Response=157 | Stable Disease=48 | Progressive Disease=9 | Not Evaluable=13	Complete Response[CR]=3 | Partial Response[PR]=157 | Stable Disease[SD]=48 | Progressive Disease[PD]=9	217	Not Evaluable=13	13	CR=3,PR=157,SD=48,PD=9	217	230	CR=3,PR=157,SD=48,PD=9	13	CR,PD,PR,SD	dropped category Not Evaluable=13	YES	Single contributing class; all categories of that class sum exactly to the reported participant denominator. Corrected denominator = reported denominator; full category vector recovered including every category the producer dropped.	ctg_results_bor_2010_2013.txt :: studies[nct=NCT02472964] :: outcomeMeasures[0] :: classes[0] :: groups[OG001]
NCT02475213	ctg_results_bor_2014_2017.txt	11	Best Overall Response (RECIST 1.1)	OG000	Cohort 1	0	<untitled>	1	0	6	Participants=6	6	CR=0 | PR=0 | SD=4 | PD=1 | NE=1	CR[CR]=0 | PR[PR]=0 | SD[SD]=4 | PD[PD]=1	5	NE=1	1	CR=0,PR=0,SD=4,PD=1	5	6	CR=0,PR=0,SD=4,PD=1	1	CR,PD,PR,SD	dropped category NE=1	YES	Single contributing class; all categories of that class sum exactly to the reported participant denominator. Corrected denominator = reported denominator; full category vector recovered including every category the producer dropped.	ctg_results_bor_2014_2017.txt :: studies[nct=NCT02475213] :: outcomeMeasures[11] :: classes[0] :: groups[OG000]
NCT02475213	ctg_results_bor_2014_2017.txt	12	Best Overall Response (irRECIST 1.1)	OG000	Cohort 1	0	<untitled>	1	0	6	Participants=6	6	CR=0 | PR=0 | SD=4 | PD=1 | NE=1	CR[CR]=0 | PR[PR]=0 | SD[SD]=4 | PD[PD]=1	5	NE=1	1	CR=0,PR=0,SD=4,PD=1	5	6	CR=0,PR=0,SD=4,PD=1	1	CR,PD,PR,SD	dropped category NE=1	YES	Single contributing class; all categories of that class sum exactly to the reported participant denominator. Corrected denominator = reported denominator; full category vector recovered including every category the producer dropped.	ctg_results_bor_2014_2017.txt :: studies[nct=NCT02475213] :: outcomeMeasures[12] :: classes[0] :: groups[OG000]
NCT02509507	ctg_results_bor_2014_2017.txt	4	Best Overall Response (BOR) Per Modified irRC-RECIST	OG000	Part 1: Monotherapy Group A	0	<untitled>	1	0	23	Participants=23	23	CR=0 | PR=0 | SD=1 | PD=7 | UE=13 | Not Done=2	CR[CR]=0 | PR[PR]=0 | SD[SD]=1 | PD[PD]=7	8	UE=13 | Not Done=2	15	CR=0,PR=0,SD=1,PD=7	8	23	CR=0,PR=0,SD=1,PD=7	15	CR,PD,PR,SD	dropped category UE=13 ;; dropped category Not Done=2	YES	Single contributing class; all categories of that class sum exactly to the reported participant denominator. Corrected denominator = reported denominator; full category vector recovered including every category the producer dropped.	ctg_results_bor_2014_2017.txt :: studies[nct=NCT02509507] :: outcomeMeasures[4] :: classes[0] :: groups[OG000]
NCT02509507	ctg_results_bor_2014_2017.txt	4	Best Overall Response (BOR) Per Modified irRC-RECIST	OG001	Part 1: Monotherapy Group B	0	<untitled>	1	0	5	Participants=5	5	CR=0 | PR=0 | SD=1 | PD=1 | UE=3 | Not Done=0	CR[CR]=0 | PR[PR]=0 | SD[SD]=1 | PD[PD]=1	2	UE=3 | Not Done=0	3	CR=0,PR=0,SD=1,PD=1	2	5	CR=0,PR=0,SD=1,PD=1	3	CR,PD,PR,SD	dropped category UE=3 ;; dropped category Not Done=0	YES	Single contributing class; all categories of that class sum exactly to the reported participant denominator. Corrected denominator = reported denominator; full category vector recovered including every category the producer dropped.	ctg_results_bor_2014_2017.txt :: studies[nct=NCT02509507] :: outcomeMeasures[4] :: classes[0] :: groups[OG001]
NCT02509507	ctg_results_bor_2014_2017.txt	4	Best Overall Response (BOR) Per Modified irRC-RECIST	OG002	Part 1: Combination Therapy Group A	0	<untitled>	1	0	24	Participants=24	24	CR=0 | PR=2 | SD=4 | PD=10 | UE=7 | Not Done=1	CR[CR]=0 | PR[PR]=2 | SD[SD]=4 | PD[PD]=10	16	UE=7 | Not Done=1	8	CR=0,PR=2,SD=4,PD=10	16	24	CR=0,PR=2,SD=4,PD=10	8	CR,PD,PR,SD	dropped category UE=7 ;; dropped category Not Done=1	YES	Single contributing class; all categories of that class sum exactly to the reported participant denominator. Corrected denominator = reported denominator; full category vector recovered including every category the producer dropped.	ctg_results_bor_2014_2017.txt :: studies[nct=NCT02509507] :: outcomeMeasures[4] :: classes[0] :: groups[OG002]
NCT02509507	ctg_results_bor_2014_2017.txt	4	Best Overall Response (BOR) Per Modified irRC-RECIST	OG003	Part 1: Combination Therapy Group B	0	<untitled>	1	0	22	Participants=22	22	CR=0 | PR=3 | SD=6 | PD=3 | UE=10 | Not Done=0	CR[CR]=0 | PR[PR]=3 | SD[SD]=6 | PD[PD]=3	12	UE=10 | Not Done=0	10	CR=0,PR=3,SD=6,PD=3	12	22	CR=0,PR=3,SD=6,PD=3	10	CR,PD,PR,SD	dropped category UE=10 ;; dropped category Not Done=0	YES	Single contributing class; all categories of that class sum exactly to the reported participant denominator. Corrected denominator = reported denominator; full category vector recovered including every category the producer dropped.	ctg_results_bor_2014_2017.txt :: studies[nct=NCT02509507] :: outcomeMeasures[4] :: classes[0] :: groups[OG003]
NCT02509507	ctg_results_bor_2014_2017.txt	4	Best Overall Response (BOR) Per Modified irRC-RECIST	OG004	Part 2: Hormone Receptor Positive Breast Cancer (HRBC)	0	<untitled>	1	0	10	Participants=10	10	CR=0 | PR=1 | SD=1 | PD=3 | UE=5 | Not Done=0	CR[CR]=0 | PR[PR]=1 | SD[SD]=1 | PD[PD]=3	5	UE=5 | Not Done=0	5	CR=0,PR=1,SD=1,PD=3	5	10	CR=0,PR=1,SD=1,PD=3	5	CR,PD,PR,SD	dropped category UE=5 ;; dropped category Not Done=0	YES	Single contributing class; all categories of that class sum exactly to the reported participant denominator. Corrected denominator = reported denominator; full category vector recovered including every category the producer dropped.	ctg_results_bor_2014_2017.txt :: studies[nct=NCT02509507] :: outcomeMeasures[4] :: classes[0] :: groups[OG004]
NCT02509507	ctg_results_bor_2014_2017.txt	4	Best Overall Response (BOR) Per Modified irRC-RECIST	OG005	Part 2: Triple Negative Breast Cancer (TNBC)	0	<untitled>	1	0	18	Participants=18	18	CR=2 | PR=1 | SD=1 | PD=5 | UE=6 | Not Done=3	CR[CR]=2 | PR[PR]=1 | SD[SD]=1 | PD[PD]=5	9	UE=6 | Not Done=3	9	CR=2,PR=1,SD=1,PD=5	9	18	CR=2,PR=1,SD=1,PD=5	9	CR,PD,PR,SD	dropped category UE=6 ;; dropped category Not Done=3	YES	Single contributing class; all categories of that class sum exactly to the reported participant denominator. Corrected denominator = reported denominator; full category vector recovered including every category the producer dropped.	ctg_results_bor_2014_2017.txt :: studies[nct=NCT02509507] :: outcomeMeasures[4] :: classes[0] :: groups[OG005]
NCT02509507	ctg_results_bor_2014_2017.txt	4	Best Overall Response (BOR) Per Modified irRC-RECIST	OG006	Part 2: Cutaneous Squamous Cell Carcinoma (CSCC)	0	<untitled>	1	0	10	Participants=10	10	CR=0 | PR=1 | SD=1 | PD=2 | UE=4 | Not Done=2	CR[CR]=0 | PR[PR]=1 | SD[SD]=1 | PD[PD]=2	4	UE=4 | Not Done=2	6	CR=0,PR=1,SD=1,PD=2	4	10	CR=0,PR=1,SD=1,PD=2	6	CR,PD,PR,SD	dropped category UE=4 ;; dropped category Not Done=2	YES	Single contributing class; all categories of that class sum exactly to the reported participant denominator. Corrected denominator = reported denominator; full category vector recovered including every category the producer dropped.	ctg_results_bor_2014_2017.txt :: studies[nct=NCT02509507] :: outcomeMeasures[4] :: classes[0] :: groups[OG006]
NCT02509507	ctg_results_bor_2014_2017.txt	4	Best Overall Response (BOR) Per Modified irRC-RECIST	OG007	Part 2: Basal Cell Carcinoma (BCC)	0	<untitled>	1	0	5	Participants=5	5	CR=0 | PR=1 | SD=2 | PD=0 | UE=2 | Not Done=0	CR[CR]=0 | PR[PR]=1 | SD[SD]=2 | PD[PD]=0	3	UE=2 | Not Done=0	2	CR=0,PR=1,SD=2,PD=0	3	5	CR=0,PR=1,SD=2,PD=0	2	CR,PD,PR,SD	dropped category UE=2 ;; dropped category Not Done=0	YES	Single contributing class; all categories of that class sum exactly to the reported participant denominator. Corrected denominator = reported denominator; full category vector recovered including every category the producer dropped.	ctg_results_bor_2014_2017.txt :: studies[nct=NCT02509507] :: outcomeMeasures[4] :: classes[0] :: groups[OG007]
NCT02509507	ctg_results_bor_2014_2017.txt	4	Best Overall Response (BOR) Per Modified irRC-RECIST	OG008	Part 2: Colorectal Adenocarcinoma (CRC)	0	<untitled>	1	0	10	Participants=10	10	CR=0 | PR=0 | SD=3 | PD=1 | UE=5 | Not Done=1	CR[CR]=0 | PR[PR]=0 | SD[SD]=3 | PD[PD]=1	4	UE=5 | Not Done=1	6	CR=0,PR=0,SD=3,PD=1	4	10	CR=0,PR=0,SD=3,PD=1	6	CR,PD,PR,SD	dropped category UE=5 ;; dropped category Not Done=1	YES	Single contributing class; all categories of that class sum exactly to the reported participant denominator. Corrected denominator = reported denominator; full category vector recovered including every category the producer dropped.	ctg_results_bor_2014_2017.txt :: studies[nct=NCT02509507] :: outcomeMeasures[4] :: classes[0] :: groups[OG008]
NCT02536794	ctg_results_bor_2014_2017.txt	12	Response in Patients With Metastatic HER2 Negative Breast Cancer Treated With Durvalumab in Combination With Tremelimumab	OG000	Treatment (MEDI4736, Tremelimumab)	0	<untitled>	1	0	30	Participants=30	30	Complete Response=1 | Partial Response=3 | Stable Disease=4 | Progressive Disease=19 | Not evaluable=3	Complete Response[CR]=1 | Partial Response[PR]=3 | Stable Disease[SD]=4 | Progressive Disease[PD]=19	27	Not evaluable=3	3	CR=1,PR=3,SD=4,PD=19	27	30	CR=1,PR=3,SD=4,PD=19	3	CR,PD,PR,SD	dropped category Not evaluable=3	YES	Single contributing class; all categories of that class sum exactly to the reported participant denominator. Corrected denominator = reported denominator; full category vector recovered including every category the producer dropped.	ctg_results_bor_2014_2017.txt :: studies[nct=NCT02536794] :: outcomeMeasures[12] :: classes[0] :: groups[OG000]
NCT02566993	ctg_results_bor_2014_2017.txt	7	Best Antitumor Response by Independent Review Committee	OG000	Lurbinectedin/Doxorubicin	0	<untitled>	1	0	307	Participants=307	307	Complete response=8 | Partial response=89 | Stable disease=111 | Progressive disease=74 | Unknown=25	Complete response[CR]=8 | Partial response[PR]=89 | Stable disease[SD]=111 | Progressive disease[PD]=74	282	Unknown=25	25	CR=8,PR=89,SD=111,PD=74	282	307	CR=8,PR=89,SD=111,PD=74	25	CR,PD,PR,SD	dropped category Unknown=25	YES	Single contributing class; all categories of that class sum exactly to the reported participant denominator. Corrected denominator = reported denominator; full category vector recovered including every category the producer dropped.	ctg_results_bor_2014_2017.txt :: studies[nct=NCT02566993] :: outcomeMeasures[7] :: classes[0] :: groups[OG000]
NCT02566993	ctg_results_bor_2014_2017.txt	7	Best Antitumor Response by Independent Review Committee	OG001	Topotecan or Cyclophosphamide/Doxorubicin/Vincristine	0	<untitled>	1	0	306	Participants=306	306	Complete response=4 | Partial response=87 | Stable disease=116 | Progressive disease=52 | Unknown=47	Complete response[CR]=4 | Partial response[PR]=87 | Stable disease[SD]=116 | Progressive disease[PD]=52	259	Unknown=47	47	CR=4,PR=87,SD=116,PD=52	259	306	CR=4,PR=87,SD=116,PD=52	47	CR,PD,PR,SD	dropped category Unknown=47	YES	Single contributing class; all categories of that class sum exactly to the reported participant denominator. Corrected denominator = reported denominator; full category vector recovered including every category the producer dropped.	ctg_results_bor_2014_2017.txt :: studies[nct=NCT02566993] :: outcomeMeasures[7] :: classes[0] :: groups[OG001]
NCT02575807	ctg_results_bor_2014_2017.txt	4	Phase 1: Objective Response Rate (ORR) by mRECIST	OG002	Phase 1: CRS-207/IDO 300 mg	0	<untitled>	1	0	13	Participants=13	13	Complete Response=0 | Partial Response=0 | Stable Disease=4 | Progressive Disease=6 | Not Evaluable=3	Complete Response[CR]=0 | Partial Response[PR]=0 | Stable Disease[SD]=4 | Progressive Disease[PD]=6	10	Not Evaluable=3	3	CR=0,PR=0,SD=4,PD=6	10	13	CR=0,PR=0,SD=4,PD=6	3	CR,PD,PR,SD	dropped category Not Evaluable=3	YES	Single contributing class; all categories of that class sum exactly to the reported participant denominator. Corrected denominator = reported denominator; full category vector recovered including every category the producer dropped.	ctg_results_bor_2014_2017.txt :: studies[nct=NCT02575807] :: outcomeMeasures[4] :: classes[0] :: groups[OG002]
NCT02578641	ctg_results_bor_2014_2017.txt	4	Best Overall Response (BOR) of Subjects With Advanced Nasopharyngeal Carcinoma.	OG000	Chemo + EBV-CTL	0	<untitled>	1	0	164	Participants=164	164	Complete Response (CR)=6 | Partial Response (PR)=94 | Stable Disease (SD)=45 | Progressive Disease (PD)=9 | NE (Not evaluable)=1 | NA (Not applicable)=9	Complete Response (CR)[CR]=6 | Partial Response (PR)[PR]=94 | Stable Disease (SD)[SD]=45 | Progressive Disease (PD)[PD]=9	154	NE (Not evaluable)=1 | NA (Not applicable)=9	10	CR=6,PR=94,SD=45,PD=9	154	164	CR=6,PR=94,SD=45,PD=9	10	CR,PD,PR,SD	dropped category NE (Not evaluable)=1 ;; dropped category NA (Not applicable)=9	YES	Single contributing class; all categories of that class sum exactly to the reported participant denominator. Corrected denominator = reported denominator; full category vector recovered including every category the producer dropped.	ctg_results_bor_2014_2017.txt :: studies[nct=NCT02578641] :: outcomeMeasures[4] :: classes[0] :: groups[OG000]
NCT02578641	ctg_results_bor_2014_2017.txt	4	Best Overall Response (BOR) of Subjects With Advanced Nasopharyngeal Carcinoma.	OG001	Chemo Only	0	<untitled>	1	0	166	Participants=166	166	Complete Response (CR)=14 | Partial Response (PR)=91 | Stable Disease (SD)=41 | Progressive Disease (PD)=10 | NE (Not evaluable)=0 | NA (Not applicable)=10	Complete Response (CR)[CR]=14 | Partial Response (PR)[PR]=91 | Stable Disease (SD)[SD]=41 | Progressive Disease (PD)[PD]=10	156	NE (Not evaluable)=0 | NA (Not applicable)=10	10	CR=14,PR=91,SD=41,PD=10	156	166	CR=14,PR=91,SD=41,PD=10	10	CR,PD,PR,SD	dropped category NE (Not evaluable)=0 ;; dropped category NA (Not applicable)=10	YES	Single contributing class; all categories of that class sum exactly to the reported participant denominator. Corrected denominator = reported denominator; full category vector recovered including every category the producer dropped.	ctg_results_bor_2014_2017.txt :: studies[nct=NCT02578641] :: outcomeMeasures[4] :: classes[0] :: groups[OG001]
NCT02584829	ctg_results_bor_2014_2017.txt	2	Disease Response, as Assessed by Response Evaluation Criteria in Solid Tumors Version 1.1	OG001	Group 2 (Avelumab, MHC Class I Up-regulation, T Cells)	0	<untitled>	1	0	7	Participants=7	7	Complete Response=2 | Partial Response=1 | Stable Disease=0 | Progressive Disease=3 | Partial Complete Response=1	Complete Response[CR]=2 | Partial Response[PR]=1 | Stable Disease[SD]=0 | Progressive Disease[PD]=3	6	Partial Complete Response=1	1	CR=2,PR=1,SD=0,PD=3	6	7	CR=2,PR=1,SD=0,PD=3	1	CR,PD,PR,SD	dropped category Partial Complete Response=1	YES	Single contributing class; all categories of that class sum exactly to the reported participant denominator. Corrected denominator = reported denominator; full category vector recovered including every category the producer dropped.	ctg_results_bor_2014_2017.txt :: studies[nct=NCT02584829] :: outcomeMeasures[2] :: classes[0] :: groups[OG001]
NCT02593786	ctg_results_bor_2014_2017.txt	3	Best Overall Response (BOR)	OG000	Cohort A: Nivolumab 3 mg/kg Q2W	0	<untitled>	1	0	15	Participants=15	15	Complete Response=0 | Partial Response=3 | Stable Disease=2 | Progressive Disease=9 | Unable to Determine=1	Complete Response[CR]=0 | Partial Response[PR]=3 | Stable Disease[SD]=2 | Progressive Disease[PD]=9	14	Unable to Determine=1	1	CR=0,PR=3,SD=2,PD=9	14	15	CR=0,PR=3,SD=2,PD=9	1	CR,PD,PR,SD	dropped category Unable to Determine=1	YES	Single contributing class; all categories of that class sum exactly to the reported participant denominator. Corrected denominator = reported denominator; full category vector recovered including every category the producer dropped.	ctg_results_bor_2014_2017.txt :: studies[nct=NCT02593786] :: outcomeMeasures[3] :: classes[0] :: groups[OG000]
NCT02593786	ctg_results_bor_2014_2017.txt	3	Best Overall Response (BOR)	OG001	Cohort B: Nivolumab 240 mg Q2W	0	<untitled>	1	0	20	Participants=20	20	Complete Response=0 | Partial Response=2 | Stable Disease=12 | Progressive Disease=5 | Unable to Determine=1	Complete Response[CR]=0 | Partial Response[PR]=2 | Stable Disease[SD]=12 | Progressive Disease[PD]=5	19	Unable to Determine=1	1	CR=0,PR=2,SD=12,PD=5	19	20	CR=0,PR=2,SD=12,PD=5	1	CR,PD,PR,SD	dropped category Unable to Determine=1	YES	Single contributing class; all categories of that class sum exactly to the reported participant denominator. Corrected denominator = reported denominator; full category vector recovered including every category the producer dropped.	ctg_results_bor_2014_2017.txt :: studies[nct=NCT02593786] :: outcomeMeasures[3] :: classes[0] :: groups[OG001]
