row_type	nct	mechanism	reducible	registered_enrollment	enrollment_type	selected_cohorts	sum_selected_denominators	excess	reduced_set_sum	om_index	group_id	group_title	denominator	cohort_role	payload	note
TRIAL	NCT00069095	M2_CROSS_AXIS_PARTITION	YES	2035	ACTUAL	4	3304	1269	1904							{OM10/OG000 FOLFOX-4/FOLFOX-4+P/FOLFOX-4+BV 937; OM10/OG001 XELOX/XELOX+P/XELOX+BV 967} = 1904
COHORT	NCT00069095									10	OG000	FOLFOX-4/FOLFOX-4+P/FOLFOX-4+BV	937	AXIS1_KEEP	ctg_results_bor_1999_2009	
COHORT	NCT00069095									10	OG001	XELOX/XELOX+P/XELOX+BV	967	AXIS1_KEEP	ctg_results_bor_1999_2009	
COHORT	NCT00069095									11	OG001	FOLFOX-4+BV/XELOX+BV	699	AXIS2_CROSS_AXIS	ctg_results_bor_1999_2009	
COHORT	NCT00069095									11	OG000	FOLFOX-4+P/XELOX+P	701	AXIS2_CROSS_AXIS	ctg_results_bor_1999_2009	
TRIAL	NCT00806156	M8_ANALYSIS_POPULATION_NESTING	YES	178	ACTUAL	6	609	431	169							{OM1/OG002 MITT Population 169} = 169 (registered enrollment 178)
COHORT	NCT00806156									0	OG000	NKTR-102 q21d	104	NESTED_SUBSET	ctg_results_bor_1999_2009	
COHORT	NCT00806156									0	OG001	Primary Efficacy Population	104	NESTED_SUBSET	ctg_results_bor_1999_2009	
COHORT	NCT00806156									1	OG002	MITT Population	169	KEEP_ITT	ctg_results_bor_1999_2009	
COHORT	NCT00806156									1	OG000	NKTR-102 q14d	37	NESTED_SUBSET	ctg_results_bor_1999_2009	
COHORT	NCT00806156									3	OG002	Platinum-Refractory Population	65	NESTED_SUBSET	ctg_results_bor_1999_2009	
COHORT	NCT00806156									4	OG002	Prior PLD Population	130	NESTED_SUBSET	ctg_results_bor_1999_2009	
TRIAL	NCT01024231	M1_POOLED_PLUS_COMPONENTS	YES	127	ACTUAL	11	434	307	127							{OM7/OG000 Cohort 1 14; OG001 Cohort 2 17; OG002 Cohort 2a 16; OG003 Cohort 3 6; OG005 Cohort 6 17; OG006 Cohorot 7 16; OG008 Cohort 8 41} = 127 = registered enrollment
COHORT	NCT01024231									7	OG004	Any BMS and Ipi Combo	53	POOLED_TOTAL	ctg_results_bor_1999_2009	
COHORT	NCT01024231									7	OG009	Any BMS/Ipi	94	POOLED_TOTAL	ctg_results_bor_1999_2009	
COHORT	NCT01024231									7	OG006	Cohorot 7	16	COMPONENT	ctg_results_bor_1999_2009	
COHORT	NCT01024231									7	OG000	Cohort 1	14	COMPONENT	ctg_results_bor_1999_2009	
COHORT	NCT01024231									7	OG001	Cohort 2	17	COMPONENT	ctg_results_bor_1999_2009	
COHORT	NCT01024231									7	OG002	Cohort 2a	16	COMPONENT	ctg_results_bor_1999_2009	
COHORT	NCT01024231									7	OG003	Cohort 3	6	COMPONENT	ctg_results_bor_1999_2009	
COHORT	NCT01024231									7	OG005	Cohort 6	17	COMPONENT	ctg_results_bor_1999_2009	
COHORT	NCT01024231									7	OG008	Cohort 8	41	COMPONENT	ctg_results_bor_1999_2009	
COHORT	NCT01024231									7	OG007	Only BMS	33	POOLED_TOTAL	ctg_results_bor_1999_2009	
COHORT	NCT01024231									7	OG010	Total	127	POOLED_TOTAL	ctg_results_bor_1999_2009	
TRIAL	NCT01078662	M1_POOLED_PLUS_COMPONENTS	YES	298	ACTUAL	6	596	298	298							{OM0/OG000 Breast 62; OG001 Ovarian 193; OG002 Pancreatic 23; OG003 Prostate 8; OG004 Other 12} = 298 = registered enrollment
COHORT	NCT01078662									0	OG005	All Patients	298	POOLED_TOTAL	ctg_results_bor_2010_2013	
COHORT	NCT01078662									0	OG000	Breast Cancer	62	COMPONENT	ctg_results_bor_2010_2013	
COHORT	NCT01078662									0	OG004	Other Cancers	12	COMPONENT	ctg_results_bor_2010_2013	
COHORT	NCT01078662									0	OG001	Ovarian Cancer	193	COMPONENT	ctg_results_bor_2010_2013	
COHORT	NCT01078662									0	OG002	Pancreatic Cancer	23	COMPONENT	ctg_results_bor_2010_2013	
COHORT	NCT01078662									0	OG003	Prostate Cancer	8	COMPONENT	ctg_results_bor_2010_2013	
TRIAL	NCT00502307	M4_ASSESSOR_DUPLICATE	YES	272	ACTUAL	2	544	272	272							{OM1/OG000 Investigator Assessment 272} = 272 = registered enrollment
COHORT	NCT00502307									1	OG001	Independent Radiology Reviewer Assessment	272	DUPLICATE_ASSESSOR	ctg_placebo_onc_1999_2009	
COHORT	NCT00502307									1	OG000	Investigator Assessment	272	KEEP_ITT	ctg_placebo_onc_1999_2009	
TRIAL	NCT00290771	M1_POOLED_PLUS_COMPONENTS	YES	231	ACTUAL	3	462	231	231							{OM0/OG000 131; OM0/OG001 100} = 231
COHORT	NCT00290771									0	OG002	All Patients - Imatinib 600 or 1000 mg + Hydroxyurea 1000 mg	231	POOLED_TOTAL	ctg_results_bor_1999_2009	
COHORT	NCT00290771									0	OG001	Imatinib 1000 mg + Hydroxyurea 1000 mg	100	COMPONENT	ctg_results_bor_1999_2009	
COHORT	NCT00290771									0	OG000	Imatinib 600 mg + Hydroxyurea 1000 mg	131	COMPONENT	ctg_results_bor_1999_2009	
TRIAL	NCT01085136	M9_SEQUENTIAL_PARTS_RELATION_UNSTATED	UNRESOLVED	1154	ACTUAL	3	1360	206	UNRESOLVED							cannot be settled from this record
COHORT	NCT01085136									3	OG000	Afatinib Monotherapy (Part A)	1154	UNRESOLVED_PART	ctg_results_bor_2010_2013	
COHORT	NCT01085136									4	OG000	Afatinib Plus Paclitaxel (Part B)	138	UNRESOLVED_PART	ctg_results_bor_2010_2013	
COHORT	NCT01085136									4	OG001	Investigators Choice of Chemotherapy (Part B)	68	UNRESOLVED_PART	ctg_results_bor_2010_2013	
TRIAL	NCT00804856	M1_POOLED_PLUS_COMPONENTS	YES	180	ACTUAL	18	350	170	175							the thirteen Phase I dose groups (OM3/OG000-OG005 = 32, OM3/OG007-OG013 = 56) plus the two Phase II arms (OM1/OG000 45, OM1/OG001 42 = 87) = 175
COHORT	NCT00804856									1	OG001	Phase II Schedule A. Volasertib 350 mg+LDAC	42	COMPONENT	ctg_accrual_completed_onc_phase2|ctg_results_bor_1999_2009	
COHORT	NCT00804856									1	OG000	Phase II Schedule C. LDAC	45	COMPONENT	ctg_accrual_completed_onc_phase2|ctg_results_bor_1999_2009	
COHORT	NCT00804856									3	OG000	Phase I Schedule A. Volasertib 150 mg+LDAC	4	COMPONENT	ctg_accrual_completed_onc_phase2|ctg_results_bor_1999_2009	
COHORT	NCT00804856									3	OG001	Phase I Schedule A. Volasertib 200 mg+LDAC	3	COMPONENT	ctg_accrual_completed_onc_phase2|ctg_results_bor_1999_2009	
COHORT	NCT00804856									3	OG002	Phase I Schedule A. Volasertib 250 mg+LDAC	5	COMPONENT	ctg_accrual_completed_onc_phase2|ctg_results_bor_1999_2009	
COHORT	NCT00804856									3	OG003	Phase I Schedule A. Volasertib 300 mg+LDAC	9	COMPONENT	ctg_accrual_completed_onc_phase2|ctg_results_bor_1999_2009	
COHORT	NCT00804856									3	OG004	Phase I Schedule A. Volasertib 350 mg+LDAC	8	COMPONENT	ctg_accrual_completed_onc_phase2|ctg_results_bor_1999_2009	
COHORT	NCT00804856									3	OG005	Phase I Schedule A. Volasertib 400 mg+LDAC	3	COMPONENT	ctg_accrual_completed_onc_phase2|ctg_results_bor_1999_2009	
COHORT	NCT00804856									3	OG007	Phase I Schedule B. Volasertib 150 mg	11	COMPONENT	ctg_accrual_completed_onc_phase2|ctg_results_bor_1999_2009	
COHORT	NCT00804856									3	OG008	Phase I Schedule B. Volasertib 200 mg	2	COMPONENT	ctg_accrual_completed_onc_phase2|ctg_results_bor_1999_2009	
COHORT	NCT00804856									3	OG009	Phase I Schedule B. Volasertib 350 mg	5	COMPONENT	ctg_accrual_completed_onc_phase2|ctg_results_bor_1999_2009	
COHORT	NCT00804856									3	OG010	Phase I Schedule B. Volasertib 400 mg	6	COMPONENT	ctg_accrual_completed_onc_phase2|ctg_results_bor_1999_2009	
COHORT	NCT00804856									3	OG011	Phase I Schedule B. Volasertib 450 mg	23	COMPONENT	ctg_accrual_completed_onc_phase2|ctg_results_bor_1999_2009	
COHORT	NCT00804856									3	OG012	Phase I Schedule B. Volasertib 500 mg	5	COMPONENT	ctg_accrual_completed_onc_phase2|ctg_results_bor_1999_2009	
COHORT	NCT00804856									3	OG013	Phase I Schedule B. Volasertib 550 mg	4	COMPONENT	ctg_accrual_completed_onc_phase2|ctg_results_bor_1999_2009	
COHORT	NCT00804856									3	OG006	Total Phase I Combined. Schedule A.	32	POOLED_TOTAL	ctg_accrual_completed_onc_phase2|ctg_results_bor_1999_2009	
COHORT	NCT00804856									3	OG014	Total Phase I Combined. Schedule B.	56	POOLED_TOTAL	ctg_accrual_completed_onc_phase2|ctg_results_bor_1999_2009	
COHORT	NCT00804856									3	OG017	Total Phase II Combined. Schedule A and C.	87	POOLED_TOTAL	ctg_accrual_completed_onc_phase2|ctg_results_bor_1999_2009	
TRIAL	NCT00191152	M5_SEQUENTIAL_REENTRY	YES	475	ACTUAL	4	633	158	475							{OM7/OG000 Gemcitabine Plus Docetaxel 239; OM7/OG001 Docetaxel Plus Capecitabine 236} = 475 = registered enrollment
COHORT	NCT00191152									7	OG001	Docetaxel Plus Capecitabine	236	COMPONENT	ctg_results_bor_1999_2009	
COHORT	NCT00191152									7	OG000	Gemcitabine Plus Docetaxel	239	COMPONENT	ctg_results_bor_1999_2009	
COHORT	NCT00191152									8	OG000	Capecitabine	77	SEQUENTIAL_REENTRY	ctg_results_bor_1999_2009	
COHORT	NCT00191152									8	OG001	Gemcitabine	81	SEQUENTIAL_REENTRY	ctg_results_bor_1999_2009	
TRIAL	NCT01089413	M1_POOLED_PLUS_COMPONENTS	YES	201	ACTUAL	4	356	155	178							{OM2/OG000 Age <70 107; OG001 Age 70-80 58; OG002 Age >80 13} = 178 (registered enrollment 201)
COHORT	NCT01089413									2	OG001	Bevacizumab: Age 70-80 Years	58	COMPONENT	ctg_results_bor_2010_2013	
COHORT	NCT01089413									2	OG000	Bevacizumab: Age <70 Years	107	COMPONENT	ctg_results_bor_2010_2013	
COHORT	NCT01089413									2	OG002	Bevacizumab: Age >80 Years	13	COMPONENT	ctg_results_bor_2010_2013	
COHORT	NCT01089413									2	OG003	Bevacizumab: Overall	178	POOLED_TOTAL	ctg_results_bor_2010_2013	
TRIAL	NCT01084863	M4_ASSESSOR_DUPLICATE	YES	143	ACTUAL	4	286	143	143							{OM4/OG000 CT-P6 & Paclitaxel ITRC 76; OM4/OG001 Herceptin & Paclitaxel ITRC 67} = 143 = registered enrollment
COHORT	NCT01084863									4	OG000	CT-P6 & Paclitaxel ITRC	76	COMPONENT	ctg_results_bor_2010_2013	
COHORT	NCT01084863									4	OG002	CT-P6 & Paclitaxel Investigator	76	DUPLICATE_ASSESSOR	ctg_results_bor_2010_2013	
COHORT	NCT01084863									4	OG001	Herceptin & Paclitaxel ITRC	67	COMPONENT	ctg_results_bor_2010_2013	
COHORT	NCT01084863									4	OG003	Herceptin & Paclitaxel Investigator	67	DUPLICATE_ASSESSOR	ctg_results_bor_2010_2013	
TRIAL	NCT00146172	M3_TITLE_VARIANT_DUPLICATE + M1_POOLED_PLUS_COMPONENTS	YES	73	ACTUAL	6	198	125	39							{OM1/OG002 All Subjects 60} = 60 (or the strata {25,14}=39, which do not exhaust it)
COHORT	NCT00146172									1	OG002	All Subjects	60	POOLED_TOTAL	ctg_results_bor_1999_2009	
COHORT	NCT00146172									1	OG000	Breast Cancer Cohort	25	COMPONENT	ctg_results_bor_1999_2009	
COHORT	NCT00146172									1	OG001	Lung Cancer Cohort	14	COMPONENT	ctg_results_bor_1999_2009	
COHORT	NCT00146172									4	OG002	All Solid Tumors	60	DUPLICATE_TITLE_VARIANT	ctg_results_bor_1999_2009	
COHORT	NCT00146172									4	OG000	Breast Cancer	25	DUPLICATE_TITLE_VARIANT	ctg_results_bor_1999_2009	
COHORT	NCT00146172									4	OG001	Lung Cancer	14	DUPLICATE_TITLE_VARIANT	ctg_results_bor_1999_2009	
TRIAL	NCT00790400	M5_SEQUENTIAL_REENTRY	YES	118	ACTUAL	3	230	112	118							{OM0/OG000 Everolimus Randomized (Core Period) 79; OM0/OG001 Placebo Randomized (Core Period) 39} = 118 = registered enrollment
COHORT	NCT00790400									0	OG002	Everolimus (Core and/or Extension Period)	112	SEQUENTIAL_REENTRY	ctg_placebo_onc_1999_2009	
COHORT	NCT00790400									0	OG000	Everolimus Randomized (Core Period)	79	COMPONENT	ctg_placebo_onc_1999_2009	
COHORT	NCT00790400									0	OG001	Placebo Randomized (Core Period)	39	COMPONENT	ctg_placebo_onc_1999_2009	
TRIAL	NCT00668148	M1_POOLED_PLUS_COMPONENTS	YES	113	ACTUAL	6	222	109	111							{OM2/OG000 18; OG001 17; OG002 22; OG003 37; OG004 17} = 111
COHORT	NCT00668148									2	OG003	Adipocytic Sarcoma	37	COMPONENT	ctg_results_bor_1999_2009	
COHORT	NCT00668148									2	OG000	Ewing's Sarcoma/PNET	18	COMPONENT	ctg_results_bor_1999_2009	
COHORT	NCT00668148									2	OG002	Leiomyosarcoma	22	COMPONENT	ctg_results_bor_1999_2009	
COHORT	NCT00668148									2	OG001	Rhabdomyosarcoma	17	COMPONENT	ctg_results_bor_1999_2009	
COHORT	NCT00668148									2	OG004	Synovial Sarcoma	17	COMPONENT	ctg_results_bor_1999_2009	
COHORT	NCT00668148									2	OG005	Total	111	POOLED_TOTAL	ctg_results_bor_1999_2009	
TRIAL	NCT01251536	M1_POOLED_PLUS_COMPONENTS	YES	108	ACTUAL	4	216	108	108							{OM7/OG000 Arm A 8; OG001 Arm B 93; OG002 Not Allocated 7} = 108 = registered enrollment
COHORT	NCT01251536									7	OG000	Arm A - Dose Escalation of Cetuximab	8	COMPONENT	ctg_results_bor_2010_2013	
COHORT	NCT01251536									7	OG001	Arm B - Standard Dose of Cetuximab	93	COMPONENT	ctg_results_bor_2010_2013	
COHORT	NCT01251536									7	OG003	ITT / Safety Set	108	POOLED_TOTAL	ctg_results_bor_2010_2013	
COHORT	NCT01251536									7	OG002	Not Allocated	7	COMPONENT	ctg_results_bor_2010_2013	
TRIAL	NCT00152477	M1_POOLED_PLUS_COMPONENTS	YES	165	ACTUAL	4	262	97	156							{OM0/OG000 CP 50; OM0/OG002 CDP791 10mg 53; OM0/OG003 CDP791 20mg 53} = 156
COHORT	NCT00152477									0	OG000	Carboplatin/Paclitaxel (Randomized Part II SjS)	50	COMPONENT	ctg_results_bor_1999_2009	
COHORT	NCT00152477									0	OG001	Carboplatin/Paclitaxel/CDP791 (Randomized Part II SjS)	106	POOLED_TOTAL	ctg_results_bor_1999_2009	
COHORT	NCT00152477									0	OG002	Carboplatin/Paclitaxel/CDP791 10mg (Randomized Part II SS)	53	COMPONENT	ctg_results_bor_1999_2009	
COHORT	NCT00152477									0	OG003	Carboplatin/Paclitaxel/CDP791 20mg (Randomized Part II SjS)	53	COMPONENT	ctg_results_bor_1999_2009	
TRIAL	NCT01063907	M1_POOLED_PLUS_COMPONENTS	YES	95	ACTUAL	6	190	95	95							{OM0/OG001 3; OG002 3; OG003 3; OG004 6; OG005 Phase 2 80} = 95 = registered enrollment
COHORT	NCT01063907									0	OG000	Phase 1 & 2: KW-2478 175 mg/m^2 and Bortezomib 1.3mg/m^2	95	POOLED_TOTAL	ctg_results_bor_2010_2013	
COHORT	NCT01063907									0	OG001	Phase 1 Cohort 1: KW-2478 130 mg/m^2 and Bortezomib 1.0mg/m^2	3	COMPONENT	ctg_results_bor_2010_2013	
COHORT	NCT01063907									0	OG002	Phase 1 Cohort 2: KW-2478 130 mg/m^2 and Bortezomib 1.3mg/m^2	3	COMPONENT	ctg_results_bor_2010_2013	
COHORT	NCT01063907									0	OG003	Phase 1 Cohort 3: KW-2478 175 mg/m^2 and Bortezomib 1.0mg/m^2	3	COMPONENT	ctg_results_bor_2010_2013	
COHORT	NCT01063907									0	OG004	Phase 1 Cohort 4: KW-2478 175 mg/m^2 and Bortezomib 1.3mg/m^2	6	COMPONENT	ctg_results_bor_2010_2013	
COHORT	NCT01063907									0	OG005	Phase 2: KW-2478 175 mg/m^2 and Bortezomib 1.3mg/m^2	80	COMPONENT	ctg_results_bor_2010_2013	
TRIAL	NCT00451555	M1_POOLED_PLUS_COMPONENTS	YES	156	ACTUAL	4	246	90	152							{OM0/OG001 Enz+Fulv BID 39; OM0/OG002 Enz+Fulv QD 55; OM0/OG003 Fulvestrant+Placebo 58} = 152
COHORT	NCT00451555									0	OG001	Enzastaurin + Fulvestrant BID	39	COMPONENT	ctg_placebo_onc_1999_2009|ctg_results_bor_1999_2009	
COHORT	NCT00451555									0	OG002	Enzastaurin + Fulvestrant QD	55	COMPONENT	ctg_placebo_onc_1999_2009|ctg_results_bor_1999_2009	
COHORT	NCT00451555									0	OG000	Enzastaurin + Fulvestrant QD + BID	94	POOLED_TOTAL	ctg_placebo_onc_1999_2009|ctg_results_bor_1999_2009	
COHORT	NCT00451555									0	OG003	Fulvestrant + Placebo	58	COMPONENT	ctg_placebo_onc_1999_2009|ctg_results_bor_1999_2009	
TRIAL	NCT01217957	M3_TITLE_VARIANT_DUPLICATE + M8_ANALYSIS_POPULATION_NESTING	YES	65	ACTUAL	3	153	88	52							{OM1/OG001 Phase 2: Ixazomib 4.0mg/2.23 + Len + Dex 52} = 52 (registered enrollment 65)
COHORT	NCT01217957									1	OG000	Phase 2: Ixazomib 4.0 mg + Lenalidomide + Dexamethasone	49	NESTED_SUBSET	ctg_results_bor_2010_2013	
COHORT	NCT01217957									1	OG001	Phase 2: Ixazomib 4.0mg/2.23 + Lenalidomide + Dexamethasone	52	KEEP_ITT	ctg_results_bor_2010_2013	
COHORT	NCT01217957									13	OG001	Phase 2: Ixazomib 4.0 mg/2.23 + Lenalidomide + Dexamethasone	52	DUPLICATE_TITLE_VARIANT	ctg_results_bor_2010_2013	
TRIAL	NCT00171834	M1_POOLED_PLUS_COMPONENTS + M3_TITLE_VARIANT_DUPLICATE	YES	89	ACTUAL	8	170	81	85							{OM6/OG000 Patupilone Phase I 50; OM4/OG000 Patupilone 10 mg/m^2 (Phase II) NSCLC Cohort 35} = 85
COHORT	NCT00171834									0	OG003	Patupilone 10.0-11.5 mg/m^2 (Phase I)	12	COMPONENT	ctg_results_bor_1999_2009	
COHORT	NCT00171834									0	OG004	Patupilone 12.0-13.0 mg/m^2 (Phase I)	8	COMPONENT	ctg_results_bor_1999_2009	
COHORT	NCT00171834									0	OG001	Patupilone 7.5-8.0 mg/m^2 (Phase I)	12	COMPONENT	ctg_results_bor_1999_2009	
COHORT	NCT00171834									0	OG002	Patupilone 8.5-9.5 mg/m^2 (Phase I)	12	COMPONENT	ctg_results_bor_1999_2009	
COHORT	NCT00171834									0	OG000	Patupilone ≤7.0 mg/m^2 (Phase I)	6	COMPONENT	ctg_results_bor_1999_2009	
COHORT	NCT00171834									4	OG000	Patupilone 10 mg/m^2 (Phase II) NSCLC Cohort	35	COMPONENT	ctg_results_bor_1999_2009	
COHORT	NCT00171834									6	OG000	Patupilone (EPO906) Phase I	50	POOLED_TOTAL	ctg_results_bor_1999_2009	
COHORT	NCT00171834									6	OG001	Patupilone (EPO906) Phase II	35	DUPLICATE_TITLE_VARIANT	ctg_results_bor_1999_2009	
TRIAL	NCT00462761	M1_POOLED_PLUS_COMPONENTS	YES	76	ACTUAL	13	152	76	76							the twelve OM3 dose-schedule groups (OG000-OG011) = 76 = registered enrollment
COHORT	NCT00462761									3	OG012	All Participants	76	POOLED_TOTAL	ctg_results_bor_1999_2009	
COHORT	NCT00462761									3	OG000	Quizartinib 12 mg ID	3	COMPONENT	ctg_results_bor_1999_2009	
COHORT	NCT00462761									3	OG006	Quizartinib 135 mg ID	5	COMPONENT	ctg_results_bor_1999_2009	
COHORT	NCT00462761									3	OG001	Quizartinib 18 mg ID	8	COMPONENT	ctg_results_bor_1999_2009	
COHORT	NCT00462761									3	OG010	Quizartinib 200 mg CD	17	COMPONENT	ctg_results_bor_1999_2009	
COHORT	NCT00462761									3	OG007	Quizartinib 200 mg ID	6	COMPONENT	ctg_results_bor_1999_2009	
COHORT	NCT00462761									3	OG002	Quizartinib 27 mg ID	6	COMPONENT	ctg_results_bor_1999_2009	
COHORT	NCT00462761									3	OG011	Quizartinib 300 mg CD	8	COMPONENT	ctg_results_bor_1999_2009	
COHORT	NCT00462761									3	OG008	Quizartinib 300 mg ID	4	COMPONENT	ctg_results_bor_1999_2009	
COHORT	NCT00462761									3	OG003	Quizartinib 40 mg ID	5	COMPONENT	ctg_results_bor_1999_2009	
COHORT	NCT00462761									3	OG009	Quizartinib 450 mg ID	6	COMPONENT	ctg_results_bor_1999_2009	
COHORT	NCT00462761									3	OG004	Quizartinib 60 mg ID	5	COMPONENT	ctg_results_bor_1999_2009	
COHORT	NCT00462761									3	OG005	Quizartinib 90 mg ID	3	COMPONENT	ctg_results_bor_1999_2009	
TRIAL	NCT00137449	M1_POOLED_PLUS_COMPONENTS	YES	60	ACTUAL	3	120	60	60							{OM2/OG000 AM 30; OM2/OG001 PM 30} = 60
COHORT	NCT00137449									2	OG000	AM Dose Sunitinib Malate	30	COMPONENT	ctg_results_bor_1999_2009	
COHORT	NCT00137449									2	OG001	PM Dose Sunitinib Malate	30	COMPONENT	ctg_results_bor_1999_2009	
COHORT	NCT00137449									2	OG002	Total (Equals AM Plus PM Dose) Sunitinib Malate	60	POOLED_TOTAL	ctg_results_bor_1999_2009	
TRIAL	NCT00371345	M1_POOLED_PLUS_COMPONENTS + M3_TITLE_VARIANT_DUPLICATE + M7_NON_COHORT_GROUPS	YES	92	ACTUAL	9	150	58	69							{OM0/OG000 15; OM0/OG001 9; OM0/OG002 31; OM0/OG003 14} = 69
COHORT	NCT00371345									0	OG003	ER and/or PgR Positive Tumor, 100 mg BID Dasatinib	14	COMPONENT	ctg_results_bor_1999_2009	
COHORT	NCT00371345									0	OG002	ER and/or PgR Positive Tumor, 70 mg BID Dasatinib	31	COMPONENT	ctg_results_bor_1999_2009	
COHORT	NCT00371345									0	OG001	Her2/Neu-amplified Tumor, 100 mg BID	9	COMPONENT	ctg_results_bor_1999_2009	
COHORT	NCT00371345									0	OG000	Her2/Neu-amplified Tumor, 70 mg Twice Daily (BID) Dasatinib	15	COMPONENT	ctg_results_bor_1999_2009	
COHORT	NCT00371345									1	OG004	All Response-evaluable Participants	69	POOLED_TOTAL	ctg_results_bor_1999_2009	
COHORT	NCT00371345									1	OG001	Her2/Neu-amplified Tumor, 100 mg BID Dasatinib	9	DUPLICATE_TITLE_VARIANT	ctg_results_bor_1999_2009	
COHORT	NCT00371345									7	OG001	Participant CA180088-16-88002, ER and/or PgR Group	1	SINGLE_PARTICIPANT	ctg_results_bor_1999_2009	
COHORT	NCT00371345									7	OG000	Participant CA180088-18-88009, HER-2 Group	1	SINGLE_PARTICIPANT	ctg_results_bor_1999_2009	
COHORT	NCT00371345									7	OG002	Participant CA180088-29-88085, ER and/or PgR Group	1	SINGLE_PARTICIPANT	ctg_results_bor_1999_2009	
TRIAL	NCT01088984	M1_POOLED_PLUS_COMPONENTS	YES	43	ACTUAL	3	86	43	43							{OM3/OG000 Phase 1 11; OM1/OG000 Phase 2 32} = 43 = registered enrollment
COHORT	NCT01088984									1	OG000	Phase 2: Bendamustine 120 mg/m^2	32	COMPONENT	ctg_results_bor_2010_2013	
COHORT	NCT01088984									3	OG000	Phase 1: Bendamustine 90 or 120 mg/m^2	11	COMPONENT	ctg_results_bor_2010_2013	
COHORT	NCT01088984									3	OG002	Total	43	POOLED_TOTAL	ctg_results_bor_2010_2013	
TRIAL	NCT00243074	M3_TITLE_VARIANT_DUPLICATE	YES	54	ACTUAL	2	94	40	47							{OM0/OG000 AZD2171 (Cediranib Maleate) 47} = 47
COHORT	NCT00243074									0	OG000	AZD2171 (Cediranib Maleate)	47	COMPONENT	ctg_results_bor_1999_2009	
COHORT	NCT00243074									3	OG000	AZD2171	47	DUPLICATE_TITLE_VARIANT	ctg_results_bor_1999_2009	
TRIAL	NCT00633594	M2_CROSS_AXIS_PARTITION	YES	39	ACTUAL	4	78	39	39							either axis alone: {OM2/OG000 13; OM2/OG001 26} = 39, or {OM3/OG000 10; OM3/OG001 29} = 39
COHORT	NCT00633594									2	OG000	Phase I Participants (10 mg/15 mg Lenalidomide)	13	AXIS1_KEEP	ctg_results_bor_1999_2009	
COHORT	NCT00633594									2	OG001	Phase II Participants (10 mg Lenalidomide)	26	AXIS1_KEEP	ctg_results_bor_1999_2009	
COHORT	NCT00633594									3	OG000	Previously Treated Participants	10	AXIS2_CROSS_AXIS	ctg_results_bor_1999_2009	
COHORT	NCT00633594									3	OG001	Previously Untreated Participants	29	AXIS2_CROSS_AXIS	ctg_results_bor_1999_2009	
TRIAL	NCT01227889	M5_SEQUENTIAL_REENTRY	YES	251	ACTUAL	3	287	36	250							{OM4/OG000 GSK2118436 150 mg BID 187; OM4/OG001 DTIC 1000 mg/m^2 in RP 63} = 250 (registered enrollment 251)
COHORT	NCT01227889									4	OG001	DTIC 1000 mg/m^2 in RP	63	COMPONENT	ctg_results_bor_2010_2013	
COHORT	NCT01227889									4	OG000	GSK2118436 150 mg BID	187	COMPONENT	ctg_results_bor_2010_2013	
COHORT	NCT01227889									8	OG000	GSK25118436 in Crossover Phase	37	SEQUENTIAL_REENTRY	ctg_results_bor_2010_2013	
TRIAL	NCT00400803	M7_NON_COHORT_GROUPS	YES	38	ACTUAL	4	70	32	35							{OM1/OG000 Intent To Treat - Lung Cancer Patients 35} = 35
COHORT	NCT00400803									1	OG000	Intent To Treat - Lung Cancer Patients	35	KEEP_ITT	ctg_results_bor_1999_2009	
COHORT	NCT00400803									1	OG001	Partial Response	19	OUTCOME_STRATUM	ctg_results_bor_1999_2009	
COHORT	NCT00400803									1	OG003	Progressive Disease	6	OUTCOME_STRATUM	ctg_results_bor_1999_2009	
COHORT	NCT00400803									1	OG002	Stable Disease	10	OUTCOME_STRATUM	ctg_results_bor_1999_2009	
TRIAL	NCT00606008	M1_POOLED_PLUS_COMPONENTS	YES	30	ACTUAL	3	60	30	30							{OM1/OG001 AA Cohort Patients 14; OM1/OG002 GB Cohort Patients 16} = 30 = registered enrollment
COHORT	NCT00606008									1	OG001	AA Cohort Patients	14	COMPONENT	ctg_results_bor_1999_2009	
COHORT	NCT00606008									1	OG002	GB Cohort Patients	16	COMPONENT	ctg_results_bor_1999_2009	
COHORT	NCT00606008									1	OG000	Sutent Treatment	30	POOLED_TOTAL	ctg_results_bor_1999_2009	
TRIAL	NCT01077518	M5_SEQUENTIAL_REENTRY	YES	346	ACTUAL	3	376	30	346							{OM2/OG000 Ofa+Benda (Arm A) 173; OM2/OG001 Benda (Arm B) 173} = 346 = registered enrollment
COHORT	NCT01077518									2	OG001	Benda (Arm B)	173	COMPONENT	ctg_results_bor_2010_2013	
COHORT	NCT01077518									2	OG000	Ofa + Benda (Arm A)	173	COMPONENT	ctg_results_bor_2010_2013	
COHORT	NCT01077518									23	OG000	Optional Ofa	30	SEQUENTIAL_REENTRY	ctg_results_bor_2010_2013	
TRIAL	NCT00623766	M3_TITLE_VARIANT_DUPLICATE	YES	99	ACTUAL	3	123	24	72							{OM0/OG000 corticosteroid-free 51; OM0/OG001 corticosteroid-dependent 21} = 72
COHORT	NCT00623766									0	OG001	Ipilimumab, 10 mg/kg IV, in Corticosteroid-dependent Patients	21	COMPONENT	ctg_results_bor_1999_2009	
COHORT	NCT00623766									0	OG000	Ipilimumab, 10 mg/kg IV, in Corticosteroid-free Patients	51	COMPONENT	ctg_results_bor_1999_2009	
COHORT	NCT00623766									1	OG000	Ipilimumab 10 mg/kg IV, in Corticosteroid-free Patients	51	DUPLICATE_TITLE_VARIANT	ctg_results_bor_1999_2009	
TRIAL	NCT01199055	M1_POOLED_PLUS_COMPONENTS	YES	16	ACTUAL	5	39	23	14							{OM4/OG000 0.25 mg Initial 3; OG001 0.50 mg Initial 3; OG002 0.50 mg Additional 8} = 14 (registered enrollment 16)
COHORT	NCT01199055									4	OG000	CS-7017 0.25 mg BID; Initial Portion	3	COMPONENT	ctg_results_bor_2010_2013	
COHORT	NCT01199055									4	OG002	CS-7017 0.50 mg BID; Additional Portion	8	COMPONENT	ctg_results_bor_2010_2013	
COHORT	NCT01199055									4	OG001	CS-7017 0.50 mg BID; Initial Portion	3	COMPONENT	ctg_results_bor_2010_2013	
COHORT	NCT01199055									4	OG003	CS71017 0.5 mg BID; Initial and Additional Portion	11	POOLED_TOTAL	ctg_results_bor_2010_2013	
COHORT	NCT01199055									4	OG004	Overall	14	POOLED_TOTAL	ctg_results_bor_2010_2013	
TRIAL	NCT01055067	M8_ANALYSIS_POPULATION_NESTING	YES	27	ACTUAL	2	48	21	27							{OM0/OG001 Total 27} = 27 = registered enrollment
COHORT	NCT01055067									0	OG000	Stage 1: ARQ 197 360 mg BID	21	NESTED_SUBSET	ctg_results_bor_2010_2013	
COHORT	NCT01055067									0	OG001	Total	27	KEEP_ITT	ctg_results_bor_2010_2013	
TRIAL	NCT01199068	M1_POOLED_PLUS_COMPONENTS	YES	15	ACTUAL	5	34	19	12							{OM4/OG000 0.25 mg Initial 2; OG003 0.50 mg Initial 3; OG002 0.50 mg Additional 7} = 12 (registered enrollment 15)
COHORT	NCT01199068									4	OG000	CS-7017 0.25 mg BID; Initial Portion	2	COMPONENT	ctg_results_bor_2010_2013	
COHORT	NCT01199068									4	OG002	CS-7017 0.50 mg BID; Additional Portion	7	COMPONENT	ctg_results_bor_2010_2013	
COHORT	NCT01199068									4	OG003	CS-7017 0.50 mg BID; Initial + Additional Portions	10	POOLED_TOTAL	ctg_results_bor_2010_2013	
COHORT	NCT01199068									4	OG001	CS-7017 0.50 mg BID; Initial Portion	3	COMPONENT	ctg_results_bor_2010_2013	
COHORT	NCT01199068									4	OG004	Overall	12	POOLED_TOTAL	ctg_results_bor_2010_2013	
TRIAL	NCT00598975	M1_POOLED_PLUS_COMPONENTS	YES	18	ACTUAL	3	36	18	18							{OM2/OG000 12; OM2/OG001 6} = 18 = registered enrollment
COHORT	NCT00598975									2	OG000	NKTR-102 100 mg/m2 + Cetuximab	12	COMPONENT	ctg_results_bor_1999_2009	
COHORT	NCT00598975									2	OG001	NKTR-102 125 mg/m2 + Cetuximab	6	COMPONENT	ctg_results_bor_1999_2009	
COHORT	NCT00598975									2	OG002	Total	18	POOLED_TOTAL	ctg_results_bor_1999_2009	
TRIAL	NCT00792467	M8_ANALYSIS_POPULATION_NESTING	YES	24	ACTUAL	2	40	16	24							{OM0/OG000 ITT Population 24} = 24 = registered enrollment
COHORT	NCT00792467									0	OG000	ITT Population	24	KEEP_ITT	ctg_results_bor_1999_2009	
COHORT	NCT00792467									0	OG001	PP Population	16	NESTED_SUBSET	ctg_results_bor_1999_2009	
TRIAL	NCT00918203	M5_SEQUENTIAL_REENTRY	YES	137	ACTUAL	3	148	11	131							{OM4/OG000 Olaratumab+P+C 67; OM4/OG001 Paclitaxel+Carboplatin 64} = 131 (registered enrollment 137)
COHORT	NCT00918203									4	OG002	Crossover to Olaratumab	17	SEQUENTIAL_REENTRY	ctg_results_bor_2010_2013	
COHORT	NCT00918203									4	OG000	Olaratumab + Paclitaxel + Carboplatin	67	COMPONENT	ctg_results_bor_2010_2013	
COHORT	NCT00918203									4	OG001	Paclitaxel + Carboplatin	64	COMPONENT	ctg_results_bor_2010_2013	
TRIAL	NCT00700258	M5_SEQUENTIAL_REENTRY	UNRESOLVED	1520	ACTUAL	5	1528	8	UNRESOLVED							partially: {OM2/OG000 mRCC-Temsirolimus 577; OM2/OG003 MCL-Temsirolimus 55; OM2/OG004 GIST-Sunitinib 24} are disjoint; the mRCC-Sunitinib 651 and mRCC-Axitinib 221 groups overlap by an amount the record does not state
COHORT	NCT00700258									2	OG004	GIST - Sunitinib	24	COMPONENT	ctg_results_bor_1999_2009	
COHORT	NCT00700258									2	OG003	MCL - Temsirolimus	55	COMPONENT	ctg_results_bor_1999_2009	
COHORT	NCT00700258									2	OG002	mRCC - Axitinib	221	UNRESOLVED_PART	ctg_results_bor_1999_2009	
COHORT	NCT00700258									2	OG001	mRCC - Sunitinib	651	UNRESOLVED_PART	ctg_results_bor_1999_2009	
COHORT	NCT00700258									2	OG000	mRCC - Temsirolimus	577	COMPONENT	ctg_results_bor_1999_2009	
TRIAL	NCT00756509	M6_REGISTRY_INCONSISTENCY	NO	34	ACTUAL	1	41	7	41							not applicable - only ONE cohort is selected, so no overlap is possible
COHORT	NCT00756509									0	OG000	Nilotinib	41	STANDALONE_EXCEEDS_ENROLLMENT	ctg_results_bor_1999_2009	
TRIAL	NCT00885755	M8_ANALYSIS_POPULATION_NESTING + M3_TITLE_VARIANT_DUPLICATE	YES	33	ACTUAL	2	39	6	20							{OM9/OG000 Group A ... 20} = 20 (registered enrollment 33)
COHORT	NCT00885755									9	OG000	Group A: Trastuzumab+Taxane /Capcetabine (6 Weeks)	20	KEEP_ITT	ctg_results_bor_1999_2009	
COHORT	NCT00885755									11	OG000	Group A: Trastuzumab+Taxane /Capecitabine (6 Weeks)	19	NESTED_SUBSET	ctg_results_bor_1999_2009	
TRIAL	NCT00928642	M3_TITLE_VARIANT_DUPLICATE	YES	8	ACTUAL	2	14	6	7							{OM2/OG000 Oral Imatinib Plus IV Gemcitabine 7} = 7 (registered enrollment 8)
COHORT	NCT00928642									2	OG000	Oral Imatinib Plus IV Gemcitabine	7	COMPONENT	ctg_results_bor_1999_2009	
COHORT	NCT00928642									4	OG000	Treatment	7	DUPLICATE_TITLE_VARIANT	ctg_results_bor_1999_2009	
TRIAL	NCT01223027	M6_REGISTRY_INCONSISTENCY	NO	564	ACTUAL	2	570	6	570							the two OM3 arms are disjoint by design; 284+286=570 vs registered enrollment 564
COHORT	NCT01223027									3	OG000	Dovitinib + Best Supportive Care (BSC)	284	COMPONENT	ctg_results_bor_2010_2013	
COHORT	NCT01223027									3	OG001	Sorafenib + BSC	286	COMPONENT	ctg_results_bor_2010_2013	
TRIAL	NCT01232296	M6_REGISTRY_INCONSISTENCY	NO	162	ACTUAL	2	165	3	165							the two OM2 arms are disjoint by design; 82+83=165 vs registered enrollment 162
COHORT	NCT01232296									2	OG001	Sorafenib	83	COMPONENT	ctg_results_bor_2010_2013	
COHORT	NCT01232296									2	OG000	TKI258	82	COMPONENT	ctg_results_bor_2010_2013	
TRIAL	NCT00229723	M6_REGISTRY_INCONSISTENCY	NO	224	ACTUAL	7	226	2	226							all seven OM0 groups are disjoint by design; their sum 226 already exceeds registered enrollment 224
COHORT	NCT00229723									0	OG003	250mg/250mg	31	COMPONENT	ctg_placebo_onc_1999_2009	
COHORT	NCT00229723									0	OG001	250mg/Placebo	24	COMPONENT	ctg_placebo_onc_1999_2009	
COHORT	NCT00229723									0	OG004	500mg/500mg	24	COMPONENT	ctg_placebo_onc_1999_2009	
COHORT	NCT00229723									0	OG002	500mg/Placebo	31	COMPONENT	ctg_placebo_onc_1999_2009	
COHORT	NCT00229723									0	OG005	Placebo/250mg	34	COMPONENT	ctg_placebo_onc_1999_2009	
COHORT	NCT00229723									0	OG006	Placebo/500mg	22	COMPONENT	ctg_placebo_onc_1999_2009	
COHORT	NCT00229723									0	OG000	Placebo/Placebo	60	COMPONENT	ctg_placebo_onc_1999_2009	
TRIAL	NCT01023308	M6_REGISTRY_INCONSISTENCY	NO	767	ACTUAL	2	768	1	768							the two OM4 arms are disjoint by design; 387+381=768 vs registered enrollment 767
COHORT	NCT01023308									4	OG000	Panobinostat + Bortezomib	387	COMPONENT	ctg_placebo_onc_1999_2009|ctg_results_bor_1999_2009	
COHORT	NCT01023308									4	OG001	Placebo + Bortezomib	381	COMPONENT	ctg_placebo_onc_1999_2009|ctg_results_bor_1999_2009	
