GSM	title	sample_label	specimen_string_from_title	date_string_from_title	group_from_characteristics	characteristics	platform	BioSample	SRA_relation	ENA_runs	ENA_layout	ENA_instrument	processed_RNA_URL
GSM5429866	20190408_MLPS003_RNA_primary_45283-8_S2_R1_001	MLPS003	45283-8	20190408	MLS	cell line: MLPS Primary Tumor; experimental condition: genotype: FUS-DDIT3 fusion primary tumor; chip antibody: N/A	GPL18573	BioSample: https://www.ncbi.nlm.nih.gov/biosample/SAMN20118041	SRA: https://www.ncbi.nlm.nih.gov/sra?term=SRX11379575	SRR15069502	SINGLE	NextSeq 500	ftp://ftp.ncbi.nlm.nih.gov/geo/samples/GSM5429nnn/GSM5429866/suppl/GSM5429866_20190408_MLPS003_RNA_primary_45283-8.ReadsPerGene.out.tab.gz
GSM5429867	20190408_MLPS007_RNA_primary_904851-7_S3_R1_001	MLPS007	904851-7	20190408	MLS	cell line: MLPS Primary Tumor; experimental condition: genotype: FUS-DDIT3 fusion primary tumor; chip antibody: N/A	GPL18573	BioSample: https://www.ncbi.nlm.nih.gov/biosample/SAMN20118040	SRA: https://www.ncbi.nlm.nih.gov/sra?term=SRX11379576	SRR15069503	SINGLE	NextSeq 500	ftp://ftp.ncbi.nlm.nih.gov/geo/samples/GSM5429nnn/GSM5429867/suppl/GSM5429867_20190408_MLPS007_RNA_primary_904851-7.ReadsPerGene.out.tab.gz
GSM5429868	20190408_MLPS009_RNA_primary_947186-4_S5_R1_001	MLPS009	947186-4	20190408	MLS	cell line: MLPS Primary Tumor; experimental condition: genotype: FUS-DDIT3 fusion primary tumor; chip antibody: N/A	GPL18573	BioSample: https://www.ncbi.nlm.nih.gov/biosample/SAMN20118039	SRA: https://www.ncbi.nlm.nih.gov/sra?term=SRX11379577	SRR15069504	SINGLE	NextSeq 500	ftp://ftp.ncbi.nlm.nih.gov/geo/samples/GSM5429nnn/GSM5429868/suppl/GSM5429868_20190408_MLPS009_RNA_primary_947186-4.ReadsPerGene.out.tab.gz
GSM5429869	20190408_MLPS012_RNA_primary_768695-1_S6_R1_001	MLPS012	768695-1	20190408	MLS	cell line: MLPS Primary Tumor; experimental condition: genotype: FUS-DDIT3 fusion primary tumor; chip antibody: N/A	GPL18573	BioSample: https://www.ncbi.nlm.nih.gov/biosample/SAMN20118033	SRA: https://www.ncbi.nlm.nih.gov/sra?term=SRX11379578	SRR15069505	SINGLE	NextSeq 500	ftp://ftp.ncbi.nlm.nih.gov/geo/samples/GSM5429nnn/GSM5429869/suppl/GSM5429869_20190408_MLPS012_RNA_primary_768695-1.ReadsPerGene.out.tab.gz
GSM5429870	20190408_MLPS014_RNA_primary_641607-4_S7_R1_001	MLPS014	641607-4	20190408	MLS	cell line: MLPS Primary Tumor; experimental condition: genotype: FUS-DDIT3 fusion primary tumor; chip antibody: N/A	GPL18573	BioSample: https://www.ncbi.nlm.nih.gov/biosample/SAMN20118032	SRA: https://www.ncbi.nlm.nih.gov/sra?term=SRX11379579	SRR15069506	SINGLE	NextSeq 500	ftp://ftp.ncbi.nlm.nih.gov/geo/samples/GSM5429nnn/GSM5429870/suppl/GSM5429870_20190408_MLPS014_RNA_primary_641607-4.ReadsPerGene.out.tab.gz
GSM5429871	20190408_MLPS015_RNA_primary_644582-2_S8_R1_001	MLPS015	644582-2	20190408	MLS	cell line: MLPS Primary Tumor; experimental condition: genotype: FUS-DDIT3 fusion primary tumor; chip antibody: N/A	GPL18573	BioSample: https://www.ncbi.nlm.nih.gov/biosample/SAMN20118031	SRA: https://www.ncbi.nlm.nih.gov/sra?term=SRX11379580	SRR15069507	SINGLE	NextSeq 500	ftp://ftp.ncbi.nlm.nih.gov/geo/samples/GSM5429nnn/GSM5429871/suppl/GSM5429871_20190408_MLPS015_RNA_primary_644582-2.ReadsPerGene.out.tab.gz
GSM5429872	20190408_MLPS016_RNA_primary_863419-8_S9_R1_001	MLPS016	863419-8	20190408	MLS	cell line: MLPS Primary Tumor; experimental condition: genotype: FUS-DDIT3 fusion primary tumor; chip antibody: N/A	GPL18573	BioSample: https://www.ncbi.nlm.nih.gov/biosample/SAMN20118030	SRA: https://www.ncbi.nlm.nih.gov/sra?term=SRX11379581	SRR15069508	SINGLE	NextSeq 500	ftp://ftp.ncbi.nlm.nih.gov/geo/samples/GSM5429nnn/GSM5429872/suppl/GSM5429872_20190408_MLPS016_RNA_primary_863419-8.ReadsPerGene.out.tab.gz
GSM5429873	20190408_MLPS017_RNA_primary_1002476-4_S10_R1_001	MLPS017	1002476-4	20190408	MLS	cell line: MLPS Primary Tumor; experimental condition: genotype: FUS-DDIT3 fusion primary tumor; chip antibody: N/A	GPL18573	BioSample: https://www.ncbi.nlm.nih.gov/biosample/SAMN20118029	SRA: https://www.ncbi.nlm.nih.gov/sra?term=SRX11379582	SRR15069509	SINGLE	NextSeq 500	ftp://ftp.ncbi.nlm.nih.gov/geo/samples/GSM5429nnn/GSM5429873/suppl/GSM5429873_20190408_MLPS017_RNA_primary_1002476-4.ReadsPerGene.out.tab.gz
GSM5429874	20190408_MLPS018_RNA_primary_1171931-13_S11_R1_001	MLPS018	1171931-13	20190408	MLS	cell line: MLPS Primary Tumor; experimental condition: genotype: FUS-DDIT3 fusion primary tumor; chip antibody: N/A	GPL18573	BioSample: https://www.ncbi.nlm.nih.gov/biosample/SAMN20118028	SRA: https://www.ncbi.nlm.nih.gov/sra?term=SRX11379583	SRR15069510	SINGLE	NextSeq 500	ftp://ftp.ncbi.nlm.nih.gov/geo/samples/GSM5429nnn/GSM5429874/suppl/GSM5429874_20190408_MLPS018_RNA_primary_1171931-13.ReadsPerGene.out.tab.gz
GSM5429875	20190408_MLPS020_RNA_primary_950405-11_S12_R1_001	MLPS020	950405-11	20190408	MLS	cell line: MLPS Primary Tumor; experimental condition: genotype: FUS-DDIT3 fusion primary tumor; chip antibody: N/A	GPL18573	BioSample: https://www.ncbi.nlm.nih.gov/biosample/SAMN20118027	SRA: https://www.ncbi.nlm.nih.gov/sra?term=SRX11379584	SRR15069511	SINGLE	NextSeq 500	ftp://ftp.ncbi.nlm.nih.gov/geo/samples/GSM5429nnn/GSM5429875/suppl/GSM5429875_20190408_MLPS020_RNA_primary_950405-11.ReadsPerGene.out.tab.gz
GSM5429876	20190408_MLPS001_RNA_primary_134580-8	MLPS001	134580-8	20190408	MLS	cell line: MLPS Primary Tumor; experimental condition: genotype: FUS-DDIT3 fusion primary tumor; chip antibody: N/A	GPL18573	BioSample: https://www.ncbi.nlm.nih.gov/biosample/SAMN20118026	SRA: https://www.ncbi.nlm.nih.gov/sra?term=SRX11379585	SRR15069512	SINGLE	NextSeq 500	ftp://ftp.ncbi.nlm.nih.gov/geo/samples/GSM5429nnn/GSM5429876/suppl/GSM5429876_20190408_MLPS001_RNA_primary_134580-8.ReadsPerGene.out.tab.gz
GSM5429877	20190408_MLPS008_RNA_primary_532293-3	MLPS008	532293-3	20190408	MLS	cell line: MLPS Primary Tumor; experimental condition: genotype: FUS-DDIT3 fusion primary tumor; chip antibody: N/A	GPL18573	BioSample: https://www.ncbi.nlm.nih.gov/biosample/SAMN20118025	SRA: https://www.ncbi.nlm.nih.gov/sra?term=SRX11379586	SRR15069513	SINGLE	NextSeq 500	ftp://ftp.ncbi.nlm.nih.gov/geo/samples/GSM5429nnn/GSM5429877/suppl/GSM5429877_20190408_MLPS008_RNA_primary_532293-3.ReadsPerGene.out.tab.gz
GSM5429902	20190920_ES002_RNA_primary_164216_3_S2_R1_001	ES002	164216_3	20190920	Ewing	cell line: ES Primary Tumor; experimental condition: genotype: EWS-FLI1 fusion primary tumor; chip antibody: N/A	GPL18573	BioSample: https://www.ncbi.nlm.nih.gov/biosample/SAMN20118486	SRA: https://www.ncbi.nlm.nih.gov/sra?term=SRX11379611	SRR15069538	SINGLE	NextSeq 500	ftp://ftp.ncbi.nlm.nih.gov/geo/samples/GSM5429nnn/GSM5429902/suppl/GSM5429902_20190920_ES002_RNA_primary_164216_3.ReadsPerGene.out.tab.gz
GSM5429903	20190920_ES003_RNA_primary_170347_10_S3_R1_001	ES003	170347_10	20190920	Ewing	cell line: ES Primary Tumor; experimental condition: genotype: EWS-FLI1 fusion primary tumor; chip antibody: N/A	GPL18573	BioSample: https://www.ncbi.nlm.nih.gov/biosample/SAMN20118485	SRA: https://www.ncbi.nlm.nih.gov/sra?term=SRX11379612	SRR15069539	SINGLE	NextSeq 500	ftp://ftp.ncbi.nlm.nih.gov/geo/samples/GSM5429nnn/GSM5429903/suppl/GSM5429903_20190920_ES003_RNA_primary_170347_10.ReadsPerGene.out.tab.gz
GSM5429904	20190920_ES004_RNA_primary_249497_6_S4_R1_001	ES004	249497_6	20190920	Ewing	cell line: ES Primary Tumor; experimental condition: genotype: EWS-FLI1 fusion primary tumor; chip antibody: N/A	GPL18573	BioSample: https://www.ncbi.nlm.nih.gov/biosample/SAMN20118484	SRA: https://www.ncbi.nlm.nih.gov/sra?term=SRX11379613	SRR15069540	SINGLE	NextSeq 500	ftp://ftp.ncbi.nlm.nih.gov/geo/samples/GSM5429nnn/GSM5429904/suppl/GSM5429904_20190920_ES004_RNA_primary_249497_6.ReadsPerGene.out.tab.gz
GSM5429905	20190920_ES005_RNA_primary_289110_3_S5_R1_001	ES005	289110_3	20190920	Ewing	cell line: ES Primary Tumor; experimental condition: genotype: EWS-FLI1 fusion primary tumor; chip antibody: N/A	GPL18573	BioSample: https://www.ncbi.nlm.nih.gov/biosample/SAMN20118483	SRA: https://www.ncbi.nlm.nih.gov/sra?term=SRX11379614	SRR15069541	SINGLE	NextSeq 500	ftp://ftp.ncbi.nlm.nih.gov/geo/samples/GSM5429nnn/GSM5429905/suppl/GSM5429905_20190920_ES005_RNA_primary_289110_3.ReadsPerGene.out.tab.gz
GSM5429906	20190920_ES006_RNA_primary_340291_1_S6_R1_001	ES006	340291_1	20190920	Ewing	cell line: ES Primary Tumor; experimental condition: genotype: EWS-FLI1 fusion primary tumor; chip antibody: N/A	GPL18573	BioSample: https://www.ncbi.nlm.nih.gov/biosample/SAMN20118482	SRA: https://www.ncbi.nlm.nih.gov/sra?term=SRX11379615	SRR15069542	SINGLE	NextSeq 500	ftp://ftp.ncbi.nlm.nih.gov/geo/samples/GSM5429nnn/GSM5429906/suppl/GSM5429906_20190920_ES006_RNA_primary_340291_1.ReadsPerGene.out.tab.gz
GSM5429907	20190920_ES007_RNA_primary_530104_6_S7_R1_001	ES007	530104_6	20190920	Ewing	cell line: ES Primary Tumor; experimental condition: genotype: EWS-FLI1 fusion primary tumor; chip antibody: N/A	GPL18573	BioSample: https://www.ncbi.nlm.nih.gov/biosample/SAMN20118481	SRA: https://www.ncbi.nlm.nih.gov/sra?term=SRX11379616	SRR15069543	SINGLE	NextSeq 500	ftp://ftp.ncbi.nlm.nih.gov/geo/samples/GSM5429nnn/GSM5429907/suppl/GSM5429907_20190920_ES007_RNA_primary_530104_6.ReadsPerGene.out.tab.gz
GSM5429908	20190920_ES008_RNA_primary_664714_1_3_S8_R1_001	ES008	664714_1_3	20190920	Ewing	cell line: ES Primary Tumor; experimental condition: genotype: EWS-FLI1 fusion primary tumor; chip antibody: N/A	GPL18573	BioSample: https://www.ncbi.nlm.nih.gov/biosample/SAMN20118480	SRA: https://www.ncbi.nlm.nih.gov/sra?term=SRX11379617	SRR15069544	SINGLE	NextSeq 500	ftp://ftp.ncbi.nlm.nih.gov/geo/samples/GSM5429nnn/GSM5429908/suppl/GSM5429908_20190920_ES008_RNA_primary_664714_1_3.ReadsPerGene.out.tab.gz
GSM5429909	20190920_ES011_RNA_primary_360114_2_S11_R1_001	ES011	360114_2	20190920	Ewing	cell line: ES Primary Tumor; experimental condition: genotype: EWS-FLI1 fusion primary tumor; chip antibody: N/A	GPL18573	BioSample: https://www.ncbi.nlm.nih.gov/biosample/SAMN20118479	SRA: https://www.ncbi.nlm.nih.gov/sra?term=SRX11379618	SRR15069545	SINGLE	NextSeq 500	ftp://ftp.ncbi.nlm.nih.gov/geo/samples/GSM5429nnn/GSM5429909/suppl/GSM5429909_20190920_ES011_RNA_primary_360114_2.ReadsPerGene.out.tab.gz
GSM5429910	20190920_ES012_RNA_primary_807460_3_S12_R1_001	ES012	807460_3	20190920	Ewing	cell line: ES Primary Tumor; experimental condition: genotype: EWS-FLI1 fusion primary tumor; chip antibody: N/A	GPL18573	BioSample: https://www.ncbi.nlm.nih.gov/biosample/SAMN20118478	SRA: https://www.ncbi.nlm.nih.gov/sra?term=SRX11379619	SRR15069546	SINGLE	NextSeq 500	ftp://ftp.ncbi.nlm.nih.gov/geo/samples/GSM5429nnn/GSM5429910/suppl/GSM5429910_20190920_ES012_RNA_primary_807460_3.ReadsPerGene.out.tab.gz
GSM5429911	20190920_ES013_RNA_primary_844374_4_S13_R1_001	ES013	844374_4	20190920	Ewing	cell line: ES Primary Tumor; experimental condition: genotype: EWS-FLI1 fusion primary tumor; chip antibody: N/A	GPL18573	BioSample: https://www.ncbi.nlm.nih.gov/biosample/SAMN20118477	SRA: https://www.ncbi.nlm.nih.gov/sra?term=SRX11379620	SRR15069547	SINGLE	NextSeq 500	ftp://ftp.ncbi.nlm.nih.gov/geo/samples/GSM5429nnn/GSM5429911/suppl/GSM5429911_20190920_ES013_RNA_primary_844374_4.ReadsPerGene.out.tab.gz
