run_accession	sample_accession	sample_title	study_accession	library_strategy	instrument_model	library_layout
SRR15069411	SAMN20118431	20201216_HJZ064_3AA3_shSCR_ChIP_155_S8_R1_001	PRJNA744758	ChIP-Seq	NextSeq 500	SINGLE
SRR15069421	SAMN20118122	20201217_HJZ074_1BD5_shSCR_ChIP_155_S9_R1_001	PRJNA744758	ChIP-Seq	NextSeq 500	SINGLE
SRR15069424	SAMN20118119	20201217_HJZ077_1BD5_shSCR_ChIP_H3K27ac_S12_R1_001	PRJNA744758	ChIP-Seq	NextSeq 500	SINGLE
SRR15069431	SAMN20118112	20180801_HJZ002_ChIP_MLS1765_shSCR_0706_S8_R1_001	PRJNA744758	ChIP-Seq	NextSeq 500	SINGLE
SRR15069435	SAMN20118108	20180926_HJZ006_INPUT_MLS1765_shDDIT3_0706_S1_R1_001	PRJNA744758	ChIP-Seq	NextSeq 500	SINGLE
SRR15069449	SAMN20118054	20190311_HJZ023_ChIPH3K27ac_MLS1765_shDDIT3_0208_S12_R1_001	PRJNA744758	ChIP-Seq	NextSeq 500	SINGLE
SRR15069451	SAMN20118052	20200728_HJZ048_402_shSCR_D14_ChIP_155_S10_R1_001	PRJNA744758	ChIP-Seq	NextSeq 500	SINGLE
SRR15069452	SAMN20118051	20200728_HJZ049_402_shDDIT3_D14_INPUT_S11_R1_001	PRJNA744758	ChIP-Seq	NextSeq 500	SINGLE
SRR15069460	SAMN20118438	20181015_HJZ012_ATAC_MLS1765_shSCR_0706	PRJNA744758	ATAC-seq	NextSeq 500	PAIRED
SRR15069463	SAMN20118435	20181015_HJZ016_ATAC_MLS1765_shDDIT3_0720	PRJNA744758	ATAC-seq	NextSeq 500	PAIRED
SRR15069474	SAMN20118090	20210106_HJZ081_RNA_1BD5_shDDIT3_techrep1_S3_R1_001	PRJNA744758	RNA-Seq	NextSeq 500	SINGLE
SRR15069487	SAMN20118007	20210322_HJZ094_RNA_hTERT_MSC_CMP12_adipo_techrep1_S8_R1_001	PRJNA744758	RNA-Seq	NextSeq 500	SINGLE
SRR15069488	SAMN20118006	20210322_HJZ095_RNA_AD_MSC_DMSO_base_techrep1_S9_R1_001	PRJNA744758	RNA-Seq	NextSeq 500	SINGLE
SRR15069496	SAMN20118038	20200813_HJZ056_RNA_1765_shSCR_D14_rep1_S13_R1_001	PRJNA744758	RNA-Seq	NextSeq 500	SINGLE
SRR15069501	SAMN20118042	20200813_HJZ053_RNA_402_shDDIT3_D7_S10_R1_001	PRJNA744758	RNA-Seq	NextSeq 500	SINGLE
SRR15069506	SAMN20118032	20190408_MLPS014_RNA_primary_641607-4_S7_R1_001	PRJNA744758	RNA-Seq	NextSeq 500	SINGLE
SRR15069510	SAMN20118028	20190408_MLPS018_RNA_primary_1171931-13_S11_R1_001	PRJNA744758	RNA-Seq	NextSeq 500	SINGLE
SRR15069520	SAMN20118018	20210309_HJZCR091_CandR_hTERT_MSC_CMP12_base_BRG1_S6_aligned_reads	PRJNA744758	OTHER	NextSeq 500	PAIRED
SRR15069521	SAMN20118017	20210309_HJZCR092_CandR_hTERT_MSC_CMP12_base_CEBPB_S7_aligned_reads	PRJNA744758	OTHER	NextSeq 500	PAIRED
SRR15069525	SAMN20118105	20210309_HJZCR096_CandR_hTERT_MSC_CMP12_StemProAdipogenesis_24hr_H3K27ac_S11_aligned_reads	PRJNA744758	OTHER	NextSeq 500	PAIRED
SRR15069533	SAMN20118491	20210309_HJZCR104_CandR_AD_MSC_CMP12_base_CEBPB_S19_aligned_reads	PRJNA744758	OTHER	NextSeq 500	PAIRED
SRR15069534	SAMN20118490	20210309_HJZCR105_CandR_AD_MSC_CMP12_base_H3K27ac_S2_aligned_reads	PRJNA744758	OTHER	NextSeq 500	PAIRED
SRR15069535	SAMN20118489	20210309_HJZCR106_CandR_AD_MSC_CMP12_StemProAdipogenesis_24hr_BRG1_S20_aligned_reads	PRJNA744758	OTHER	NextSeq 500	PAIRED
SRR15069539	SAMN20118485	20190920_ES003_RNA_primary_170347_10_S3_R1_001	PRJNA744758	RNA-Seq	NextSeq 500	SINGLE
SRR15069546	SAMN20118478	20190920_ES012_RNA_primary_807460_3_S12_R1_001	PRJNA744758	RNA-Seq	NextSeq 500	SINGLE
SRR15069417	SAMN20118126	20201216_HJZ070_3AA3_shDDIT3_ChIP_DDIT3_S14_R1_001	PRJNA744758	ChIP-Seq	NextSeq 500	SINGLE
SRR15069428	SAMN20118115	20201217_HJZ081_1BD5_shDDIT3_ChIP_CEBPB_S16_R1_001	PRJNA744758	ChIP-Seq	NextSeq 500	SINGLE
SRR15069432	SAMN20118111	20180801_HJZ003_ChIP_MLS1765_shDDIT3_0706_S9_R1_001	PRJNA744758	ChIP-Seq	NextSeq 500	SINGLE
SRR15069444	SAMN20118059	20190311_HJZ018_ChIP155_MLS1765_shDDIT3_0706_S7_R1_001	PRJNA744758	ChIP-Seq	NextSeq 500	SINGLE
SRR15069447	SAMN20118056	20190311_HJZ021_ChIP155_MLS1765_shDDIT3_0208_S10_R1_001	PRJNA744758	ChIP-Seq	NextSeq 500	SINGLE
SRR15069456	SAMN20118047	20210209_HJZ020_ATAC_1BD5_shSCR	PRJNA744758	ATAC-seq	NextSeq 500	PAIRED
SRR15069464	SAMN20118434	20210317_HJZ025_ATAC_hTERT_MSC_DMSO_base	PRJNA744758	ATAC-seq	NextSeq 500	PAIRED
SRR15069466	SAMN20118088	20210317_HJZ027_ATAC_hTERT_MSC_CMP12_base	PRJNA744758	ATAC-seq	NextSeq 500	PAIRED
SRR15069471	SAMN20118093	20210318_HJZ033_ATAC_AD_MSC_CMP12_StemProAdipogenesis_24hr	PRJNA744758	ATAC-seq	NextSeq 500	PAIRED
SRR15069476	SAMN20118084	20210106_HJZ083_RNA_3AA3_shSCR_techrep1_S5_R1_001	PRJNA744758	RNA-Seq	NextSeq 500	SINGLE
SRR15069482	SAMN20118012	20210322_HJZ089_RNA_hTERT_MSC_DMSO_adipo_techrep1_S3_R1_001	PRJNA744758	RNA-Seq	NextSeq 500	SINGLE
SRR15069483	SAMN20118011	20210322_HJZ090_RNA_hTERT_MSC_DMSO_adipo_techrep2_S4_R1_001	PRJNA744758	RNA-Seq	NextSeq 500	SINGLE
SRR15069485	SAMN20118009	20210322_HJZ092_RNA_hTERT_MSC_CMP12_base_techrep2_S6_R1_001	PRJNA744758	RNA-Seq	NextSeq 500	SINGLE
SRR15069493	SAMN20118096	20210322_HJZ100_RNA_AD_MSC_CMP12_base_techrep2_S14_R1_001	PRJNA744758	RNA-Seq	NextSeq 500	SINGLE
SRR15069504	SAMN20118039	20190408_MLPS009_RNA_primary_947186-4_S5_R1_001	PRJNA744758	RNA-Seq	NextSeq 500	SINGLE
SRR15069511	SAMN20118027	20190408_MLPS020_RNA_primary_950405-11_S12_R1_001	PRJNA744758	RNA-Seq	NextSeq 500	SINGLE
SRR15069514	SAMN20118024	20210309_HJZCR085_CandR_hTERT_MSC_DMSO_base_BRG1_S1_aligned_reads	PRJNA744758	RNA-Seq	NextSeq 500	PAIRED
SRR15069524	SAMN20118106	20210309_HJZCR095_CandR_hTERT_MSC_CMP12_StemProAdipogenesis_24hr_CEBPB_S10_aligned_reads	PRJNA744758	OTHER	NextSeq 500	PAIRED
SRR15069530	SAMN20118015	20210309_HJZCR101_CandR_AD_MSC_DMSO_StemProAdipogenesis_24hr_CEBPB_S16_aligned_reads	PRJNA744758	OTHER	NextSeq 500	PAIRED
SRR15069410	SAMN20118432	20201216_HJZ063_3AA3_shSCR_INPUT_S7_R1_001	PRJNA744758	ChIP-Seq	NextSeq 500	SINGLE
SRR15069413	SAMN20118429	20201216_HJZ066_3AA3_shSCR_ChIP_CEBPB_S10_R1_001	PRJNA744758	ChIP-Seq	NextSeq 500	SINGLE
SRR15069416	SAMN20118127	20201216_HJZ069_3AA3_shDDIT3_ChIP_155_S13_R1_001	PRJNA744758	ChIP-Seq	NextSeq 500	SINGLE
SRR15069419	SAMN20118124	20201216_HJZ072_3AA3_shDDIT3_ChIP_H3K27ac_S16_R1_001	PRJNA744758	ChIP-Seq	NextSeq 500	SINGLE
SRR15069422	SAMN20118121	20201217_HJZ075_1BD5_shSCR_ChIP_DDIT3_S10_R1_001	PRJNA744758	ChIP-Seq	NextSeq 500	SINGLE
SRR15069423	SAMN20118120	20201217_HJZ076_1BD5_shSCR_ChIP_CEBPB_S11_R1_001	PRJNA744758	ChIP-Seq	NextSeq 500	SINGLE
SRR15069427	SAMN20118116	20201217_HJZ080_1BD5_shDDIT3_ChIP_DDIT3_S15_R1_001	PRJNA744758	ChIP-Seq	NextSeq 500	SINGLE
SRR15069434	SAMN20118109	20180801_HJZ005_ChIP_MLS1765_shDDIT3_0720_S11_R1_001	PRJNA744758	ChIP-Seq	NextSeq 500	SINGLE
SRR15069442	SAMN20118061	20190311_HJZ016_ChIPCEBPB_MLS1765_shSCR_0208_S5_R1_001	PRJNA744758	ChIP-Seq	NextSeq 500	SINGLE
SRR15069454	SAMN20118049	20200729_HJZ061_402_shSCR_D14_CEBPB_S11_R1_001	PRJNA744758	ChIP-Seq	NextSeq 500	SINGLE
SRR15069467	SAMN20118087	20210317_HJZ028_ATAC_hTERT_MSC_CMP12_StemProAdipogenesis_24hr	PRJNA744758	ATAC-seq	NextSeq 500	PAIRED
SRR15069472	SAMN20118092	20210106_HJZ079_RNA_1BD5_shSCR_techrep1_S1_R1_001	PRJNA744758	RNA-Seq	NextSeq 500	SINGLE
SRR15069473	SAMN20118091	20210106_HJZ080_RNA_1BD5_shSCR_techrep2_S2_R1_001	PRJNA744758	RNA-Seq	NextSeq 500	SINGLE
SRR15069478	SAMN20118082	20210106_HJZ085_RNA_3AA3_shDDIT3_techrep1_S7_R1_001	PRJNA744758	RNA-Seq	NextSeq 500	SINGLE
SRR15069481	SAMN20118013	20210322_HJZ088_RNA_hTERT_MSC_DMSO_base_techrep2_S2_R1_001	PRJNA744758	RNA-Seq	NextSeq 500	SINGLE
SRR15069492	SAMN20118097	20210322_HJZ099_RNA_AD_MSC_CMP12_base_techrep1_S13_R1_001	PRJNA744758	RNA-Seq	NextSeq 500	SINGLE
SRR15069500	SAMN20118043	20200813_HJZ052_RNA_402_shSCR_D7_S9_R1_001	PRJNA744758	RNA-Seq	NextSeq 500	SINGLE
SRR15069507	SAMN20118031	20190408_MLPS015_RNA_primary_644582-2_S8_R1_001	PRJNA744758	RNA-Seq	NextSeq 500	SINGLE
SRR15069508	SAMN20118030	20190408_MLPS016_RNA_primary_863419-8_S9_R1_001	PRJNA744758	RNA-Seq	NextSeq 500	SINGLE
SRR15069513	SAMN20118025	20190408_MLPS008_RNA_primary_532293-3	PRJNA744758	RNA-Seq	NextSeq 500	SINGLE
SRR15069515	SAMN20118023	20210309_HJZCR086_CandR_hTERT_MSC_DMSO_base_CEBPB_S2_aligned_reads	PRJNA744758	OTHER	NextSeq 500	PAIRED
SRR15069518	SAMN20118020	20210309_HJZCR089_CandR_hTERT_MSC_DMSO_StemProAdipogenesis_24hr_CEBPB_S1_aligned_reads	PRJNA744758	OTHER	NextSeq 500	PAIRED
SRR15069519	SAMN20118019	20210309_HJZCR090_CandR_hTERT_MSC_DMSO_StemProAdipogenesis_24hr_H3K27ac_S5_aligned_reads	PRJNA744758	OTHER	NextSeq 500	PAIRED
SRR15069528	SAMN20118102	20210309_HJZCR099_CandR_AD_MSC_DMSO_base_H3K27ac_S14_aligned_reads	PRJNA744758	OTHER	NextSeq 500	PAIRED
SRR15069529	SAMN20118101	20210309_HJZCR100_CandR_AD_MSC_DMSO_StemProAdipogenesis_24hr_BRG1_S15_aligned_reads	PRJNA744758	OTHER	NextSeq 500	PAIRED
SRR15069536	SAMN20118488	20210309_HJZCR107_CandR_AD_MSC_CMP12_StemProAdipogenesis_24hr_CEBPB_S21_aligned_reads	PRJNA744758	OTHER	NextSeq 500	PAIRED
SRR15069537	SAMN20118487	20210309_HJZCR108_CandR_AD_MSC_CMP12_StemProAdipogenesis_24hr_H3K27ac_S22_aligned_reads	PRJNA744758	OTHER	NextSeq 500	PAIRED
SRR15069538	SAMN20118486	20190920_ES002_RNA_primary_164216_3_S2_R1_001	PRJNA744758	RNA-Seq	NextSeq 500	SINGLE
SRR15069540	SAMN20118484	20190920_ES004_RNA_primary_249497_6_S4_R1_001	PRJNA744758	RNA-Seq	NextSeq 500	SINGLE
SRR15069542	SAMN20118482	20190920_ES006_RNA_primary_340291_1_S6_R1_001	PRJNA744758	RNA-Seq	NextSeq 500	SINGLE
SRR15069547	SAMN20118477	20190920_ES013_RNA_primary_844374_4_S13_R1_001	PRJNA744758	RNA-Seq	NextSeq 500	SINGLE
SRR15069412	SAMN20118430	20201216_HJZ065_3AA3_shSCR_ChIP_DDIT3_S9_R1_001	PRJNA744758	ChIP-Seq	NextSeq 500	SINGLE
SRR15069414	SAMN20118129	20201216_HJZ067_3AA3_shSCR_ChIP_H3K27ac_S11_R1_001	PRJNA744758	ChIP-Seq	NextSeq 500	SINGLE
SRR15069418	SAMN20118125	20201216_HJZ071_3AA3_shDDIT3_ChIP_CEBPB_S15_R1_001	PRJNA744758	ChIP-Seq	NextSeq 500	SINGLE
SRR15069420	SAMN20118123	20201217_HJZ073_1BD5_shSCR_INPUT_S8_R1_001	PRJNA744758	ChIP-Seq	NextSeq 500	SINGLE
SRR15069425	SAMN20118118	20201217_HJZ078_1BD5_shDDIT3_INPUT_S13_R1_001	PRJNA744758	ChIP-Seq	NextSeq 500	SINGLE
SRR15069429	SAMN20118114	20201217_HJZ082_1BD5_shDDIT3_ChIP_H3K27ac_S17_R1_001	PRJNA744758	ChIP-Seq	NextSeq 500	SINGLE
SRR15069430	SAMN20118113	20180801_HJZ001_ChIP_MLS1765_INPUT_S7_R1_001	PRJNA744758	ChIP-Seq	NextSeq 500	SINGLE
SRR15069433	SAMN20118110	20180801_HJZ004_ChIP_MLS1765_shSCR_0720_S10_R1_001	PRJNA744758	ChIP-Seq	NextSeq 500	SINGLE
SRR15069436	SAMN20118079	20180926_HJZ007_ChIP_DDIT3_MLS1765_shDDIT3_0706_S2_R1_001	PRJNA744758	ChIP-Seq	NextSeq 500	SINGLE
SRR15069437	SAMN20118078	20180926_HJZ008_ChIP_DDIT3_MLS1765_shSCR_0706_S3_R1_001	PRJNA744758	ChIP-Seq	NextSeq 500	SINGLE
SRR15069440	SAMN20118075	20190311_HJZ014_ChIPH3K27ac_MLS1765_shSCR_0706_S3_R1_001	PRJNA744758	ChIP-Seq	NextSeq 500	SINGLE
SRR15069445	SAMN20118058	20190311_HJZ019_ChIPCEBPB_MLS1765_shDDIT3_0706_S8_R1_001	PRJNA744758	ChIP-Seq	NextSeq 500	SINGLE
SRR15069446	SAMN20118057	20190311_HJZ020_ChIPH3K27ac_MLS1765_shDDIT3_0706_S9_R1_001	PRJNA744758	ChIP-Seq	NextSeq 500	SINGLE
SRR15069448	SAMN20118055	20190311_HJZ022_ChIPCEBPB_MLS1765_shDDIT3_0208_S11_R1_001	PRJNA744758	ChIP-Seq	NextSeq 500	SINGLE
SRR15069450	SAMN20118053	20200728_HJZ047_402_shSCR_D14_INPUT_S9_R1_001	PRJNA744758	ChIP-Seq	NextSeq 500	SINGLE
SRR15069455	SAMN20118048	20200729_HJZ062_402_shDDIT3_D14_CEBPB_S12_R1_001	PRJNA744758	ChIP-Seq	NextSeq 500	SINGLE
SRR15069459	SAMN20118439	20210209_HJZ023_ATAC_3AA3_shDDIT3	PRJNA744758	ATAC-seq	NextSeq 500	PAIRED
SRR15069461	SAMN20118437	20181015_HJZ013_ATAC_MLS1765_shDDIT3_0706	PRJNA744758	ATAC-seq	NextSeq 500	PAIRED
SRR15069462	SAMN20118436	20181015_HJZ015_ATAC_MLS1765_shSCR_0720	PRJNA744758	ATAC-seq	NextSeq 500	PAIRED
SRR15069468	SAMN20118086	20210318_HJZ030_ATAC_AD_MSC_DMSO_base	PRJNA744758	ATAC-seq	NextSeq 500	PAIRED
SRR15069469	SAMN20118085	20210318_HJZ031_ATAC_AD_MSC_DMSO_StemProAdipogenesis_24hr	PRJNA744758	ATAC-seq	NextSeq 500	PAIRED
SRR15069475	SAMN20118089	20210106_HJZ082_RNA_1BD5_shDDIT3_techrep2_S4_R1_001	PRJNA744758	RNA-Seq	NextSeq 500	SINGLE
SRR15069479	SAMN20118081	20210106_HJZ086_RNA_3AA3_shDDIT3_techrep2_S8_R1_001	PRJNA744758	RNA-Seq	NextSeq 500	SINGLE
SRR15069480	SAMN20118080	0210322_HJZ087_RNA_hTERT_MSC_DMSO_base_techrep1_S1_R1_001	PRJNA744758	RNA-Seq	NextSeq 500	SINGLE
SRR15069486	SAMN20118008	20210322_HJZ093_RNA_hTERT_MSC_CMP12_adipo_techrep1_S7_R1_001	PRJNA744758	RNA-Seq	NextSeq 500	SINGLE
SRR15069490	SAMN20118099	20210322_HJZ097_RNA_AD_MSC_DMSO_adipo_techrep1_S11_R1_001	PRJNA744758	RNA-Seq	NextSeq 500	SINGLE
SRR15069494	SAMN20118095	20210322_HJZ101_RNA_AD_MSC_CMP12_adipo_techrep1_S15_R1_001	PRJNA744758	RNA-Seq	NextSeq 500	SINGLE
SRR15069497	SAMN20118036	20200813_HJZ057_RNA_1765_shDDIT3_D14_rep1_S14_R1_001	PRJNA744758	RNA-Seq	NextSeq 500	SINGLE
SRR15069509	SAMN20118029	20190408_MLPS017_RNA_primary_1002476-4_S10_R1_001	PRJNA744758	RNA-Seq	NextSeq 500	SINGLE
SRR15069517	SAMN20118021	20210309_HJZCR088_CandR_hTERT_MSC_DMSO_StemProAdipogenesis_24hr_BRG1_S4_aligned_reads	PRJNA744758	OTHER	NextSeq 500	PAIRED
SRR15069523	SAMN20118107	20210309_HJZCR094_CandR_hTERT_MSC_CMP12_StemProAdipogenesis_24hr_BRG1_S9_aligned_reads	PRJNA744758	OTHER	NextSeq 500	PAIRED
SRR15069526	SAMN20118104	20210309_HJZCR097_CandR_AD_MSC_DMSO_base_BRG1_S12_aligned_reads	PRJNA744758	OTHER	NextSeq 500	PAIRED
SRR15069541	SAMN20118483	20190920_ES005_RNA_primary_289110_3_S5_R1_001	PRJNA744758	RNA-Seq	NextSeq 500	SINGLE
SRR15069543	SAMN20118481	20190920_ES007_RNA_primary_530104_6_S7_R1_001	PRJNA744758	RNA-Seq	NextSeq 500	SINGLE
SRR15069544	SAMN20118480	20190920_ES008_RNA_primary_664714_1_3_S8_R1_001	PRJNA744758	RNA-Seq	NextSeq 500	SINGLE
SRR15069545	SAMN20118479	20190920_ES011_RNA_primary_360114_2_S11_R1_001	PRJNA744758	RNA-Seq	NextSeq 500	SINGLE
SRR15069415	SAMN20118128	20201216_HJZ068_3AA3_shDDIT3_INPUT_S12_R1_001	PRJNA744758	ChIP-Seq	NextSeq 500	SINGLE
SRR15069426	SAMN20118117	20201217_HJZ079_1BD5_shDDIT3_ChIP_155_S14_R1_001	PRJNA744758	ChIP-Seq	NextSeq 500	SINGLE
SRR15069438	SAMN20118077	20190311_HJZ012_ChIP155_MLS1765_shSCR_0706_S1_R1_001	PRJNA744758	ChIP-Seq	NextSeq 500	SINGLE
SRR15069439	SAMN20118076	20190311_HJZ013_ChIPCEBPB_MLS1765_shSCR_0706_S2_R1_001	PRJNA744758	ChIP-Seq	NextSeq 500	SINGLE
SRR15069441	SAMN20118062	20190311_HJZ015_ChIP155_MLS1765_shSCR_0208_S4_R1_001	PRJNA744758	ChIP-Seq	NextSeq 500	SINGLE
SRR15069443	SAMN20118060	20190311_HJZ017_ChIPH3K27ac_MLS1765_shSCR_0208_S6_R1_001	PRJNA744758	ChIP-Seq	NextSeq 500	SINGLE
SRR15069453	SAMN20118050	20200728_HJZ050_402_shDDIT3_D14_ChIP_155_S12_R1_001	PRJNA744758	ChIP-Seq	NextSeq 500	SINGLE
SRR15069457	SAMN20118046	20210209_HJZ021_ATAC_1BD5_shDDIT3	PRJNA744758	ATAC-seq	NextSeq 500	PAIRED
SRR15069458	SAMN20118045	20210209_HJZ022_ATAC_3AA3_shSCR	PRJNA744758	ATAC-seq	NextSeq 500	PAIRED
SRR15069465	SAMN20118433	20210317_HJZ026_ATAC_hTERT_MSC_DMSO_StemProAdipogenesis_24hr	PRJNA744758	ATAC-seq	NextSeq 500	PAIRED
SRR15069470	SAMN20118094	20210318_HJZ032_ATAC_AD_MSC_CMP12_base	PRJNA744758	ATAC-seq	NextSeq 500	PAIRED
SRR15069477	SAMN20118083	20210106_HJZ084_RNA_3AA3_shSCR_techrep2_S6_R1_001	PRJNA744758	RNA-Seq	NextSeq 500	SINGLE
SRR15069484	SAMN20118010	20210322_HJZ091_RNA_hTERT_MSC_CMP12_base_techrep1_S5_R1_001	PRJNA744758	RNA-Seq	NextSeq 500	SINGLE
SRR15069489	SAMN20118100	20210322_HJZ096_RNA_AD_MSC_DMSO_base_techrep2_S10_R1_001	PRJNA744758	RNA-Seq	NextSeq 500	SINGLE
SRR15069491	SAMN20118098	20210322_HJZ098_RNA_AD_MSC_DMSO_adipo_techrep2_S12_R1_001	PRJNA744758	RNA-Seq	NextSeq 500	SINGLE
SRR15069495	SAMN20118044	20210322_HJZ102_RNA_AD_MSC_CMP12_adipo_techrep2_S16_R1_001	PRJNA744758	RNA-Seq	NextSeq 500	SINGLE
SRR15069498	SAMN20118035	20200813_HJZ058_RNA_1765_shSCR_D14_rep2_S15_R1_001	PRJNA744758	RNA-Seq	NextSeq 500	SINGLE
SRR15069499	SAMN20118034	20200813_HJZ059_RNA_1765_shDDIT3_D14_rep2_S16_R1_001	PRJNA744758	RNA-Seq	NextSeq 500	SINGLE
SRR15069502	SAMN20118041	20190408_MLPS003_RNA_primary_45283-8_S2_R1_001	PRJNA744758	RNA-Seq	NextSeq 500	SINGLE
SRR15069503	SAMN20118040	20190408_MLPS007_RNA_primary_904851-7_S3_R1_001	PRJNA744758	RNA-Seq	NextSeq 500	SINGLE
SRR15069505	SAMN20118033	20190408_MLPS012_RNA_primary_768695-1_S6_R1_001	PRJNA744758	RNA-Seq	NextSeq 500	SINGLE
SRR15069512	SAMN20118026	20190408_MLPS001_RNA_primary_134580-8	PRJNA744758	RNA-Seq	NextSeq 500	SINGLE
SRR15069516	SAMN20118022	20210309_HJZCR087_CandR_hTERT_MSC_DMSO_base_H3K27ac_S3_aligned_reads	PRJNA744758	OTHER	NextSeq 500	PAIRED
SRR15069522	SAMN20118016	20210309_HJZCR093_CandR_hTERT_MSC_CMP12_base_H3K27ac_S8_aligned_reads	PRJNA744758	OTHER	NextSeq 500	PAIRED
SRR15069527	SAMN20118103	20210309_HJZCR098_CandR_AD_MSC_DMSO_base_CEBPB_S13_aligned_reads	PRJNA744758	OTHER	NextSeq 500	PAIRED
SRR15069531	SAMN20118014	20210309_HJZCR102_CandR_AD_MSC_DMSO_StemProAdipogenesis_24hr_H3K27ac_S17_aligned_reads	PRJNA744758	OTHER	NextSeq 500	PAIRED
SRR15069532	SAMN20118492	20210309_HJZCR103_CandR_AD_MSC_CMP12_base_BRG1_S18_aligned_reads	PRJNA744758	OTHER	NextSeq 500	PAIRED
